measure,location,sex,age,cause,metric,year,val,upper,lower
Deaths,Global,Both,All ages,Gallbladder and biliary tract cancer,Number,1980,77848.90647270324,86781.06347299632,71748.77724350146
Deaths,Global,Both,All ages,Pancreatic cancer,Number,1980,164723.0120538587,175366.98434016458,155114.5054110756
Deaths,Global,Both,All ages,Malignant skin melanoma,Number,1980,23886.20643778895,26246.056981783873,21882.421526966176
Deaths,Global,Both,All ages,Non-melanoma skin cancer,Number,1980,17739.906711749514,19845.713002647066,15825.84720492781
Deaths,Global,Both,All ages,Ovarian cancer,Number,1980,85105.70783769272,94834.8296432997,77545.33878392914
Deaths,Global,Both,All ages,Testicular cancer,Number,1980,6991.741582454507,8034.794458705352,6141.94951819176
Deaths,Global,Both,All ages,Kidney cancer,Number,1980,59849.60169906651,64605.56472850605,55717.19149416738
Deaths,Global,Both,All ages,Bladder cancer,Number,1980,95688.8636264104,104656.35923119207,88832.7027910892
Deaths,Global,Both,All ages,Brain and central nervous system cancer,Number,1980,115360.12131142546,131679.24505261736,99711.31203813969
Deaths,Global,Both,All ages,Thyroid cancer,Number,1980,19701.64001373407,22089.364700641778,17207.54565390969
Deaths,Global,Both,All ages,Mesothelioma,Number,1980,11217.022894046446,12676.186043220385,9958.270165592
Deaths,Global,Both,All ages,Hodgkin lymphoma,Number,1980,29824.849433290703,34995.97598132851,23283.775274994114
Deaths,Global,Both,All ages,Non-Hodgkin lymphoma,Number,1980,105237.29193784404,117081.17549331997,94139.83933214429
Deaths,Global,Both,All ages,Multiple myeloma,Number,1980,35014.942151759824,37650.547714423046,32691.982083242227
Deaths,Global,Both,All ages,Leukemia,Number,1980,235487.6688755275,262717.6371127524,201129.25971226583
Deaths,Global,Both,All ages,Other malignant neoplasms,Number,1980,129572.33235315536,150452.65982257802,111585.38480231231
Deaths,Global,Both,All ages,Other neoplasms,Number,1980,39655.13929998107,45278.72808146492,34438.76669401436
Deaths,Global,Both,All ages,Eye cancer,Number,1980,8595.344365994571,14957.480824402961,5737.249603422215
Deaths,Global,Both,All ages,Soft tissue and other extraosseous sarcomas,Number,1980,25902.269122896843,33022.593139267046,20878.174264025438
Deaths,Global,Both,All ages,Malignant neoplasm of bone and articular cartilage,Number,1980,36788.94736332985,44394.87732273516,30828.61602351699
Deaths,Global,Both,All ages,Neuroblastoma and other peripheral nervous cell tumors,Number,1980,2921.167379110242,3532.315096333456,2410.324614351149
Deaths,Global,Both,All ages,Gallbladder and biliary tract cancer,Number,1983,84660.82217751862,93330.3868555063,78136.98125166839
Deaths,Global,Both,All ages,Pancreatic cancer,Number,1983,177158.87960969354,189956.17215638142,166822.56893815796
Deaths,Global,Both,All ages,Malignant skin melanoma,Number,1983,25845.05548633003,28485.498076121476,23757.89405090783
Deaths,Global,Both,All ages,Non-melanoma skin cancer,Number,1983,19312.969967589528,21723.419521751868,17078.762750070662
Deaths,Global,Both,All ages,Ovarian cancer,Number,1983,90340.31964322092,100536.35246075588,82757.37787960168
Deaths,Global,Both,All ages,Testicular cancer,Number,1983,7079.123134541878,8406.673889783562,6146.699469522207
Deaths,Global,Both,All ages,Kidney cancer,Number,1983,64931.13159313204,70368.12291173043,60062.66096408772
Deaths,Global,Both,All ages,Bladder cancer,Number,1983,101581.94688191704,110206.92962332795,94774.67587912088
Deaths,Global,Both,All ages,Brain and central nervous system cancer,Number,1983,120998.09133202105,138370.97481903515,105259.68949497711
Deaths,Global,Both,All ages,Thyroid cancer,Number,1983,20647.39920477227,23056.98850940321,18185.590290843746
Deaths,Global,Both,All ages,Mesothelioma,Number,1983,11797.837592019076,13477.850372946914,10529.77250063616
Deaths,Global,Both,All ages,Hodgkin lymphoma,Number,1983,29640.60041728818,34780.50546851867,23032.167268471858
Deaths,Global,Both,All ages,Non-Hodgkin lymphoma,Number,1983,115082.66402219649,127910.75539795579,104485.96283154578
Deaths,Global,Both,All ages,Multiple myeloma,Number,1983,38614.52502611775,41682.67360063263,35894.42549327804
Deaths,Global,Both,All ages,Leukemia,Number,1983,241961.3957424868,273119.5518576626,210381.0346305391
Deaths,Global,Both,All ages,Other malignant neoplasms,Number,1983,135088.7999075449,154448.0843687689,117796.55950784053
Deaths,Global,Both,All ages,Other neoplasms,Number,1983,42447.413763896664,48875.80740532879,36776.985077114405
Deaths,Global,Both,All ages,Eye cancer,Number,1983,8650.186032466803,15971.595306626838,5744.526604039195
Deaths,Global,Both,All ages,Soft tissue and other extraosseous sarcomas,Number,1983,27293.530319745736,35217.11199781006,21692.30470374173
Deaths,Global,Both,All ages,Malignant neoplasm of bone and articular cartilage,Number,1983,36966.73179994896,43971.780015604105,30264.335878364527
Deaths,Global,Both,All ages,Neuroblastoma and other peripheral nervous cell tumors,Number,1983,3054.400733288376,3740.9880313493945,2496.4843841152574
Deaths,Global,Both,All ages,Gallbladder and biliary tract cancer,Number,1986,91251.25913205423,100359.31903279804,83803.94602050925
Deaths,Global,Both,All ages,Pancreatic cancer,Number,1986,193515.37880682165,206007.34464129127,180765.17471971188
Deaths,Global,Both,All ages,Malignant skin melanoma,Number,1986,28662.469560267913,31418.367336646043,26285.956745462
Deaths,Global,Both,All ages,Non-melanoma skin cancer,Number,1986,21063.10054816261,23742.396235138112,18878.022150431756
Deaths,Global,Both,All ages,Ovarian cancer,Number,1986,96574.02075078727,106095.42317689172,88436.33057006441
Deaths,Global,Both,All ages,Testicular cancer,Number,1986,7273.738699253567,8895.564325393234,6253.616712336327
Deaths,Global,Both,All ages,Kidney cancer,Number,1986,71069.27483236066,77463.69936850165,65673.91245037976
Deaths,Global,Both,All ages,Bladder cancer,Number,1986,109034.57627242425,117812.61543183343,100896.8514811917
Deaths,Global,Both,All ages,Brain and central nervous system cancer,Number,1986,128026.65571463846,146139.0095624068,110493.86822254764
Deaths,Global,Both,All ages,Thyroid cancer,Number,1986,21658.687230282758,24406.0390975127,18914.31336987957
Deaths,Global,Both,All ages,Mesothelioma,Number,1986,12433.713344469228,13929.19992544336,11242.30165846563
Deaths,Global,Both,All ages,Hodgkin lymphoma,Number,1986,29682.997225743908,35438.63728072194,22685.032139110728
Deaths,Global,Both,All ages,Non-Hodgkin lymphoma,Number,1986,127854.40188251472,142868.80375329911,116242.56738916047
Deaths,Global,Both,All ages,Multiple myeloma,Number,1986,42680.484857368574,46484.742180665584,39551.51280612437
Deaths,Global,Both,All ages,Leukemia,Number,1986,252695.46462004023,279505.88710079377,220258.5537499085
Deaths,Global,Both,All ages,Other malignant neoplasms,Number,1986,141589.38104269237,161017.97980101098,124398.65606677259
Deaths,Global,Both,All ages,Other neoplasms,Number,1986,46463.875608707494,53532.946792606555,40288.393424313595
Deaths,Global,Both,All ages,Eye cancer,Number,1986,9160.234936358527,17497.761549904528,6090.438727367842
Deaths,Global,Both,All ages,Soft tissue and other extraosseous sarcomas,Number,1986,28902.866781798475,38708.14323871582,23052.290875659575
Deaths,Global,Both,All ages,Malignant neoplasm of bone and articular cartilage,Number,1986,38421.91129846564,47181.495628478304,31005.69345510378
Deaths,Global,Both,All ages,Neuroblastoma and other peripheral nervous cell tumors,Number,1986,3242.563102640888,3995.6720955319965,2665.8765019878324
Deaths,Global,Both,All ages,Esophageal cancer,Number,1980,291659.59220231435,340785.4909323391,249156.62560957152
Deaths,Global,Both,All ages,Stomach cancer,Number,1980,804174.6176208261,942741.9843008099,689676.0176313889
Deaths,Global,Both,All ages,Liver cancer,Number,1980,248604.48782895313,307032.3502667384,195152.29292397984
Deaths,Global,Both,All ages,Larynx cancer,Number,1980,63706.962860251886,72330.91002964907,56607.85778039701
Deaths,Global,Both,All ages,"Tracheal, bronchus, and lung cancer",Number,1980,800328.1832017052,899010.3879523043,747281.247474531
Deaths,Global,Both,All ages,Breast cancer,Number,1980,285936.19203547365,312671.23921850615,267144.9836019143
Deaths,Global,Both,All ages,Cervical cancer,Number,1980,194653.9775670933,252719.88069033093,145647.0925307388
Deaths,Global,Both,All ages,Uterine cancer,Number,1980,51487.68996742968,60713.85163331312,43708.14483516569
Deaths,Global,Both,All ages,Prostate cancer,Number,1980,152034.40523704275,166681.82333523856,138185.2530185782
Deaths,Global,Both,All ages,Colon and rectum cancer,Number,1980,444196.0443595481,469891.375829717,417518.2986561648
Deaths,Global,Both,All ages,Lip and oral cavity cancer,Number,1980,75179.54512239069,86791.90164161468,66916.6886081037
Deaths,Global,Both,All ages,Nasopharynx cancer,Number,1980,47748.00875846753,58275.555858506705,38898.34117923915
Deaths,Global,Both,All ages,Other pharynx cancer,Number,1980,31453.98431672842,38715.768958408844,26492.994519917596
Deaths,Global,Both,All ages,Esophageal cancer,Number,1983,305474.2930792206,358766.4154515023,262553.2969314266
Deaths,Global,Both,All ages,Stomach cancer,Number,1983,824098.0577057756,965714.8319194907,711540.7339518195
Deaths,Global,Both,All ages,Liver cancer,Number,1983,241677.09582135177,290322.4638017364,197791.1700274248
Deaths,Global,Both,All ages,Larynx cancer,Number,1983,67039.09592455011,75579.08483864942,59557.36517424526
Deaths,Global,Both,All ages,"Tracheal, bronchus, and lung cancer",Number,1983,863547.3645629633,959076.7309140945,811238.6643761394
Deaths,Global,Both,All ages,Breast cancer,Number,1983,305812.6035087903,333390.85924876353,285167.1058109737
Deaths,Global,Both,All ages,Cervical cancer,Number,1983,198275.7245157067,251697.33541998133,150036.37456872736
Deaths,Global,Both,All ages,Uterine cancer,Number,1983,53291.00840055344,62149.81758859035,45184.42000489099
Deaths,Global,Both,All ages,Prostate cancer,Number,1983,165923.4686588244,181626.7947565866,151493.2233526238
Deaths,Global,Both,All ages,Colon and rectum cancer,Number,1983,474225.4682643077,506269.88719743607,447241.8551231605
Deaths,Global,Both,All ages,Lip and oral cavity cancer,Number,1983,79421.20419910118,91346.96371673561,70924.94418164088
Deaths,Global,Both,All ages,Nasopharynx cancer,Number,1983,50383.28170074167,60645.51631713796,41401.27370436182
Deaths,Global,Both,All ages,Other pharynx cancer,Number,1983,34244.008195338836,41731.017991593144,28680.8137122369
Deaths,Global,Both,All ages,Esophageal cancer,Number,1986,324737.67623312015,365386.1685781212,277707.44711685786
Deaths,Global,Both,All ages,Stomach cancer,Number,1986,832816.643272129,961255.7619979652,730131.9011118227
Deaths,Global,Both,All ages,Liver cancer,Number,1986,237002.05492795672,274799.5098556637,203605.45648095227
Deaths,Global,Both,All ages,Larynx cancer,Number,1986,71752.04664198698,81485.24082138618,63707.6300129757
Deaths,Global,Both,All ages,"Tracheal, bronchus, and lung cancer",Number,1986,945960.0686695408,1052589.126312507,890640.7157772838
Deaths,Global,Both,All ages,Breast cancer,Number,1986,332161.04161397787,362424.22954490385,309487.0821859772
Deaths,Global,Both,All ages,Cervical cancer,Number,1986,202603.4841585824,250933.73464823884,157248.4167257399
Deaths,Global,Both,All ages,Gallbladder and biliary tract cancer,Number,1982,81320.0324984044,89738.2447540974,75143.35207712068
Deaths,Global,Both,All ages,Pancreatic cancer,Number,1982,171664.57249295543,183178.67501269124,162174.28837466956
Deaths,Global,Both,All ages,Malignant skin melanoma,Number,1982,25166.591061847514,27714.749483603737,23031.70569826001
Deaths,Global,Both,All ages,Non-melanoma skin cancer,Number,1982,18637.37439516273,20923.660925322038,16553.079218357307
Deaths,Global,Both,All ages,Ovarian cancer,Number,1982,88073.08890750982,98206.57472241668,80321.85140168981
Deaths,Global,Both,All ages,Testicular cancer,Number,1982,7057.248455723624,8296.170597168271,6153.2608269523325
Deaths,Global,Both,All ages,Kidney cancer,Number,1982,62748.97456174146,68060.69893507652,58108.90897848704
Deaths,Global,Both,All ages,Bladder cancer,Number,1982,99110.6203446762,107343.77097014022,92301.43136728184
Deaths,Global,Both,All ages,Brain and central nervous system cancer,Number,1982,118534.74588877367,135448.77819496937,103326.30667474715
Deaths,Global,Both,All ages,Thyroid cancer,Number,1982,20307.0258900772,22796.06965611283,17873.56693037809
Deaths,Global,Both,All ages,Mesothelioma,Number,1982,11511.62519954477,13129.753732981888,10264.544963306093
Deaths,Global,Both,All ages,Hodgkin lymphoma,Number,1982,29511.82126341078,34590.68335463741,22939.57274485428
Deaths,Global,Both,All ages,Non-Hodgkin lymphoma,Number,1982,111221.20560057381,123352.70837878545,100242.2661939419
Deaths,Global,Both,All ages,Multiple myeloma,Number,1982,36923.68072247414,39757.558205644345,34360.1753805145
Deaths,Global,Both,All ages,Leukemia,Number,1982,238545.4086858525,267741.7154201855,206860.15431935273
Deaths,Global,Both,All ages,Other malignant neoplasms,Number,1982,132801.70717559865,153380.81185626946,115456.56895035686
Deaths,Global,Both,All ages,Other neoplasms,Number,1982,41219.963174525365,47205.774706091186,35759.28912118881
Deaths,Global,Both,All ages,Esophageal cancer,Number,1982,300859.67131498316,347444.3470344084,254707.77463457856
Deaths,Global,Both,All ages,Stomach cancer,Number,1982,813193.6881017736,941568.5402920095,700080.2221083194
Deaths,Global,Both,All ages,Liver cancer,Number,1982,241911.24719486915,292097.634286589,197209.4570390049
Deaths,Global,Both,All ages,Larynx cancer,Number,1982,65413.008471707515,73847.64538713002,58119.07001394317
Deaths,Global,Both,All ages,"Tracheal, bronchus, and lung cancer",Number,1982,837352.1975739,932925.9129411932,786085.8552114625
Deaths,Global,Both,All ages,Breast cancer,Number,1982,298095.042156223,325805.3405949421,278342.73738667864
Deaths,Global,Both,All ages,Cervical cancer,Number,1982,196416.12388556992,250847.50854040962,148487.48019176244
Deaths,Global,Both,All ages,Uterine cancer,Number,1986,54749.510839778304,63134.213070954145,46620.09649666774
Deaths,Global,Both,All ages,Prostate cancer,Number,1986,185209.23642948075,201808.7438345394,168001.2296346991
Deaths,Global,Both,All ages,Colon and rectum cancer,Number,1986,514425.62839214277,547324.068738716,482853.88728737144
Deaths,Global,Both,All ages,Lip and oral cavity cancer,Number,1986,86205.88088573691,99079.65671428574,77162.27529644888
Deaths,Global,Both,All ages,Nasopharynx cancer,Number,1986,53920.24744238539,63456.37384731578,45023.582094307094
Deaths,Global,Both,All ages,Other pharynx cancer,Number,1986,37837.31428713822,45889.629025262446,31935.32373580899
Deaths,Global,Both,All ages,Eye cancer,Number,1982,8554.172066481418,15023.817502231668,5683.999174537858
Deaths,Global,Both,All ages,Soft tissue and other extraosseous sarcomas,Number,1982,26733.535445791244,34736.0983607524,21275.802119282824
Deaths,Global,Both,All ages,Malignant neoplasm of bone and articular cartilage,Number,1982,36514.02688993092,43302.83540972239,30079.79025485209
Deaths,Global,Both,All ages,Neuroblastoma and other peripheral nervous cell tumors,Number,1982,2997.6464473850606,3650.5717266226534,2468.374988730624
Deaths,Global,Both,All ages,Uterine cancer,Number,1982,52195.6869521964,60734.0790727843,44050.15926972984
Deaths,Global,Both,All ages,Prostate cancer,Number,1982,159247.0525158874,174443.8224081254,145848.9648190575
Deaths,Global,Both,All ages,Colon and rectum cancer,Number,1982,460732.0015349414,489658.873518695,434753.3770155422
Deaths,Global,Both,All ages,Lip and oral cavity cancer,Number,1982,77554.19197362183,88999.87605798976,69059.49230276498
Deaths,Global,Both,All ages,Nasopharynx cancer,Number,1982,49514.28837360272,60227.077621478595,40750.31796077753
Deaths,Global,Both,All ages,Other pharynx cancer,Number,1982,33074.82280052932,40930.32212636233,27779.683789917286
Deaths,Global,Both,All ages,Gallbladder and biliary tract cancer,Number,1985,89189.79613842836,98276.77986495585,81909.17882398274
Deaths,Global,Both,All ages,Pancreatic cancer,Number,1985,188647.16579856985,202187.0181892542,176818.70553350853
Deaths,Global,Both,All ages,Malignant skin melanoma,Number,1985,27838.960550508953,30510.732943590076,25587.46390093875
Deaths,Global,Both,All ages,Non-melanoma skin cancer,Number,1985,20619.197991046534,22868.773723313116,18511.463267424755
Deaths,Global,Both,All ages,Ovarian cancer,Number,1985,94587.41322524437,104541.89563920765,86421.4108582443
Deaths,Global,Both,All ages,Testicular cancer,Number,1985,7219.577141916444,8705.616104825292,6209.552026761641
Deaths,Global,Both,All ages,Kidney cancer,Number,1985,69831.20755841985,75761.95488392685,64704.40549157107
Deaths,Global,Both,All ages,Bladder cancer,Number,1985,106922.16640098712,115031.73974397767,99094.80640895221
Deaths,Global,Both,All ages,Brain and central nervous system cancer,Number,1985,126066.06184186855,143715.44616623895,109852.01091269363
Deaths,Global,Both,All ages,Thyroid cancer,Number,1985,21321.121034632284,23853.868767637374,18659.737029070842
Deaths,Global,Both,All ages,Mesothelioma,Number,1985,12283.030991526595,13861.441100471302,11074.774178234438
Deaths,Global,Both,All ages,Hodgkin lymphoma,Number,1985,29813.11403665824,35245.40345166428,22884.531836071314
Deaths,Global,Both,All ages,Non-Hodgkin lymphoma,Number,1985,123771.51339964676,137984.9981139576,112858.12464179918
Deaths,Global,Both,All ages,Multiple myeloma,Number,1985,41564.70020013633,45105.2463300402,38534.414286797706
Deaths,Global,Both,All ages,Leukemia,Number,1985,250353.13839110534,276479.80403927626,218816.28908395825
Deaths,Global,Both,All ages,Other malignant neoplasms,Number,1985,140265.58178964534,161392.59450326985,123406.78210313336
Deaths,Global,Both,All ages,Other neoplasms,Number,1985,45519.77035376337,52361.33138352698,39593.09333209617
Deaths,Global,Both,All ages,Eye cancer,Number,1985,8993.186469999084,16487.742564225853,5994.435836622614
Deaths,Global,Both,All ages,Soft tissue and other extraosseous sarcomas,Number,1985,28553.168018218374,37161.91764327692,22653.659879055784
Deaths,Global,Both,All ages,Malignant neoplasm of bone and articular cartilage,Number,1985,38326.619449607104,46988.67004905911,30973.931427603362
Deaths,Global,Both,All ages,Neuroblastoma and other peripheral nervous cell tumors,Number,1985,3188.989059933074,3919.046436229677,2620.6791229935666
Deaths,Global,Both,All ages,Esophageal cancer,Number,1985,316016.9913702094,362812.16178660473,271929.9506791924
Deaths,Global,Both,All ages,Stomach cancer,Number,1985,827304.9880148282,968786.6359577398,719610.0927258393
Deaths,Global,Both,All ages,Liver cancer,Number,1985,237383.32524024232,281823.3935913055,199755.21645360696
Deaths,Global,Both,All ages,Larynx cancer,Number,1985,70746.18806056809,80048.28687113732,63075.614723355866
Deaths,Global,Both,All ages,"Tracheal, bronchus, and lung cancer",Number,1985,927559.9352221686,1033495.7609156506,873702.6242528197
Deaths,Global,Both,All ages,Breast cancer,Number,1985,324529.13254593045,356263.45327479247,302054.0537109153
Deaths,Global,Both,All ages,Cervical cancer,Number,1985,201172.51758266028,251680.23528050023,155170.33251516588
Deaths,Global,Both,All ages,Uterine cancer,Number,1985,54348.50220262595,63065.77555031186,46166.31047634554
Deaths,Global,Both,All ages,Prostate cancer,Number,1985,179018.65808077288,194842.94490013155,162704.77389070354
Deaths,Global,Both,All ages,Colon and rectum cancer,Number,1985,502629.03142459533,536647.080918042,472613.967821954
Deaths,Global,Both,All ages,Lip and oral cavity cancer,Number,1985,84096.87577252486,96493.29056508203,75081.43579536375
Deaths,Global,Both,All ages,Nasopharynx cancer,Number,1985,52299.946051307634,61441.81636077073,43363.78232470246
Deaths,Global,Both,All ages,Other pharynx cancer,Number,1985,36625.48697632422,43883.42855943316,31092.393919101167
Deaths,Global,Both,All ages,Gallbladder and biliary tract cancer,Number,1984,86701.72126477463,95767.00698901074,79765.69261784315
Deaths,Global,Both,All ages,Pancreatic cancer,Number,1984,182310.3875496226,196463.1081052487,170950.49267966664
Deaths,Global,Both,All ages,Malignant skin melanoma,Number,1984,26800.661078205598,29456.31918965204,24667.787509800044
Deaths,Global,Both,All ages,Non-melanoma skin cancer,Number,1984,19990.278205289713,22233.01416721695,17861.416262132545
Deaths,Global,Both,All ages,Ovarian cancer,Number,1984,92185.67456378575,102381.91477987172,84554.88805487838
Deaths,Global,Both,All ages,Testicular cancer,Number,1984,7120.373511770334,8593.226588039948,6152.879180698084
Deaths,Global,Both,All ages,Kidney cancer,Number,1984,67384.85057547722,73010.94042175972,62333.06300214331
Deaths,Global,Both,All ages,Bladder cancer,Number,1984,103485.71128949123,112002.90805604636,96249.11061034337
Deaths,Global,Both,All ages,Brain and central nervous system cancer,Number,1984,123511.11633421341,141324.29594209522,107787.3719029888
Deaths,Global,Both,All ages,Thyroid cancer,Number,1984,20889.877619463437,23260.94211306737,18282.85145282857
Deaths,Global,Both,All ages,Mesothelioma,Number,1984,11909.982931165507,13512.936577706321,10654.196593535582
Deaths,Global,Both,All ages,Hodgkin lymphoma,Number,1984,29795.323406484964,35093.82966885377,23018.47480200028
Deaths,Global,Both,All ages,Non-Hodgkin lymphoma,Number,1984,119156.02114975682,132333.39386163582,108394.64731859302
Deaths,Global,Both,All ages,Multiple myeloma,Number,1984,39921.82000326456,43116.37815732334,37030.90316172293
Deaths,Global,Both,All ages,Leukemia,Number,1984,245849.91268855138,273763.52298829873,214422.9850489826
Deaths,Global,Both,All ages,Other malignant neoplasms,Number,1984,137632.85901491257,157928.8044423346,120491.6284487174
Deaths,Global,Both,All ages,Other neoplasms,Number,1984,43857.818626953725,50554.049693968285,38049.747389228156
Deaths,Global,Both,All ages,Gallbladder and biliary tract cancer,Number,1981,79347.5240201346,87845.96959268546,73382.82577952623
Deaths,Global,Both,All ages,Pancreatic cancer,Number,1981,168070.88585411126,178953.43732177894,158726.60081843042
Deaths,Global,Both,All ages,Malignant skin melanoma,Number,1981,24570.35815305788,27075.875177722548,22522.177304082787
Deaths,Global,Both,All ages,Non-melanoma skin cancer,Number,1981,18087.437453335395,20228.36789686732,16128.927475606604
Deaths,Global,Both,All ages,Ovarian cancer,Number,1981,86577.48680063005,96228.51232739737,78789.43027073286
Deaths,Global,Both,All ages,Testicular cancer,Number,1981,7036.631229797196,8155.961142770573,6164.830871097338
Deaths,Global,Both,All ages,Kidney cancer,Number,1981,60990.016580441996,65912.81673014372,56612.696963647264
Deaths,Global,Both,All ages,Bladder cancer,Number,1981,97447.85244469109,106596.53270097043,90878.58475149903
Deaths,Global,Both,All ages,Brain and central nervous system cancer,Number,1981,117152.40959222526,133496.4698598852,101405.77579230769
Deaths,Global,Both,All ages,Thyroid cancer,Number,1981,19956.206151613365,22516.211672336125,17556.78802501748
Deaths,Global,Both,All ages,Mesothelioma,Number,1981,11361.295503989326,12896.641655914369,10076.26332440203
Deaths,Global,Both,All ages,Hodgkin lymphoma,Number,1981,29787.94685768214,34935.59164702679,23220.22430402729
Deaths,Global,Both,All ages,Non-Hodgkin lymphoma,Number,1981,107880.20362838544,119399.49134678784,96748.97960384814
Deaths,Global,Both,All ages,Multiple myeloma,Number,1981,35859.61319705153,38545.229295101184,33455.35270987221
Deaths,Global,Both,All ages,Leukemia,Number,1981,236972.46427319106,265590.4579009395,203224.60602127775
Deaths,Global,Both,All ages,Other malignant neoplasms,Number,1981,131285.6008277966,152758.71316263615,113371.27054773524
Deaths,Global,Both,All ages,Other neoplasms,Number,1981,40303.72619146877,45940.705665516776,35039.63967452918
Deaths,Global,Both,All ages,Eye cancer,Number,1984,8798.40934150194,15973.283445193672,5863.600176644387
Deaths,Global,Both,All ages,Soft tissue and other extraosseous sarcomas,Number,1984,28018.19402148243,36463.499429185715,22240.963796768894
Deaths,Global,Both,All ages,Malignant neoplasm of bone and articular cartilage,Number,1984,37616.168600362296,45238.58881863486,30628.714849640313
Deaths,Global,Both,All ages,Neuroblastoma and other peripheral nervous cell tumors,Number,1984,3122.893410167337,3859.498661628298,2559.2904630547932
Deaths,Global,Both,All ages,Eye cancer,Number,1981,8518.25857654199,15071.531137600978,5660.775732932483
Deaths,Global,Both,All ages,Soft tissue and other extraosseous sarcomas,Number,1981,26310.14280008371,33690.86507186221,21039.89174620888
Deaths,Global,Both,All ages,Malignant neoplasm of bone and articular cartilage,Number,1981,36671.10207241202,43904.72454233036,30388.576569708268
Deaths,Global,Both,All ages,Neuroblastoma and other peripheral nervous cell tumors,Number,1981,2960.0625776939564,3615.9058301349064,2444.2041829886834
Deaths,Global,Both,All ages,Esophageal cancer,Number,1981,296252.0695331524,343015.86927363125,248929.94513611117
Deaths,Global,Both,All ages,Stomach cancer,Number,1981,808374.6567148581,945185.1990686395,692058.3799708734
Deaths,Global,Both,All ages,Liver cancer,Number,1981,243646.93588450542,297933.76586592157,193218.7503310727
Deaths,Global,Both,All ages,Larynx cancer,Number,1981,64404.45618774171,72598.62462899793,57177.48298111742
Deaths,Global,Both,All ages,"Tracheal, bronchus, and lung cancer",Number,1981,817702.1291806754,909729.6472374252,765200.7309610884
Deaths,Global,Both,All ages,Breast cancer,Number,1981,292142.9265950214,318210.91717719357,273150.2035710219
Deaths,Global,Both,All ages,Cervical cancer,Number,1981,194988.77969700014,251844.35604566286,147339.6119516086
Deaths,Global,Both,All ages,Uterine cancer,Number,1981,51869.37079215866,60443.24444272313,44004.9440572861
Deaths,Global,Both,All ages,Prostate cancer,Number,1981,155569.98068558425,169989.90599009223,141619.26036487555
Deaths,Global,Both,All ages,Colon and rectum cancer,Number,1981,452553.1495044843,479611.15888781025,427646.01656197925
Deaths,Global,Both,All ages,Lip and oral cavity cancer,Number,1981,76109.70487766227,87724.2067485739,67812.73152911126
Deaths,Global,Both,All ages,Nasopharynx cancer,Number,1981,48567.08713543448,58731.71237429177,39812.84695711348
Deaths,Global,Both,All ages,Other pharynx cancer,Number,1981,32135.16788640099,39581.013569555595,26943.15512721508
Deaths,Global,Both,All ages,Gallbladder and biliary tract cancer,Number,1989,98821.36547291311,109920.1350731479,90536.12101102705
Deaths,Global,Both,All ages,Pancreatic cancer,Number,1989,213398.16524551608,226986.36128333022,199303.6368892169
Deaths,Global,Both,All ages,Malignant skin melanoma,Number,1989,31439.054607496288,34443.09898218649,28799.28124236242
Deaths,Global,Both,All ages,Non-melanoma skin cancer,Number,1989,22892.67835448646,25705.589515997708,20526.76648264346
Deaths,Global,Both,All ages,Ovarian cancer,Number,1989,103443.18289063954,113770.79788485916,93844.11145598967
Deaths,Global,Both,All ages,Testicular cancer,Number,1989,7583.917394119294,9272.155423952345,6414.180468816459
Deaths,Global,Both,All ages,Kidney cancer,Number,1989,77934.5392351186,84395.69651014691,71598.12548749248
Deaths,Global,Both,All ages,Bladder cancer,Number,1989,118492.18985357066,127164.46650964854,110466.3411412487
Deaths,Global,Both,All ages,Brain and central nervous system cancer,Number,1989,140392.71479531116,159580.51300042652,119922.75702374632
Deaths,Global,Both,All ages,Thyroid cancer,Number,1989,23150.960417107737,26315.15212653176,20378.143336093108
Deaths,Global,Both,All ages,Mesothelioma,Number,1989,13213.627040071617,14939.21122923371,11893.578693211366
Deaths,Global,Both,All ages,Hodgkin lymphoma,Number,1989,30093.400317013296,36228.81284684505,22886.19729912479
Deaths,Global,Both,All ages,Non-Hodgkin lymphoma,Number,1989,143184.23915020147,158687.76469959537,129868.2537556035
Deaths,Global,Both,All ages,Multiple myeloma,Number,1989,47028.977697510025,50789.11716713056,43652.17711046855
Deaths,Global,Both,All ages,Leukemia,Number,1989,266770.55054672505,296845.4774292675,232455.7147313468
Deaths,Global,Both,All ages,Other malignant neoplasms,Number,1989,151119.83630750552,170225.48697198567,135224.14684722017
Deaths,Global,Both,All ages,Other neoplasms,Number,1989,51751.298633457714,59530.08933026059,44402.79161668816
Deaths,Global,Both,All ages,Gallbladder and biliary tract cancer,Number,1992,105750.68169687898,117639.82029160902,96722.77045504369
Deaths,Global,Both,All ages,Pancreatic cancer,Number,1992,232211.3541138733,244885.4849311465,217587.55666678163
Deaths,Global,Both,All ages,Malignant skin melanoma,Number,1992,34181.92985802893,37448.187478708074,31111.096985578588
Deaths,Global,Both,All ages,Non-melanoma skin cancer,Number,1992,24489.619916935768,27289.00260285474,22106.126875950624
Deaths,Global,Both,All ages,Ovarian cancer,Number,1992,111123.3067567124,122574.64536645256,100982.25280386135
Deaths,Global,Both,All ages,Testicular cancer,Number,1992,7839.80743268304,9628.278020987864,6516.102234005863
Deaths,Global,Both,All ages,Kidney cancer,Number,1992,84408.0269569102,91196.05440419998,78013.81920871072
Deaths,Global,Both,All ages,Bladder cancer,Number,1992,127839.01564596743,136961.21999250507,118335.28404127435
Deaths,Global,Both,All ages,Brain and central nervous system cancer,Number,1992,149691.75267187704,170114.7296008463,128458.80509054725
Deaths,Global,Both,All ages,Thyroid cancer,Number,1992,24719.810602520156,27929.550057335666,21723.167682813204
Deaths,Global,Both,All ages,Mesothelioma,Number,1992,14123.356716347882,15730.100455529924,12770.256604752421
Deaths,Global,Both,All ages,Hodgkin lymphoma,Number,1992,30261.498991404325,36736.544910707875,23157.27914665187
Deaths,Global,Both,All ages,Non-Hodgkin lymphoma,Number,1992,157381.93841247432,172469.93981983265,141761.5430136399
Deaths,Global,Both,All ages,Multiple myeloma,Number,1992,51397.14543233739,55761.51901322289,47580.32023074482
Deaths,Global,Both,All ages,Leukemia,Number,1992,274784.35785373516,307372.70806927537,240038.6009639758
Deaths,Global,Both,All ages,Other malignant neoplasms,Number,1992,158506.54775021647,179150.1708517067,141881.9450016716
Deaths,Global,Both,All ages,Other neoplasms,Number,1992,56099.33065467227,63886.19183558232,48284.47147839089
Deaths,Global,Both,All ages,Eye cancer,Number,1989,9349.586472816978,15804.234283765054,6240.800753860807
Deaths,Global,Both,All ages,Eye cancer,Number,1992,9316.83113544509,17677.154003744872,6170.844200232787
Deaths,Global,Both,All ages,Soft tissue and other extraosseous sarcomas,Number,1992,33917.09619381362,45700.33799997629,27062.368375582777
Deaths,Global,Both,All ages,Malignant neoplasm of bone and articular cartilage,Number,1992,41652.643610661515,54114.95145443845,33749.04378499382
Deaths,Global,Both,All ages,Neuroblastoma and other peripheral nervous cell tumors,Number,1992,3668.977033745249,4532.0185803824625,2939.168552706851
Deaths,Global,Both,All ages,Esophageal cancer,Number,1984,309986.0259931304,362571.41249347624,268503.8913382571
Deaths,Global,Both,All ages,Stomach cancer,Number,1984,828338.5483790096,970099.2434981391,716660.5775402719
Deaths,Global,Both,All ages,Liver cancer,Number,1984,238891.41919144752,283962.5605180558,197795.42690321457
Deaths,Global,Both,All ages,Larynx cancer,Number,1984,68479.4417182082,77411.58596278983,60974.31023981292
Deaths,Global,Both,All ages,"Tracheal, bronchus, and lung cancer",Number,1984,884480.2729112052,989890.1907294345,830413.6384025957
Deaths,Global,Both,All ages,Breast cancer,Number,1984,314173.2179373045,343804.7477994745,292905.1534114899
Deaths,Global,Both,All ages,Cervical cancer,Number,1984,199961.13077228976,252332.77496084382,152217.02942455665
Deaths,Global,Both,All ages,Soft tissue and other extraosseous sarcomas,Number,1989,31230.33621053436,42155.69519417438,25441.616566571174
Deaths,Global,Both,All ages,Malignant neoplasm of bone and articular cartilage,Number,1989,40122.71046941335,51333.70686671245,32307.910179765706
Deaths,Global,Both,All ages,Neuroblastoma and other peripheral nervous cell tumors,Number,1989,3483.1226458173915,4304.3263720199375,2829.396166914024
Deaths,Global,Both,All ages,Uterine cancer,Number,1984,53714.98443234807,62691.19844408187,45631.55534677813
Deaths,Global,Both,All ages,Prostate cancer,Number,1984,171321.94683432137,187457.7418964377,156271.31785668552
Deaths,Global,Both,All ages,Colon and rectum cancer,Number,1984,486656.2313721188,517291.4293625592,458365.2222603187
Deaths,Global,Both,All ages,Lip and oral cavity cancer,Number,1984,81544.63803869847,93425.878640085,72829.00079669588
Deaths,Global,Both,All ages,Nasopharynx cancer,Number,1984,51302.373790634774,61450.43889465066,42371.298706443355
Deaths,Global,Both,All ages,Other pharynx cancer,Number,1984,35393.55061235526,42358.79035057222,29713.269636011868
Deaths,Global,Both,All ages,Esophageal cancer,Number,1989,368421.36799951026,408774.0614394275,311495.3330057138
Deaths,Global,Both,All ages,Stomach cancer,Number,1989,895318.728787921,1026877.2417993825,778336.629003643
Deaths,Global,Both,All ages,Liver cancer,Number,1989,244593.41949128246,275021.04988056736,218643.49184898607
Deaths,Global,Both,All ages,Larynx cancer,Number,1989,78308.1718089063,89294.16886910386,68956.99380441848
Deaths,Global,Both,All ages,"Tracheal, bronchus, and lung cancer",Number,1989,1046145.1995365456,1174313.7183699834,980804.8219045105
Deaths,Global,Both,All ages,Breast cancer,Number,1989,359792.7819532039,386833.0197878983,333369.6275640772
Deaths,Global,Both,All ages,Cervical cancer,Number,1989,212159.40812491882,271381.98975827836,167133.77743974913
Deaths,Global,Both,All ages,Gallbladder and biliary tract cancer,Number,1988,96494.60941020361,107092.65915783972,88395.2426324512
Deaths,Global,Both,All ages,Pancreatic cancer,Number,1988,206798.86626629354,219873.80633529392,193032.6494519632
Deaths,Global,Both,All ages,Malignant skin melanoma,Number,1988,30448.620689185005,33336.136462352595,27894.226724895474
Deaths,Global,Both,All ages,Non-melanoma skin cancer,Number,1988,22299.49442072711,25109.21810002817,20002.212924569798
Deaths,Global,Both,All ages,Ovarian cancer,Number,1988,101509.85771853993,111275.78134616329,92709.42983828527
Deaths,Global,Both,All ages,Testicular cancer,Number,1988,7444.857264826448,9162.539129070443,6339.805466654422
Deaths,Global,Both,All ages,Kidney cancer,Number,1988,75401.65709854205,81729.67641387148,69319.66894641086
Deaths,Global,Both,All ages,Bladder cancer,Number,1988,115148.08047749108,123662.13374434077,107198.26586566742
Deaths,Global,Both,All ages,Brain and central nervous system cancer,Number,1988,136360.91672647727,155889.46039640915,117179.09973225875
Deaths,Global,Both,All ages,Thyroid cancer,Number,1988,22614.62017719177,25799.3104846686,19890.916524316373
Deaths,Global,Both,All ages,Mesothelioma,Number,1988,12929.445284883657,14663.481952838973,11633.917001995103
Deaths,Global,Both,All ages,Hodgkin lymphoma,Number,1988,29774.79899971472,35625.07950862596,22700.102662820165
Deaths,Global,Both,All ages,Non-Hodgkin lymphoma,Number,1988,138016.40440875903,153416.3601458088,125550.47678685264
Deaths,Global,Both,All ages,Multiple myeloma,Number,1988,45593.310042879464,49592.88776408943,42197.19906709735
Deaths,Global,Both,All ages,Leukemia,Number,1988,261403.62045817843,291330.2465955249,226923.6557816192
Deaths,Global,Both,All ages,Other malignant neoplasms,Number,1988,147636.9952550876,166546.28510490543,131193.96137230945
Deaths,Global,Both,All ages,Other neoplasms,Number,1988,49608.955629472475,56977.440499222044,42649.58219981474
Deaths,Global,Both,All ages,Gallbladder and biliary tract cancer,Number,1995,109706.61689514728,122778.14017274583,99758.8746964208
Deaths,Global,Both,All ages,Pancreatic cancer,Number,1995,249661.9408052341,262118.39838278323,234061.00601513957
Deaths,Global,Both,All ages,Malignant skin melanoma,Number,1995,37631.64590268903,41014.810025473795,34541.85855020055
Deaths,Global,Both,All ages,Non-melanoma skin cancer,Number,1995,26045.892026747002,28964.238219007795,23502.00315208548
Deaths,Global,Both,All ages,Ovarian cancer,Number,1995,118312.58322105352,129355.46671743308,107124.79114581237
Deaths,Global,Both,All ages,Testicular cancer,Number,1995,8224.424282358366,9783.952951645146,6966.691748381638
Deaths,Global,Both,All ages,Kidney cancer,Number,1995,91561.27615343846,98772.54413229959,84915.23806906462
Deaths,Global,Both,All ages,Bladder cancer,Number,1995,135535.1681420313,145353.39142360984,125709.89863706689
Deaths,Global,Both,All ages,Brain and central nervous system cancer,Number,1995,159539.60786365817,182584.3478536725,133904.26474155232
Deaths,Global,Both,All ages,Thyroid cancer,Number,1995,26106.188686652422,29032.788024437064,23447.87427896583
Deaths,Global,Both,All ages,Mesothelioma,Number,1995,15496.030693543682,17110.924317856483,14158.712497608978
Deaths,Global,Both,All ages,Hodgkin lymphoma,Number,1995,29776.9393447638,36620.970279399095,23089.940104725414
Deaths,Global,Both,All ages,Non-Hodgkin lymphoma,Number,1995,173061.0779467272,189061.5132188102,157840.94141085015
Deaths,Global,Both,All ages,Multiple myeloma,Number,1995,58123.17366935028,62767.43944778702,53761.67389706379
Deaths,Global,Both,All ages,Leukemia,Number,1995,281704.95927546313,309838.1713317036,249442.1030919803
Deaths,Global,Both,All ages,Other malignant neoplasms,Number,1995,162845.18599318594,181776.53284353565,145636.0079384251
Deaths,Global,Both,All ages,Other neoplasms,Number,1995,61943.79662110483,70246.86119596535,53298.62498865301
Deaths,Global,Both,All ages,Eye cancer,Number,1995,9392.35473593467,16253.56576261424,6271.435245477705
Deaths,Global,Both,All ages,Uterine cancer,Number,1989,57253.94135569991,65354.104528274154,48400.17805044759
Deaths,Global,Both,All ages,Prostate cancer,Number,1989,206882.5492392971,225282.00732087242,187262.47710936214
Deaths,Global,Both,All ages,Colon and rectum cancer,Number,1989,563669.1902861196,600304.358671021,525046.519532544
Deaths,Global,Both,All ages,Lip and oral cavity cancer,Number,1989,94662.06993452602,108730.46055048464,84377.7847492767
Deaths,Global,Both,All ages,Nasopharynx cancer,Number,1989,60772.20507594102,69400.65771824915,51483.38646695349
Deaths,Global,Both,All ages,Other pharynx cancer,Number,1989,42482.98086726016,51273.432285858806,36105.76652343726
Deaths,Global,Both,All ages,Soft tissue and other extraosseous sarcomas,Number,1995,36674.292210381165,47080.462559396125,29510.728401767545
Deaths,Global,Both,All ages,Malignant neoplasm of bone and articular cartilage,Number,1995,44270.52003523668,56439.46394396139,36252.378611643035
Deaths,Global,Both,All ages,Neuroblastoma and other peripheral nervous cell tumors,Number,1995,3870.8346164818518,4738.759153056038,3129.6451646609153
Deaths,Global,Both,All ages,Esophageal cancer,Number,1992,396010.7107211,439342.3828601836,343070.85489483795
Deaths,Global,Both,All ages,Stomach cancer,Number,1992,924509.0553972461,1067799.9616188249,815399.8762336223
Deaths,Global,Both,All ages,Liver cancer,Number,1992,260591.3993735653,294625.2305104203,237224.57367318004
Deaths,Global,Both,All ages,Larynx cancer,Number,1992,84278.09198053724,95933.05606421427,73940.65508665353
Deaths,Global,Both,All ages,"Tracheal, bronchus, and lung cancer",Number,1992,1140312.8458760222,1254597.0789317987,1072045.5694689373
Deaths,Global,Both,All ages,Breast cancer,Number,1992,384998.34965899447,413367.73484910006,359848.06811527355
Deaths,Global,Both,All ages,Cervical cancer,Number,1992,219069.0044798116,280084.1754776711,173873.27518191416
Deaths,Global,Both,All ages,Gallbladder and biliary tract cancer,Number,1990,101195.84247209757,113033.44339303537,92879.49892259297
Deaths,Global,Both,All ages,Pancreatic cancer,Number,1990,220161.17592330268,233064.22935623187,206158.9778383162
Deaths,Global,Both,All ages,Malignant skin melanoma,Number,1990,32360.98605178706,35445.63895452343,29600.301405020735
Deaths,Global,Both,All ages,Non-melanoma skin cancer,Number,1990,23402.333190195783,26264.79630668001,21005.433744933118
Deaths,Global,Both,All ages,Ovarian cancer,Number,1990,106301.07819002566,116762.5002466728,96255.91414561849
Deaths,Global,Both,All ages,Testicular cancer,Number,1990,7684.42329633006,9264.410021231566,6435.551746369361
Deaths,Global,Both,All ages,Kidney cancer,Number,1990,79983.18221452141,86558.36267072272,73491.37120807757
Deaths,Global,Both,All ages,Bladder cancer,Number,1990,121954.3140969258,130859.9604828646,113393.15202742342
Deaths,Global,Both,All ages,Brain and central nervous system cancer,Number,1990,143569.12396832387,163117.44987711802,122717.08276655176
Deaths,Global,Both,All ages,Thyroid cancer,Number,1990,23752.310730207006,27032.266724125344,20898.57662103979
Deaths,Global,Both,All ages,Mesothelioma,Number,1990,13586.111512748734,15290.011840596719,12262.471125995233
Deaths,Global,Both,All ages,Hodgkin lymphoma,Number,1990,30011.033083239163,36700.22970167848,22875.32168704317
Deaths,Global,Both,All ages,Non-Hodgkin lymphoma,Number,1990,147734.45623190363,162174.3576871306,133808.3028996635
Deaths,Global,Both,All ages,Multiple myeloma,Number,1990,48658.08823907896,52650.45388608428,45078.02588109138
Deaths,Global,Both,All ages,Leukemia,Number,1990,269336.42847916123,298667.55731704034,234742.55835624484
Deaths,Global,Both,All ages,Other malignant neoplasms,Number,1990,153733.01888922646,173839.16193674915,138029.47391154277
Deaths,Global,Both,All ages,Other neoplasms,Number,1990,53291.70324382324,61188.10981442903,45704.514686357026
Deaths,Global,Both,All ages,Esophageal cancer,Number,1988,352724.0269837455,393389.9579611175,299249.6969747932
Deaths,Global,Both,All ages,Stomach cancer,Number,1988,872486.8429243892,1008776.8525560043,761569.7096000458
Deaths,Global,Both,All ages,Liver cancer,Number,1988,240496.6902229091,272442.4897088627,213319.97632816964
Deaths,Global,Both,All ages,Larynx cancer,Number,1988,75927.81339581891,86764.98343179825,66870.20531519897
Deaths,Global,Both,All ages,"Tracheal, bronchus, and lung cancer",Number,1988,1014106.887878385,1134291.5584970803,953658.1790426217
Deaths,Global,Both,All ages,Breast cancer,Number,1988,350569.1254150854,378425.83391944173,325647.4118270188
Deaths,Global,Both,All ages,Cervical cancer,Number,1988,208572.6132101435,265536.76922181156,163518.54922365941
Deaths,Global,Both,All ages,Eye cancer,Number,1990,9279.141933180072,16434.710669417567,6036.992421614356
Deaths,Global,Both,All ages,Soft tissue and other extraosseous sarcomas,Number,1990,32079.907383570564,43497.72785472264,25926.491826615715
Deaths,Global,Both,All ages,Malignant neoplasm of bone and articular cartilage,Number,1990,40534.583999897215,51743.629494999404,32521.522397312692
Deaths,Global,Both,All ages,Neuroblastoma and other peripheral nervous cell tumors,Number,1990,3545.9330569229583,4341.883841812105,2866.4662593955713
Deaths,Global,Both,All ages,Eye cancer,Number,1988,9306.196191147534,16173.341039899817,6295.189922103857
Deaths,Global,Both,All ages,Gallbladder and biliary tract cancer,Number,1987,93569.69672172534,103347.1033338736,85884.19639740589
Deaths,Global,Both,All ages,Pancreatic cancer,Number,1987,199224.37642409495,211907.00056306165,186173.85065826323
Deaths,Global,Both,All ages,Malignant skin melanoma,Number,1987,29496.31888737653,32322.557691418628,26996.51649347435
Deaths,Global,Both,All ages,Non-melanoma skin cancer,Number,1987,21592.4256890848,24445.839278434705,19399.974186318806
Deaths,Global,Both,All ages,Ovarian cancer,Number,1987,98612.6985380132,108037.84092252569,90288.1901873734
Deaths,Global,Both,All ages,Testicular cancer,Number,1987,7368.452088903283,9080.253760247077,6300.102843661379
Deaths,Global,Both,All ages,Kidney cancer,Number,1987,73083.20339288395,79315.25284986067,67297.33299620975
Deaths,Global,Both,All ages,Bladder cancer,Number,1987,111457.36235379243,120494.55264369666,103508.71702230982
Deaths,Global,Both,All ages,Brain and central nervous system cancer,Number,1987,132242.66396498043,151504.3236485844,113589.81982616083
Deaths,Global,Both,All ages,Thyroid cancer,Number,1987,22048.342574951464,24948.14560854405,19378.634935624756
Deaths,Global,Both,All ages,Mesothelioma,Number,1987,12593.35716781383,14267.659313188266,11303.303024834908
Deaths,Global,Both,All ages,Hodgkin lymphoma,Number,1987,29711.038929844362,35338.83109788861,22675.597407641442
Deaths,Global,Both,All ages,Non-Hodgkin lymphoma,Number,1987,132651.5012816992,148041.16945631892,120629.57043319722
Deaths,Global,Both,All ages,Multiple myeloma,Number,1987,43882.71754415551,47819.17763159732,40626.88792745475
Deaths,Global,Both,All ages,Leukemia,Number,1987,256863.19397192213,284798.9011985109,223144.2206099749
Deaths,Global,Both,All ages,Other malignant neoplasms,Number,1987,144457.82836970274,164940.9778068111,127296.24333888122
Deaths,Global,Both,All ages,Other neoplasms,Number,1987,47664.944618767426,54877.30032393407,41168.689905653744
Deaths,Global,Both,All ages,Gallbladder and biliary tract cancer,Number,1991,103935.87771548497,115753.81660693919,95185.95013566491
Deaths,Global,Both,All ages,Pancreatic cancer,Number,1991,226608.15803553644,239531.58492589038,211962.76488112184
Deaths,Global,Both,All ages,Malignant skin melanoma,Number,1991,33191.221795194964,36370.187304580184,30272.859925564542
Deaths,Global,Both,All ages,Non-melanoma skin cancer,Number,1991,23907.230712571236,26824.51684344222,21531.49462381019
Deaths,Global,Both,All ages,Ovarian cancer,Number,1991,109162.5012360375,120218.69499650001,98812.1394322831
Deaths,Global,Both,All ages,Testicular cancer,Number,1991,7767.493982008505,9460.781719561759,6430.470525298263
Deaths,Global,Both,All ages,Kidney cancer,Number,1991,82227.01179630334,88863.12822665491,75732.67648547371
Deaths,Global,Both,All ages,Bladder cancer,Number,1991,125243.46500674936,134265.09796642067,116247.20335887258
Deaths,Global,Both,All ages,Brain and central nervous system cancer,Number,1991,146811.59509448745,167429.7416622231,125896.94434681229
Deaths,Global,Both,All ages,Thyroid cancer,Number,1991,24303.85298586312,27626.507270867398,21348.99289144281
Deaths,Global,Both,All ages,Mesothelioma,Number,1991,13918.346148127812,15631.728970165643,12556.326226881201
Deaths,Global,Both,All ages,Hodgkin lymphoma,Number,1991,30209.19000811586,37305.49863524363,23001.821042794872
Deaths,Global,Both,All ages,Non-Hodgkin lymphoma,Number,1991,152811.5603038676,166887.54168083734,138121.87109760026
Deaths,Global,Both,All ages,Multiple myeloma,Number,1991,50153.66503211953,54342.186073975594,46243.7263820391
Deaths,Global,Both,All ages,Leukemia,Number,1991,272484.6786290226,305112.64713384997,237229.31014198565
Deaths,Global,Both,All ages,Other malignant neoplasms,Number,1991,156579.24013708104,176299.26776173443,140422.44826292308
Deaths,Global,Both,All ages,Other neoplasms,Number,1991,54601.60771667064,62378.586876033834,46913.49451449372
Deaths,Global,Both,All ages,Uterine cancer,Number,1988,56412.3015241473,64193.37611872664,47392.18773577093
Deaths,Global,Both,All ages,Prostate cancer,Number,1988,199641.90213395568,217893.7172479101,181063.93519890535
Deaths,Global,Both,All ages,Colon and rectum cancer,Number,1988,546970.6838584476,579848.7712293173,509942.8063109108
Deaths,Global,Both,All ages,Lip and oral cavity cancer,Number,1988,91527.34005445015,104136.42341062977,81613.57602476163
Deaths,Global,Both,All ages,Nasopharynx cancer,Number,1988,58220.49255280024,66921.3709226291,48655.314192826314
Deaths,Global,Both,All ages,Other pharynx cancer,Number,1988,40978.16837497689,50296.82664918932,34685.86633908174
Deaths,Global,Both,All ages,Uterine cancer,Number,1992,60080.39947484759,68027.32699468553,51006.56596464723
Deaths,Global,Both,All ages,Prostate cancer,Number,1992,228529.08303509353,249829.95085812296,204823.79031784064
Deaths,Global,Both,All ages,Colon and rectum cancer,Number,1992,610153.2169050899,647797.3843899925,569722.6088490611
Deaths,Global,Both,All ages,Lip and oral cavity cancer,Number,1992,102078.21450406911,117708.262530023,90792.72472344711
Deaths,Global,Both,All ages,Nasopharynx cancer,Number,1992,65216.312241820895,73879.0035574985,55686.05629949138
Deaths,Global,Both,All ages,Other pharynx cancer,Number,1992,46384.38424532997,55573.53016114819,39704.37701762428
Deaths,Global,Both,All ages,Esophageal cancer,Number,1996,412984.9611471732,456444.72907271975,360402.3742264818
Deaths,Global,Both,All ages,Stomach cancer,Number,1996,925309.4435839271,1042534.1228605084,805351.0057095771
Deaths,Global,Both,All ages,Liver cancer,Number,1996,299832.034878061,334717.7663844084,272457.9137465033
Deaths,Global,Both,All ages,Larynx cancer,Number,1996,87128.87788779238,98520.15630962887,76934.16390541941
Deaths,Global,Both,All ages,"Tracheal, bronchus, and lung cancer",Number,1996,1224497.4817963857,1324975.603820763,1154542.9331520465
Deaths,Global,Both,All ages,Breast cancer,Number,1996,416026.2707790382,448035.8300721177,386307.9590913996
Deaths,Global,Both,All ages,Cervical cancer,Number,1996,224631.82791170772,285535.56661030464,181019.4279379556
Deaths,Global,Both,All ages,Uterine cancer,Number,1996,63187.94271493003,70810.24039677727,53884.46372035081
Deaths,Global,Both,All ages,Prostate cancer,Number,1996,253513.47886116034,276973.163239599,226386.89277857268
Deaths,Global,Both,All ages,Colon and rectum cancer,Number,1996,656382.9438809139,694962.8951375352,612144.9166118506
Deaths,Global,Both,All ages,Lip and oral cavity cancer,Number,1996,109876.31337703277,122940.62836497855,98371.85062339902
Deaths,Global,Both,All ages,Nasopharynx cancer,Number,1996,65322.519749465646,72312.48756322786,55322.05334368234
Deaths,Global,Both,All ages,Other pharynx cancer,Number,1996,49975.4650298616,58787.61406242151,42539.45431665855
Deaths,Global,Both,All ages,Soft tissue and other extraosseous sarcomas,Number,1988,30365.226272551194,40482.77875822662,24960.875870280706
Deaths,Global,Both,All ages,Malignant neoplasm of bone and articular cartilage,Number,1988,39540.31371175642,50024.57901323847,31753.31132482909
Deaths,Global,Both,All ages,Neuroblastoma and other peripheral nervous cell tumors,Number,1988,3403.5705535061793,4222.104432957267,2769.9742542563263
Deaths,Global,Both,All ages,Eye cancer,Number,1987,9250.417572444578,17425.81688827202,6183.804654127372
Deaths,Global,Both,All ages,Esophageal cancer,Number,1987,336708.89136432455,376859.5641896071,286276.30782186455
Deaths,Global,Both,All ages,Stomach cancer,Number,1987,847628.9162713195,979808.3353082278,738354.6756512128
Deaths,Global,Both,All ages,Liver cancer,Number,1987,237795.1646480395,271094.5201363006,208745.40613983377
Deaths,Global,Both,All ages,Larynx cancer,Number,1987,73421.63173435685,83408.30027412223,64917.28561039501
Deaths,Global,Both,All ages,"Tracheal, bronchus, and lung cancer",Number,1987,975058.5938639804,1089517.8088702802,919200.2051860995
Deaths,Global,Both,All ages,Breast cancer,Number,1987,339928.6411373788,368680.3193969478,315787.7566901685
Deaths,Global,Both,All ages,Cervical cancer,Number,1987,204892.73778505286,259331.63449859683,159972.7550076187
Deaths,Global,Both,All ages,Esophageal cancer,Number,1990,381477.41036405263,422498.35597730585,321427.40087782714
Deaths,Global,Both,All ages,Stomach cancer,Number,1990,912037.0671510859,1032935.0328578879,798917.4979988688
Deaths,Global,Both,All ages,Liver cancer,Number,1990,248166.52377625226,281270.67308667477,221752.21876036312
Deaths,Global,Both,All ages,Larynx cancer,Number,1990,81052.06132089182,92378.62920015994,71258.75744270314
Deaths,Global,Both,All ages,"Tracheal, bronchus, and lung cancer",Number,1990,1095127.6112595072,1212831.4066704204,1028900.2234111876
Deaths,Global,Both,All ages,Breast cancer,Number,1990,368790.34727215965,396300.0263644725,342334.3734857353
Deaths,Global,Both,All ages,Cervical cancer,Number,1990,215298.1490719554,277828.73771970486,170693.68382164757
Deaths,Global,Both,All ages,Eye cancer,Number,1991,9358.903250622152,17663.208054211016,6118.5806737791145
Deaths,Global,Both,All ages,Esophageal cancer,Number,1991,390493.82844440447,435323.70011591486,331789.9166370947
Deaths,Global,Both,All ages,Stomach cancer,Number,1991,921167.067189279,1052001.0093016177,805185.1558219253
Deaths,Global,Both,All ages,Liver cancer,Number,1991,254542.07103253834,288312.41902650165,228418.4578544103
Deaths,Global,Both,All ages,Larynx cancer,Number,1991,82985.50631450332,94735.21056069391,73018.02403558654
Deaths,Global,Both,All ages,"Tracheal, bronchus, and lung cancer",Number,1991,1118944.0447851713,1232750.0777453168,1052190.0266290454
Deaths,Global,Both,All ages,Breast cancer,Number,1991,377941.2377650682,405311.77714157855,352296.6337236186
Deaths,Global,Both,All ages,Cervical cancer,Number,1991,218139.68905589773,280837.84460875863,172765.88058101514
Deaths,Global,Both,All ages,Gallbladder and biliary tract cancer,Number,1993,107797.69180958756,120565.19343502024,98454.67093088555
Deaths,Global,Both,All ages,Pancreatic cancer,Number,1993,240036.85248131567,252437.45441995942,224884.64754788153
Deaths,Global,Both,All ages,Malignant skin melanoma,Number,1993,35588.95028629465,38824.132002791855,32415.88222797445
Deaths,Global,Both,All ages,Non-melanoma skin cancer,Number,1993,25156.02583026852,28033.107370877293,22640.449887957435
Deaths,Global,Both,All ages,Ovarian cancer,Number,1993,114006.16552222446,126017.757325548,103287.78728569212
Deaths,Global,Both,All ages,Testicular cancer,Number,1993,7959.531344636398,9656.77527173901,6676.76814911014
Deaths,Global,Both,All ages,Kidney cancer,Number,1993,87235.6573747279,94112.55752895042,80771.63276398441
Deaths,Global,Both,All ages,Bladder cancer,Number,1993,131425.39335323553,140735.21428985673,121682.2044636481
Deaths,Global,Both,All ages,Brain and central nervous system cancer,Number,1993,152809.27292501027,174856.21638202414,130394.92354737574
Deaths,Global,Both,All ages,Thyroid cancer,Number,1993,25189.990008370845,28380.104529704942,22330.127860617427
Deaths,Global,Both,All ages,Mesothelioma,Number,1993,14778.600629361414,16513.38926670679,13412.552782128263
Deaths,Global,Both,All ages,Hodgkin lymphoma,Number,1993,30212.566379575706,36874.576781233474,23230.371274993748
Deaths,Global,Both,All ages,Non-Hodgkin lymphoma,Number,1993,162744.4825225893,178302.70881627162,147941.92062855838
Deaths,Global,Both,All ages,Multiple myeloma,Number,1993,53937.87208293633,58581.09394914768,49934.79059447843
Deaths,Global,Both,All ages,Leukemia,Number,1993,277386.3498645395,308435.2444970227,244551.9628398065
Deaths,Global,Both,All ages,Other malignant neoplasms,Number,1993,160232.22606332076,180958.73096919965,143409.80926131847
Deaths,Global,Both,All ages,Other neoplasms,Number,1993,58626.78781186696,66395.19213393038,50699.18620270256
Deaths,Global,Both,All ages,Uterine cancer,Number,1987,55305.06325884186,62899.642126487925,46710.45150504863
Deaths,Global,Both,All ages,Prostate cancer,Number,1987,191363.02220686575,209457.0958878231,173544.65856161862
Deaths,Global,Both,All ages,Colon and rectum cancer,Number,1987,527948.0543269092,559903.5575574191,493588.42475229665
Deaths,Global,Both,All ages,Lip and oral cavity cancer,Number,1987,88337.449267702,101093.94061682327,78750.70822016714
Deaths,Global,Both,All ages,Nasopharynx cancer,Number,1987,55798.760127956964,64846.77546507237,46534.06700492667
Deaths,Global,Both,All ages,Other pharynx cancer,Number,1987,39247.3328212493,48141.54091545963,33258.207639086555
Deaths,Global,Both,All ages,Soft tissue and other extraosseous sarcomas,Number,1991,33114.30344967634,44739.5329707275,26670.745495732965
Deaths,Global,Both,All ages,Malignant neoplasm of bone and articular cartilage,Number,1991,40905.26081002269,52105.86399876932,33049.54550450833
Deaths,Global,Both,All ages,Neuroblastoma and other peripheral nervous cell tumors,Number,1991,3608.710812780584,4445.543565819117,2918.809832934084
Deaths,Global,Both,All ages,Eye cancer,Number,1993,9333.586516619296,16826.044392300573,6267.323295763608
Deaths,Global,Both,All ages,Uterine cancer,Number,1990,58400.63057114792,66024.59135451062,49409.17678958932
Deaths,Global,Both,All ages,Prostate cancer,Number,1990,214616.46560084764,233627.31319507386,193768.89967231243
Deaths,Global,Both,All ages,Colon and rectum cancer,Number,1990,581293.424847796,618264.8292962115,542932.6703620557
Deaths,Global,Both,All ages,Lip and oral cavity cancer,Number,1990,97633.65723274731,113114.05990799924,87015.61856899963
Deaths,Global,Both,All ages,Nasopharynx cancer,Number,1990,62829.54434299755,71571.92337223544,52752.6862496406
Deaths,Global,Both,All ages,Other pharynx cancer,Number,1990,43872.17234556398,52598.32037461008,37592.052861448465
Deaths,Global,Both,All ages,Soft tissue and other extraosseous sarcomas,Number,1993,35080.51386270753,46388.01877538873,27887.834277827285
Deaths,Global,Both,All ages,Malignant neoplasm of bone and articular cartilage,Number,1993,42720.53330144042,55735.17036172989,34746.20130593209
Deaths,Global,Both,All ages,Neuroblastoma and other peripheral nervous cell tumors,Number,1993,3741.8736057508286,4660.557018134122,3010.9419357658253
Deaths,Global,Both,All ages,Uterine cancer,Number,1991,59367.763799675224,67215.32788459226,50428.44185720809
Deaths,Global,Both,All ages,Prostate cancer,Number,1991,222116.82654119906,242249.97611625877,199909.50210418215
Deaths,Global,Both,All ages,Colon and rectum cancer,Number,1991,596953.1631010982,633965.5183095007,554833.4055007304
Deaths,Global,Both,All ages,Lip and oral cavity cancer,Number,1991,100460.09905167228,115156.34105807818,89783.54073156188
Deaths,Global,Both,All ages,Nasopharynx cancer,Number,1991,64741.461933517516,73695.96988639879,54724.32327154002
Deaths,Global,Both,All ages,Other pharynx cancer,Number,1991,45474.179464863606,54904.181389129895,39083.821220821264
Deaths,Global,Both,All ages,Gallbladder and biliary tract cancer,Number,1994,108949.2844553797,121788.54530337636,99018.56982426264
Deaths,Global,Both,All ages,Pancreatic cancer,Number,1994,244598.68554950977,257419.65916326537,229281.35463108146
Deaths,Global,Both,All ages,Malignant skin melanoma,Number,1994,36652.092756989194,39925.036889086354,33509.3809729756
Deaths,Global,Both,All ages,Non-melanoma skin cancer,Number,1994,25475.489844604075,28236.737472763278,23076.859527008517
Deaths,Global,Both,All ages,Ovarian cancer,Number,1994,116000.41845268852,128061.46392007322,105185.19298801624
Deaths,Global,Both,All ages,Testicular cancer,Number,1994,8056.192216464791,9706.949380886132,6766.561463488029
Deaths,Global,Both,All ages,Kidney cancer,Number,1994,89596.05552754515,96619.8553901999,83077.7495980755
Deaths,Global,Both,All ages,Bladder cancer,Number,1994,133352.5334430403,143285.38820544851,123559.05672413012
Deaths,Global,Both,All ages,Brain and central nervous system cancer,Number,1994,156315.2748135024,178234.22422384447,132236.92493636662
Deaths,Global,Both,All ages,Thyroid cancer,Number,1994,25524.56373492469,28581.598037413467,22792.011266410027
Deaths,Global,Both,All ages,Mesothelioma,Number,1994,14955.195893079137,16665.1889003398,13589.875446634402
Deaths,Global,Both,All ages,Hodgkin lymphoma,Number,1994,29856.687629394644,36470.580591559126,22959.219602806996
Deaths,Global,Both,All ages,Non-Hodgkin lymphoma,Number,1994,168176.90643705093,184286.25547661408,152739.24029456993
Deaths,Global,Both,All ages,Multiple myeloma,Number,1994,55792.81824978656,60472.977143539865,51714.74962582702
Deaths,Global,Both,All ages,Leukemia,Number,1994,279372.7301009813,310503.83319196646,246790.03067797582
Deaths,Global,Both,All ages,Other malignant neoplasms,Number,1994,161183.47391945665,181310.44872061594,144002.09611434233
Deaths,Global,Both,All ages,Other neoplasms,Number,1994,60170.73574465747,68061.70051266198,51927.956296849065
Deaths,Global,Both,All ages,Soft tissue and other extraosseous sarcomas,Number,1987,29601.61171081922,39228.22980050861,23948.13959926499
Deaths,Global,Both,All ages,Malignant neoplasm of bone and articular cartilage,Number,1987,38997.519747359285,47992.41988501425,31413.407849773917
Deaths,Global,Both,All ages,Neuroblastoma and other peripheral nervous cell tumors,Number,1987,3321.0574155024315,4080.3757745026014,2705.6010983589367
Deaths,Global,Both,All ages,Esophageal cancer,Number,1995,408461.3147410079,453785.9372893737,353331.1048638548
Deaths,Global,Both,All ages,Stomach cancer,Number,1995,926080.0985510462,1056000.802049039,804006.0799589774
Deaths,Global,Both,All ages,Liver cancer,Number,1995,290902.54654648626,327021.3492777464,265758.20817813615
Deaths,Global,Both,All ages,Larynx cancer,Number,1995,86823.4039673363,98077.54005104952,76487.81222762878
Deaths,Global,Both,All ages,"Tracheal, bronchus, and lung cancer",Number,1995,1212536.810310229,1325242.5069972998,1143723.8151135708
Deaths,Global,Both,All ages,Breast cancer,Number,1995,409054.7536803115,441158.33955794125,380827.8004114981
Deaths,Global,Both,All ages,Cervical cancer,Number,1995,221418.29039704383,281501.65192321857,176677.28835763005
Deaths,Global,Both,All ages,Esophageal cancer,Number,1999,435500.2781805692,479409.25317742716,374478.8317760185
Deaths,Global,Both,All ages,Stomach cancer,Number,1999,941376.2036841175,1037860.6154321957,809991.4761068755
Deaths,Global,Both,All ages,Liver cancer,Number,1999,320390.01482675865,353232.3691431512,290899.4781778153
Deaths,Global,Both,All ages,Larynx cancer,Number,1999,87777.89447132495,98547.58772502175,77564.65408523686
Deaths,Global,Both,All ages,"Tracheal, bronchus, and lung cancer",Number,1999,1291734.8897490583,1392276.9805937102,1216214.5851402795
Deaths,Global,Both,All ages,Breast cancer,Number,1999,438626.2853359413,475048.5881970791,401790.8190296333
Deaths,Global,Both,All ages,Cervical cancer,Number,1999,234248.06509008526,294783.1124977515,188704.73758549
Deaths,Global,Both,All ages,Uterine cancer,Number,1999,66464.60392646295,74519.95425949708,57046.83583655936
Deaths,Global,Both,All ages,Prostate cancer,Number,1999,270130.81173964636,296210.288662502,240762.9231055977
Deaths,Global,Both,All ages,Colon and rectum cancer,Number,1999,694584.3059115596,734429.88383088,647900.972507402
Deaths,Global,Both,All ages,Lip and oral cavity cancer,Number,1999,118351.23224177283,129651.43956573115,105563.08483080364
Deaths,Global,Both,All ages,Nasopharynx cancer,Number,1999,65196.375121253775,72032.99714180919,57258.43538840579
Deaths,Global,Both,All ages,Other pharynx cancer,Number,1999,53720.320747275,64848.69467747244,46033.47811596023
Deaths,Global,Both,All ages,Esophageal cancer,Number,1993,401346.9995938426,443557.10294669867,352891.20503023796
Deaths,Global,Both,All ages,Stomach cancer,Number,1993,929355.7588284486,1067593.5347243533,824996.4189233212
Deaths,Global,Both,All ages,Liver cancer,Number,1993,268239.9765977521,301946.5442700066,244324.5038591364
Deaths,Global,Both,All ages,Larynx cancer,Number,1993,86044.5896572748,97454.89265139583,75225.28831415097
Deaths,Global,Both,All ages,"Tracheal, bronchus, and lung cancer",Number,1993,1169606.3481035791,1278441.0030759613,1103532.8744918508
Deaths,Global,Both,All ages,Breast cancer,Number,1993,395775.8029421347,425049.7485965138,370386.31889856
Deaths,Global,Both,All ages,Cervical cancer,Number,1993,220155.51114387022,281468.4214822796,176080.36659390185
Deaths,Global,Both,All ages,Eye cancer,Number,1994,9379.709333449555,15911.47043050357,6256.4153981330455
Deaths,Global,Both,All ages,Uterine cancer,Number,1995,61972.893943966235,69722.1433051998,52763.12419855894
Deaths,Global,Both,All ages,Prostate cancer,Number,1995,247524.26657162537,269907.2025207158,221668.5697680497
Deaths,Global,Both,All ages,Colon and rectum cancer,Number,1995,646939.2753229551,684213.2939895873,601580.3791408031
Deaths,Global,Both,All ages,Lip and oral cavity cancer,Number,1995,107046.77692824487,119578.02209869136,95913.54825226023
Deaths,Global,Both,All ages,Nasopharynx cancer,Number,1995,65206.52729721736,72406.05961102623,54848.274791793476
Deaths,Global,Both,All ages,Other pharynx cancer,Number,1995,48636.064249344105,56654.01905643337,41557.255547768254
Deaths,Global,Both,All ages,Gallbladder and biliary tract cancer,Number,1997,111863.50790514228,126741.98234481478,101374.8484726309
Deaths,Global,Both,All ages,Pancreatic cancer,Number,1997,260094.48224088256,272921.0205368572,243977.9125407613
Deaths,Global,Both,All ages,Malignant skin melanoma,Number,1997,38969.63140721763,42607.58852011617,35898.32469617999
Deaths,Global,Both,All ages,Non-melanoma skin cancer,Number,1997,27238.97352502002,30458.087229707668,24598.621476764998
Deaths,Global,Both,All ages,Ovarian cancer,Number,1997,122825.14936623091,134127.06206895792,110673.02085709378
Deaths,Global,Both,All ages,Testicular cancer,Number,1997,8455.134424052212,10204.214943404017,7048.411226030164
Deaths,Global,Both,All ages,Kidney cancer,Number,1997,94496.07939507633,102195.80846478761,87424.9623584775
Deaths,Global,Both,All ages,Bladder cancer,Number,1997,139426.74178237264,148810.37254144874,128919.17028680396
Deaths,Global,Both,All ages,Brain and central nervous system cancer,Number,1997,165373.64539505664,189337.52677616186,139163.26709030377
Deaths,Global,Both,All ages,Thyroid cancer,Number,1997,27194.841810544636,30716.839487455178,24283.12049139576
Deaths,Global,Both,All ages,Mesothelioma,Number,1997,16026.324858939251,17630.109017988856,14523.887070918821
Deaths,Global,Both,All ages,Hodgkin lymphoma,Number,1997,29435.85754654388,35961.32518768171,22841.104413358884
Deaths,Global,Both,All ages,Non-Hodgkin lymphoma,Number,1997,180433.5715916328,198913.77679624115,164970.02758957946
Deaths,Global,Both,All ages,Multiple myeloma,Number,1997,61688.96444286837,66680.22495686884,56646.98860958272
Deaths,Global,Both,All ages,Leukemia,Number,1997,283926.5602297189,309479.82714362664,252898.67803198335
Deaths,Global,Both,All ages,Other malignant neoplasms,Number,1997,161876.4458727823,179215.01900956754,145847.0550173478
Deaths,Global,Both,All ages,Other neoplasms,Number,1997,63474.84120454497,71965.08644077515,54856.77441376605
Deaths,Global,Both,All ages,Esophageal cancer,Number,1994,405127.6130107539,449508.01940796914,356294.4660953633
Deaths,Global,Both,All ages,Stomach cancer,Number,1994,928139.703213963,1058046.6464369043,817623.8863150198
Deaths,Global,Both,All ages,Liver cancer,Number,1994,277689.9342357917,313368.0465858803,253197.75261759688
Deaths,Global,Both,All ages,Larynx cancer,Number,1994,86427.73769910303,98719.13469487916,75896.4191671654
Deaths,Global,Both,All ages,"Tracheal, bronchus, and lung cancer",Number,1994,1181191.8483294162,1291713.8188755163,1111635.4710797167
Deaths,Global,Both,All ages,Breast cancer,Number,1994,401643.4095837075,431350.5286160908,376465.78735186317
Deaths,Global,Both,All ages,Cervical cancer,Number,1994,220313.13613598485,280613.90654898214,175521.80788048194
Deaths,Global,Both,All ages,Uterine cancer,Number,1993,60971.29429189906,68789.70052854983,51869.48273966357
Deaths,Global,Both,All ages,Prostate cancer,Number,1993,237406.13934531654,258146.05237760395,213305.69034804867
Deaths,Global,Both,All ages,Colon and rectum cancer,Number,1993,627175.8351995876,665100.3797550894,584812.8173697857
Deaths,Global,Both,All ages,Lip and oral cavity cancer,Number,1993,104116.70673933666,119246.07893726119,92716.4789413865
Deaths,Global,Both,All ages,Nasopharynx cancer,Number,1993,65551.56644590877,73415.2266847596,55908.365754233324
Deaths,Global,Both,All ages,Other pharynx cancer,Number,1993,47593.40022956395,56598.892010228745,40751.52551997672
Deaths,Global,Both,All ages,Esophageal cancer,Number,2002,455885.6642468688,492070.3618615584,390566.50992196635
Deaths,Global,Both,All ages,Stomach cancer,Number,2002,946226.5516105155,1030517.898649385,797131.7565242703
Deaths,Global,Both,All ages,Liver cancer,Number,2002,333663.8962509486,367983.3756907865,305089.2772682268
Deaths,Global,Both,All ages,Larynx cancer,Number,2002,89117.04945274619,100809.42528475725,78718.3100507086
Deaths,Global,Both,All ages,"Tracheal, bronchus, and lung cancer",Number,2002,1366363.1917283768,1450847.1158785196,1280572.6662372632
Deaths,Global,Both,All ages,Breast cancer,Number,2002,460538.95588089275,492498.92170010373,424518.4264093012
Deaths,Global,Both,All ages,Cervical cancer,Number,2002,240668.7838123121,306503.7143831895,194142.65616096713
Deaths,Global,Both,All ages,Gallbladder and biliary tract cancer,Number,2001,119794.18453548859,133865.00357726394,106702.8938911464
Deaths,Global,Both,All ages,Pancreatic cancer,Number,2001,287354.58286243066,301202.6778120144,268465.2145922601
Deaths,Global,Both,All ages,Malignant skin melanoma,Number,2001,42984.371334660405,46501.73661261742,39599.24816536587
Deaths,Global,Both,All ages,Non-melanoma skin cancer,Number,2001,31333.570361737173,34810.79069975583,28184.166717317614
Deaths,Global,Both,All ages,Ovarian cancer,Number,2001,132741.4413095817,146045.2622608691,120304.95833557977
Deaths,Global,Both,All ages,Testicular cancer,Number,2001,8734.846299027236,10967.83858444653,7178.399802561339
Deaths,Global,Both,All ages,Kidney cancer,Number,2001,103868.88836560585,111462.08854979406,95128.8060036939
Deaths,Global,Both,All ages,Bladder cancer,Number,2001,147944.55898050196,158845.65780545428,137038.25073864777
Deaths,Global,Both,All ages,Brain and central nervous system cancer,Number,2001,178199.67576673618,204904.16412898368,154724.42247200015
Deaths,Global,Both,All ages,Thyroid cancer,Number,2001,29450.794873093077,33372.99750225879,26366.332655992417
Deaths,Global,Both,All ages,Mesothelioma,Number,2001,17565.228998747363,19586.83117236112,15932.293755377317
Deaths,Global,Both,All ages,Hodgkin lymphoma,Number,2001,28521.224273009608,34913.577859316705,22365.8479815714
Deaths,Global,Both,All ages,Non-Hodgkin lymphoma,Number,2001,189303.419187733,211777.30740959276,173503.76931459477
Deaths,Global,Both,All ages,Multiple myeloma,Number,2001,69675.35878810952,75105.41996020782,63716.88341182339
Deaths,Global,Both,All ages,Leukemia,Number,2001,293298.063560507,320759.5777652939,261116.02246008458
Deaths,Global,Both,All ages,Other malignant neoplasms,Number,2001,155921.7412049803,171632.08662938973,140554.0493032042
Deaths,Global,Both,All ages,Other neoplasms,Number,2001,71555.31919079382,80542.78777832992,62439.2943472412
Deaths,Global,Both,All ages,Uterine cancer,Number,2002,68903.16490810212,77279.73371070994,59167.3094893197
Deaths,Global,Both,All ages,Prostate cancer,Number,2002,287433.5726161821,315121.82343539305,256025.53348287495
Deaths,Global,Both,All ages,Colon and rectum cancer,Number,2002,726767.2517735775,767968.4678636305,678771.1758791606
Deaths,Global,Both,All ages,Lip and oral cavity cancer,Number,2002,126616.98235714473,139623.47737509976,112701.40025417395
Deaths,Global,Both,All ages,Nasopharynx cancer,Number,2002,61686.9182069245,69639.19978804019,54686.6541556978
Deaths,Global,Both,All ages,Other pharynx cancer,Number,2002,57780.93432517516,69379.06696780355,49156.31281074413
Deaths,Global,Both,All ages,Eye cancer,Number,2001,9587.71519550227,14006.253082524741,6655.076081556063
Deaths,Global,Both,All ages,Soft tissue and other extraosseous sarcomas,Number,2001,38121.43932610714,48354.53183926013,31482.728296828172
Deaths,Global,Both,All ages,Malignant neoplasm of bone and articular cartilage,Number,2001,50393.44344469965,63116.82839795264,41260.04931923
Deaths,Global,Both,All ages,Neuroblastoma and other peripheral nervous cell tumors,Number,2001,4231.955978538401,5054.506312865037,3572.35579857052
Deaths,Global,Both,All ages,Eye cancer,Number,1997,9457.132507980654,15696.17008387642,6501.568480935294
Deaths,Global,Both,All ages,Uterine cancer,Number,1994,61448.792785916696,69203.49195745961,52400.598399476235
Deaths,Global,Both,All ages,Prostate cancer,Number,1994,241951.91438565956,263570.807638531,216674.15827657733
Deaths,Global,Both,All ages,Colon and rectum cancer,Number,1994,635852.9518267879,673106.7818262804,592132.079904305
Deaths,Global,Both,All ages,Lip and oral cavity cancer,Number,1994,105406.87641336415,119130.14691862045,94419.15911567707
Deaths,Global,Both,All ages,Nasopharynx cancer,Number,1994,65357.23702314208,73031.3171428686,54970.069491626215
Deaths,Global,Both,All ages,Other pharynx cancer,Number,1994,48179.797152813706,56911.981662700906,41267.861523912536
Deaths,Global,Both,All ages,Gallbladder and biliary tract cancer,Number,1996,110512.785124094,124193.20139899506,100204.59590770693
Deaths,Global,Both,All ages,Pancreatic cancer,Number,1996,254919.9952934568,267601.9473553643,238883.75853275825
Deaths,Global,Both,All ages,Malignant skin melanoma,Number,1996,38365.88188101309,41873.373226543816,35201.330274556225
Deaths,Global,Both,All ages,Non-melanoma skin cancer,Number,1996,26659.883590017398,29811.577021583056,24037.46886626646
Deaths,Global,Both,All ages,Ovarian cancer,Number,1996,120754.61361208762,131522.54708471784,109145.85852071489
Deaths,Global,Both,All ages,Testicular cancer,Number,1996,8420.524799766212,10027.687679191955,7091.845889195748
Deaths,Global,Both,All ages,Kidney cancer,Number,1996,92944.5893765125,100221.85697530604,86180.26322387975
Deaths,Global,Both,All ages,Bladder cancer,Number,1996,137526.53108191106,147829.34974235718,127610.42944850744
Deaths,Global,Both,All ages,Brain and central nervous system cancer,Number,1996,162641.1192366153,186483.05371588672,136108.1775545999
Deaths,Global,Both,All ages,Thyroid cancer,Number,1996,26817.25581163334,29830.41826521549,24099.270256991516
Deaths,Global,Both,All ages,Mesothelioma,Number,1996,15731.506535473858,17302.42612878979,14369.157646590309
Deaths,Global,Both,All ages,Hodgkin lymphoma,Number,1996,29672.15628331335,36210.90480317196,23092.318871299238
Deaths,Global,Both,All ages,Non-Hodgkin lymphoma,Number,1996,176866.13400921278,193588.99952435613,161495.27056921643
Deaths,Global,Both,All ages,Multiple myeloma,Number,1996,59867.4691950226,64714.051715434754,55360.28396831405
Deaths,Global,Both,All ages,Leukemia,Number,1996,283022.22157637024,308614.0252331692,251011.53196223354
Deaths,Global,Both,All ages,Other malignant neoplasms,Number,1996,162847.04544294853,180358.1514343544,146228.99168322384
Deaths,Global,Both,All ages,Other neoplasms,Number,1996,62570.22680466535,71072.32007226767,53903.064434482985
Deaths,Global,Both,All ages,Esophageal cancer,Number,2005,454824.8567176282,486255.43255851534,401288.7159023116
Deaths,Global,Both,All ages,Stomach cancer,Number,2005,923404.0524419418,989638.6382707579,782621.5781340695
Deaths,Global,Both,All ages,Liver cancer,Number,2005,338507.984390971,375166.91895753396,310889.626546358
Deaths,Global,Both,All ages,Larynx cancer,Number,2005,89831.39684186994,101257.47287931893,79751.09510471406
Deaths,Global,Both,All ages,"Tracheal, bronchus, and lung cancer",Number,2005,1424174.540075894,1513416.8500266566,1324766.5999276664
Deaths,Global,Both,All ages,Breast cancer,Number,2005,476029.777132796,511715.8098708735,434672.17104969145
Deaths,Global,Both,All ages,Cervical cancer,Number,2005,244981.34884577105,312105.1819986119,201226.81004258242
Deaths,Global,Both,All ages,Uterine cancer,Number,2005,70628.75108825478,79833.86808874171,61054.87145595479
Deaths,Global,Both,All ages,Prostate cancer,Number,2005,301926.65163964627,332925.88039262645,271143.9331134363
Deaths,Global,Both,All ages,Colon and rectum cancer,Number,2005,755882.6712028598,796388.4008763626,704916.1477226543
Deaths,Global,Both,All ages,Lip and oral cavity cancer,Number,2005,132387.9083941932,147563.4752608813,119081.38921854575
Deaths,Global,Both,All ages,Nasopharynx cancer,Number,2005,57363.24434767313,63993.8857383526,50597.86742297343
Deaths,Global,Both,All ages,Other pharynx cancer,Number,2005,61656.97661831076,74707.32484930348,52052.19356279523
Deaths,Global,Both,All ages,Gallbladder and biliary tract cancer,Number,2004,124799.93357778132,139902.86184544236,111126.41784383573
Deaths,Global,Both,All ages,Pancreatic cancer,Number,2004,307570.1554677812,321444.97570515366,287883.1845827323
Deaths,Global,Both,All ages,Malignant skin melanoma,Number,2004,45690.19348612715,49719.2231682086,42140.23142792505
Deaths,Global,Both,All ages,Non-melanoma skin cancer,Number,2004,33391.802858027004,36983.91737485107,29452.565492514786
Deaths,Global,Both,All ages,Ovarian cancer,Number,2004,138559.0117752516,154263.65440584827,126455.22737465777
Deaths,Global,Both,All ages,Testicular cancer,Number,2004,8697.365920153392,10924.168908893726,7283.606415493226
Deaths,Global,Both,All ages,Kidney cancer,Number,2004,112445.86016585752,120961.08686318227,102330.30324983234
Deaths,Global,Both,All ages,Bladder cancer,Number,2004,151529.94729926297,161622.11074028196,140944.7692004815
Deaths,Global,Both,All ages,Brain and central nervous system cancer,Number,2004,187882.84937273947,218802.36253544266,162870.7256689865
Deaths,Global,Both,All ages,Thyroid cancer,Number,2004,30688.99939760151,34532.87161990133,27319.575719913337
Deaths,Global,Both,All ages,Mesothelioma,Number,2004,18726.42697795831,20764.67076147312,16884.610771426575
Deaths,Global,Both,All ages,Hodgkin lymphoma,Number,2004,27823.099529566796,34779.77284190557,22182.401894783863
Deaths,Global,Both,All ages,Non-Hodgkin lymphoma,Number,2004,191430.69114232482,212556.64786619233,174188.5865500597
Deaths,Global,Both,All ages,Multiple myeloma,Number,2004,73412.11462093059,78822.25838398568,67419.24297789193
Deaths,Global,Both,All ages,Leukemia,Number,2004,295447.5598495343,326888.94245986314,264625.50195452524
Deaths,Global,Both,All ages,Other malignant neoplasms,Number,2004,152797.46355077857,170345.19028525194,136735.12197114262
Deaths,Global,Both,All ages,Other neoplasms,Number,2004,76034.16407385224,86347.59695188553,65891.7068747764
Deaths,Global,Both,All ages,Soft tissue and other extraosseous sarcomas,Number,1994,35936.29681614019,46961.94466088794,28812.36754307441
Deaths,Global,Both,All ages,Malignant neoplasm of bone and articular cartilage,Number,1994,43683.530629556124,56976.8132062857,35660.88962225923
Deaths,Global,Both,All ages,Neuroblastoma and other peripheral nervous cell tumors,Number,1994,3808.8765434556003,4730.293154777641,3075.0691866141706
Deaths,Global,Both,All ages,Eye cancer,Number,2004,9775.79861931806,13780.78842599061,6755.97486360032
Deaths,Global,Both,All ages,Soft tissue and other extraosseous sarcomas,Number,2004,39772.430816075685,48876.188657018385,32825.62163067271
Deaths,Global,Both,All ages,Malignant neoplasm of bone and articular cartilage,Number,2004,57043.40872136047,71151.67629699774,44937.48648505952
Deaths,Global,Both,All ages,Neuroblastoma and other peripheral nervous cell tumors,Number,2004,4330.062641261302,5228.111417183384,3723.5202868334677
Deaths,Global,Both,All ages,Esophageal cancer,Number,1997,418485.7084494389,462959.28235920524,363106.801586862
Deaths,Global,Both,All ages,Stomach cancer,Number,1997,926560.8704544923,1029360.2839777716,810026.7554366512
Deaths,Global,Both,All ages,Liver cancer,Number,1997,304975.3664588042,340472.86010443943,276827.27672917704
Deaths,Global,Both,All ages,Larynx cancer,Number,1997,87394.20983798722,98907.31114793968,77100.02290502458
Deaths,Global,Both,All ages,"Tracheal, bronchus, and lung cancer",Number,1997,1240041.9398045565,1340795.8531028256,1164834.5079329452
Deaths,Global,Both,All ages,Breast cancer,Number,1997,420923.5178196344,454840.17925795796,387732.16730439704
Deaths,Global,Both,All ages,Cervical cancer,Number,1997,227719.2088043579,289603.9866433508,182189.09183584654
Deaths,Global,Both,All ages,Gallbladder and biliary tract cancer,Number,2007,132912.1070910476,149517.50073595106,116389.94102808539
Deaths,Global,Both,All ages,Pancreatic cancer,Number,2007,340994.49482545705,358125.090434331,321154.9243298067
Deaths,Global,Both,All ages,Malignant skin melanoma,Number,2007,49973.10631413271,55005.32785000916,46145.88608031829
Deaths,Global,Both,All ages,Non-melanoma skin cancer,Number,2007,37446.751167537885,41703.86927607787,32268.448638265767
Deaths,Global,Both,All ages,Ovarian cancer,Number,2007,145686.31088729302,160641.1225871182,132428.02959959907
Deaths,Global,Both,All ages,Testicular cancer,Number,2007,8876.041427863936,10837.228583555196,7460.855099813655
Deaths,Global,Both,All ages,Kidney cancer,Number,2007,119922.15657906682,129555.12567826449,109071.76070739781
Deaths,Global,Both,All ages,Bladder cancer,Number,2007,160486.45537840933,172012.3370328614,148662.6688542528
Deaths,Global,Both,All ages,Brain and central nervous system cancer,Number,2007,196123.02332116556,228961.31252844882,170710.8173288484
Deaths,Global,Both,All ages,Thyroid cancer,Number,2007,33458.142714785965,37583.899645474674,29702.980256574323
Deaths,Global,Both,All ages,Mesothelioma,Number,2007,20781.92292341496,22745.886315958352,18733.565386779777
Deaths,Global,Both,All ages,Hodgkin lymphoma,Number,2007,27084.102842759054,34091.95184333093,21806.133081196214
Deaths,Global,Both,All ages,Non-Hodgkin lymphoma,Number,2007,200093.9140909002,219837.5590913853,180312.23877715712
Deaths,Global,Both,All ages,Multiple myeloma,Number,2007,78640.58743587656,85175.73243257089,72259.25471000941
Deaths,Global,Both,All ages,Leukemia,Number,2007,296238.3416560749,329412.13751741394,266012.28056829586
Deaths,Global,Both,All ages,Other malignant neoplasms,Number,2007,161023.58233638149,180928.51565263685,144237.8070090145
Deaths,Global,Both,All ages,Other neoplasms,Number,2007,81419.95609757338,92706.96861610659,70003.60675451029
Deaths,Global,Both,All ages,Eye cancer,Number,2007,9841.706853434265,14579.586740300232,6985.676831932483
Deaths,Global,Both,All ages,Soft tissue and other extraosseous sarcomas,Number,2007,42004.221620097735,52602.09939709781,34318.77452838401
Deaths,Global,Both,All ages,Malignant neoplasm of bone and articular cartilage,Number,2007,60794.83668002718,76727.25120039121,47367.269537031265
Deaths,Global,Both,All ages,Neuroblastoma and other peripheral nervous cell tumors,Number,2007,4522.662363681955,5448.27428654551,3805.4455521580503
Deaths,Global,Both,All ages,Eye cancer,Number,1996,9449.044663562958,15131.607059063635,6239.700496201146
Deaths,Global,Both,All ages,Esophageal cancer,Number,1998,425936.44780454057,465462.4483621231,364948.4528424145
Deaths,Global,Both,All ages,Stomach cancer,Number,1998,931834.9386496305,1031257.58925342,808953.4321839313
Deaths,Global,Both,All ages,Liver cancer,Number,1998,312078.65986538323,348643.7213559529,282435.3932652891
Deaths,Global,Both,All ages,Larynx cancer,Number,1998,87587.86439830705,98275.59757965087,77201.2631987125
Deaths,Global,Both,All ages,"Tracheal, bronchus, and lung cancer",Number,1998,1263681.1397238746,1364992.4085899733,1185779.875812041
Deaths,Global,Both,All ages,Breast cancer,Number,1998,428855.8601344591,463795.01900981076,392855.6021846909
Deaths,Global,Both,All ages,Cervical cancer,Number,1998,230986.45513819996,291432.5315746957,185527.62448769517
Deaths,Global,Both,All ages,Gallbladder and biliary tract cancer,Number,1998,114098.79537526736,129559.23821890296,103128.3705524608
Deaths,Global,Both,All ages,Pancreatic cancer,Number,1998,266165.14448704885,280223.9606446709,249609.82876158328
Deaths,Global,Both,All ages,Malignant skin melanoma,Number,1998,39907.78635769337,43507.74182641035,36732.723504486086
Deaths,Global,Both,All ages,Non-melanoma skin cancer,Number,1998,28118.7091660004,31476.579237240738,25250.728655393326
Deaths,Global,Both,All ages,Ovarian cancer,Number,1998,124747.56697448029,136012.27834168222,111892.66070906594
Deaths,Global,Both,All ages,Testicular cancer,Number,1998,8571.307700099163,10522.785560067863,7136.824501882257
Deaths,Global,Both,All ages,Kidney cancer,Number,1998,96426.80136895768,103884.1366253185,89210.65249747393
Deaths,Global,Both,All ages,Bladder cancer,Number,1998,141566.47465818806,151849.61215921835,131626.32364487054
Deaths,Global,Both,All ages,Brain and central nervous system cancer,Number,1998,168063.34025108223,192070.75484679014,142485.0019783571
Deaths,Global,Both,All ages,Thyroid cancer,Number,1998,27660.98755737235,32040.89142223831,24606.338013843128
Deaths,Global,Both,All ages,Mesothelioma,Number,1998,16435.543039774213,18255.580952489185,14887.650464650043
Deaths,Global,Both,All ages,Hodgkin lymphoma,Number,1998,29164.5719718267,35806.959097378,22489.287789033773
Deaths,Global,Both,All ages,Non-Hodgkin lymphoma,Number,1998,183738.4780858427,203218.69977870176,168098.1515889967
Deaths,Global,Both,All ages,Multiple myeloma,Number,1998,64262.69715417302,69395.89185360327,59035.96447334313
Deaths,Global,Both,All ages,Leukemia,Number,1998,286187.9367733872,312495.1571984951,253950.92211050692
Deaths,Global,Both,All ages,Other malignant neoplasms,Number,1998,160592.80486170022,177961.79350138328,144758.82279253475
Deaths,Global,Both,All ages,Other neoplasms,Number,1998,65586.60291130608,74022.77793757866,57118.63016913733
Deaths,Global,Both,All ages,Uterine cancer,Number,1997,64114.24802689534,71536.90048298222,54719.100081266115
Deaths,Global,Both,All ages,Prostate cancer,Number,1997,257467.8813547838,280479.21261796635,230066.8075334997
Deaths,Global,Both,All ages,Colon and rectum cancer,Number,1997,664989.0646213442,701761.8148212866,619865.148443866
Deaths,Global,Both,All ages,Lip and oral cavity cancer,Number,1997,112601.67003938065,124226.83101786573,100567.12897335408
Deaths,Global,Both,All ages,Nasopharynx cancer,Number,1997,65450.53672168026,72231.58036693682,56256.54384314752
Deaths,Global,Both,All ages,Other pharynx cancer,Number,1997,51219.40879706877,60646.80391494874,43483.529621081754
Deaths,Global,Both,All ages,Soft tissue and other extraosseous sarcomas,Number,1997,37395.138259613675,47844.0576618246,30403.02126578517
Deaths,Global,Both,All ages,Malignant neoplasm of bone and articular cartilage,Number,1997,45867.79601954247,57924.820830847,37370.07646530038
Deaths,Global,Both,All ages,Neuroblastoma and other peripheral nervous cell tumors,Number,1997,3994.575814142684,4792.551838957046,3271.3643314261426
Deaths,Global,Both,All ages,Esophageal cancer,Number,2012,428867.4195831626,456653.8305680558,393044.34900346847
Deaths,Global,Both,All ages,Stomach cancer,Number,2012,862647.1775943288,976413.6485910624,747589.2624736389
Deaths,Global,Both,All ages,Liver cancer,Number,2012,391760.5146216321,432147.11672114366,350515.19131769147
Deaths,Global,Both,All ages,Larynx cancer,Number,2012,99582.85067495875,115832.2067159989,87349.62165756033
Deaths,Global,Both,All ages,"Tracheal, bronchus, and lung cancer",Number,2012,1603900.314000218,1701194.1252613412,1479171.5381080697
Deaths,Global,Both,All ages,Breast cancer,Number,2012,548003.59876396,599976.7382890646,496149.59649402363
Deaths,Global,Both,All ages,Cervical cancer,Number,2012,271838.2110687127,349899.63533171127,223319.94232775836
Deaths,Global,Both,All ages,Uterine cancer,Number,2012,79630.15747121935,90733.59206648188,70164.25868848099
Deaths,Global,Both,All ages,Prostate cancer,Number,2012,348279.81273026863,389024.57008313015,310529.8740927935
Deaths,Global,Both,All ages,Colon and rectum cancer,Number,2012,857629.8485061222,914650.0880383875,794996.894448695
Deaths,Global,Both,All ages,Lip and oral cavity cancer,Number,2012,161175.44235569527,182056.8200914792,144511.9568830088
Deaths,Global,Both,All ages,Nasopharynx cancer,Number,2012,58867.47982750601,67000.15805452983,52728.19668210262
Deaths,Global,Both,All ages,Other pharynx cancer,Number,2012,77822.61775550418,94179.28726558776,65716.66638935417
Deaths,Global,Both,All ages,Uterine cancer,Number,1998,65238.968754113615,73204.58062618678,55880.29954672589
Deaths,Global,Both,All ages,Prostate cancer,Number,1998,263806.3782535927,289772.3875225555,235659.80093673017
Deaths,Global,Both,All ages,Colon and rectum cancer,Number,1998,678119.2625163525,715176.0459165074,632274.9280388909
Deaths,Global,Both,All ages,Lip and oral cavity cancer,Number,1998,115385.75863494875,126953.16297052677,102798.50212701784
Deaths,Global,Both,All ages,Nasopharynx cancer,Number,1998,65653.52312191403,72444.17654643531,56849.83139184367
Deaths,Global,Both,All ages,Other pharynx cancer,Number,1998,52608.23067665102,63550.191543877874,45102.19511686192
Deaths,Global,Both,All ages,Eye cancer,Number,1998,9482.94460204861,15134.389994055551,6617.908078625491
Deaths,Global,Both,All ages,Esophageal cancer,Number,2001,451531.6338344645,488116.79685776896,383589.7273204541
Deaths,Global,Both,All ages,Stomach cancer,Number,2001,945856.7469056069,1031058.3168011034,806153.0452568175
Deaths,Global,Both,All ages,Liver cancer,Number,2001,330786.8198136306,362771.87283826736,303894.2064824799
Deaths,Global,Both,All ages,Larynx cancer,Number,2001,88307.45694489992,99478.20885214773,78421.28018435935
Deaths,Global,Both,All ages,"Tracheal, bronchus, and lung cancer",Number,2001,1342363.3708053424,1429401.2580696403,1259291.319297423
Deaths,Global,Both,All ages,Breast cancer,Number,2001,453426.40557205025,487503.9478147626,415602.6207805622
Deaths,Global,Both,All ages,Cervical cancer,Number,2001,238466.16567025104,303825.8295329561,191573.7352270932
Deaths,Global,Both,All ages,Esophageal cancer,Number,2000,443528.6542278905,481586.8586545543,380268.8783020745
Deaths,Global,Both,All ages,Stomach cancer,Number,2000,943060.6363913347,1042230.1848221722,808328.7477242474
Deaths,Global,Both,All ages,Liver cancer,Number,2000,325809.0592946688,357867.6840153482,297757.47537049185
Deaths,Global,Both,All ages,Larynx cancer,Number,2000,87931.25399226446,98849.9828701609,77722.84945808674
Deaths,Global,Both,All ages,"Tracheal, bronchus, and lung cancer",Number,2000,1321972.4175800108,1408776.5318070531,1243410.7034227734
Deaths,Global,Both,All ages,Breast cancer,Number,2000,446410.12469272997,481823.74063401687,408743.369030348
Deaths,Global,Both,All ages,Cervical cancer,Number,2000,235705.9163031413,300692.1292261342,190606.16587622746
Deaths,Global,Both,All ages,Gallbladder and biliary tract cancer,Number,2000,118555.38782652767,132741.64145493665,105846.4474966394
Deaths,Global,Both,All ages,Pancreatic cancer,Number,2000,280491.2694068605,294292.5306601283,262510.77871953684
Deaths,Global,Both,All ages,Malignant skin melanoma,Number,2000,41930.61450683843,45521.75223013228,38701.41036145476
Deaths,Global,Both,All ages,Non-melanoma skin cancer,Number,2000,30243.621078241296,33746.81336676821,27151.727848926992
Deaths,Global,Both,All ages,Ovarian cancer,Number,2000,129911.13870114202,142719.8156968839,117132.84835238746
Deaths,Global,Both,All ages,Testicular cancer,Number,2000,8792.955679013652,10918.994226112223,7210.296554175733
Deaths,Global,Both,All ages,Kidney cancer,Number,2000,101081.50694164385,108748.15830386957,93236.47040752547
Deaths,Global,Both,All ages,Bladder cancer,Number,2000,146155.953361224,156823.49408292578,135140.15093489233
Deaths,Global,Both,All ages,Brain and central nervous system cancer,Number,2000,175173.27832076335,200066.21650607308,150851.80336261078
Deaths,Global,Both,All ages,Thyroid cancer,Number,2000,28802.57082469859,33499.930062055384,25665.02492067579
Deaths,Global,Both,All ages,Mesothelioma,Number,2000,17245.070613581873,19239.651464866853,15620.518383301269
Deaths,Global,Both,All ages,Hodgkin lymphoma,Number,2000,28783.84257614814,35434.07597469298,22413.21289179121
Deaths,Global,Both,All ages,Non-Hodgkin lymphoma,Number,2000,188515.208586554,209473.1682196052,173883.16485934393
Deaths,Global,Both,All ages,Multiple myeloma,Number,2000,68243.75370263503,73792.95966072816,62322.87213772152
Deaths,Global,Both,All ages,Leukemia,Number,2000,291946.61253456515,320524.6859051006,260226.49926213795
Deaths,Global,Both,All ages,Other malignant neoplasms,Number,2000,157199.9529639934,174071.477220719,142004.73199547257
Deaths,Global,Both,All ages,Other neoplasms,Number,2000,69941.78301418474,79148.23962349907,61157.34882625979
Deaths,Global,Both,All ages,Esophageal cancer,Number,2004,455739.28127385717,488764.5032305958,398359.4086753205
Deaths,Global,Both,All ages,Stomach cancer,Number,2004,933196.8461714964,1014381.2062853654,784510.9063396681
Deaths,Global,Both,All ages,Liver cancer,Number,2004,332261.5920062962,370625.0382276397,302850.94378478196
Deaths,Global,Both,All ages,Larynx cancer,Number,2004,88747.09664354046,99696.945379379,78919.28653475785
Deaths,Global,Both,All ages,"Tracheal, bronchus, and lung cancer",Number,2004,1400468.57033454,1491054.9192404896,1298447.4336758195
Deaths,Global,Both,All ages,Breast cancer,Number,2004,469146.9104303245,502107.4468228292,429024.58788712317
Deaths,Global,Both,All ages,Cervical cancer,Number,2004,243547.80596370323,312147.50195556,198993.0978172999
Deaths,Global,Both,All ages,Esophageal cancer,Number,2015,444666.9581104641,476036.45942340826,407497.79622061725
Deaths,Global,Both,All ages,Stomach cancer,Number,2015,855986.1867886678,992578.4454013921,754293.1351375042
Deaths,Global,Both,All ages,Liver cancer,Number,2015,421048.69281689863,460082.00304320746,385157.5299501873
Deaths,Global,Both,All ages,Larynx cancer,Number,2015,103996.79221784187,122227.83845312834,90107.49571079866
Deaths,Global,Both,All ages,"Tracheal, bronchus, and lung cancer",Number,2015,1707829.725541122,1828841.9622056687,1570465.0463908305
Deaths,Global,Both,All ages,Breast cancer,Number,2015,598396.1693488711,653389.5500740828,539218.1557229258
Deaths,Global,Both,All ages,Cervical cancer,Number,2015,295305.3326893091,378608.99339315784,242050.33934457882
Deaths,Global,Both,All ages,Uterine cancer,Number,2015,86095.50357848172,98133.52967073029,76166.42026033008
Deaths,Global,Both,All ages,Prostate cancer,Number,2015,374206.98560677364,414508.6952744933,335696.91910117515
Deaths,Global,Both,All ages,Colon and rectum cancer,Number,2015,908924.8964893172,975534.8242197077,837604.9304453487
Deaths,Global,Both,All ages,Lip and oral cavity cancer,Number,2015,174306.57801595784,200929.7277163803,154900.04563655113
Deaths,Global,Both,All ages,Nasopharynx cancer,Number,2015,61561.90323882274,69877.69084079903,54801.32493980334
Deaths,Global,Both,All ages,Other pharynx cancer,Number,2015,83959.03237813666,102479.55415581136,70776.37696393888
Deaths,Global,Both,All ages,Soft tissue and other extraosseous sarcomas,Number,1996,37176.33782874291,46968.81170430005,30184.098148547957
Deaths,Global,Both,All ages,Malignant neoplasm of bone and articular cartilage,Number,1996,45140.361828238136,57578.17239603722,36876.26303923913
Deaths,Global,Both,All ages,Neuroblastoma and other peripheral nervous cell tumors,Number,1996,3938.4217808289172,4741.949269983189,3186.08457163471
Deaths,Global,Both,All ages,Uterine cancer,Number,2001,67969.72628185898,75926.48079592154,58147.81051836196
Deaths,Global,Both,All ages,Prostate cancer,Number,2001,279799.76887715404,307551.6501422758,249155.1028300722
Deaths,Global,Both,All ages,Colon and rectum cancer,Number,2001,714568.7656742943,753418.5645245583,666224.4951385583
Deaths,Global,Both,All ages,Lip and oral cavity cancer,Number,2001,123600.87613064093,135608.1606546568,111121.02100777838
Deaths,Global,Both,All ages,Nasopharynx cancer,Number,2001,63113.68116172412,70920.65390251881,55457.53037405167
Deaths,Global,Both,All ages,Other pharynx cancer,Number,2001,55795.29287827184,67668.11717696114,47877.67632694456
Deaths,Global,Both,All ages,Gallbladder and biliary tract cancer,Number,1999,117892.88357196208,133086.92191840376,105921.32833414375
Deaths,Global,Both,All ages,Pancreatic cancer,Number,1999,273752.44785005087,288407.82534332544,255868.0208778971
Deaths,Global,Both,All ages,Malignant skin melanoma,Number,1999,40762.72065468919,44313.32703671454,37515.63450743057
Deaths,Global,Both,All ages,Non-melanoma skin cancer,Number,1999,29242.63564477895,32809.02643451112,26257.727247333984
Deaths,Global,Both,All ages,Ovarian cancer,Number,1999,126966.62293493547,139279.27622785527,114135.351214493
Deaths,Global,Both,All ages,Testicular cancer,Number,1999,8727.05844517922,10813.78678079567,7206.755921368474
Deaths,Global,Both,All ages,Kidney cancer,Number,1999,98365.4908329771,105735.48227897732,90882.5723971757
Deaths,Global,Both,All ages,Bladder cancer,Number,1999,144630.5702133086,155183.80803163245,133723.5580285368
Deaths,Global,Both,All ages,Brain and central nervous system cancer,Number,1999,171099.33268743666,195980.1497341323,146382.09736453003
Deaths,Global,Both,All ages,Thyroid cancer,Number,1999,28294.230908234887,33050.09506410902,25168.55650613579
Deaths,Global,Both,All ages,Mesothelioma,Number,1999,16998.086990745393,18840.71680142984,15407.55291436619
Deaths,Global,Both,All ages,Hodgkin lymphoma,Number,1999,29065.09156053953,35614.046553952954,22545.306192366716
Deaths,Global,Both,All ages,Non-Hodgkin lymphoma,Number,1999,186832.2007483027,206702.6202301712,171355.1259279722
Deaths,Global,Both,All ages,Multiple myeloma,Number,1999,66668.37348338627,72071.49694195463,61064.26748342535
Deaths,Global,Both,All ages,Leukemia,Number,1999,289592.59488826204,316441.70153860515,257916.10175101086
Deaths,Global,Both,All ages,Other malignant neoplasms,Number,1999,160250.64652166938,177035.22896094626,144648.11446803
Deaths,Global,Both,All ages,Other neoplasms,Number,1999,68129.42028373535,76843.02668115911,59490.07241756894
Deaths,Global,Both,All ages,Uterine cancer,Number,2000,67172.82747643406,74899.74141110625,57584.18906761988
Deaths,Global,Both,All ages,Prostate cancer,Number,2000,274423.8457324822,301921.19720549055,243713.8043029592
Deaths,Global,Both,All ages,Colon and rectum cancer,Number,2000,704314.9714342462,742915.9727881992,655816.7074864808
Deaths,Global,Both,All ages,Lip and oral cavity cancer,Number,2000,120556.20761912646,130967.84750128238,108093.68273621947
Deaths,Global,Both,All ages,Nasopharynx cancer,Number,2000,64190.31919764617,71493.33468391914,56318.91213510916
Deaths,Global,Both,All ages,Other pharynx cancer,Number,2000,54191.53778480385,65691.77171609321,46674.25905492589
Deaths,Global,Both,All ages,Esophageal cancer,Number,2003,457719.67321787856,492736.2322022431,394928.57957910036
Deaths,Global,Both,All ages,Stomach cancer,Number,2003,944355.2946530047,1034688.7725269696,794114.5471171451
Deaths,Global,Both,All ages,Liver cancer,Number,2003,333107.4743666642,368013.83785224904,306197.01625584764
Deaths,Global,Both,All ages,Larynx cancer,Number,2003,89284.29113999204,100261.65261562925,79424.07623274354
Deaths,Global,Both,All ages,"Tracheal, bronchus, and lung cancer",Number,2003,1386650.251919552,1475774.8179250972,1294724.830286975
Deaths,Global,Both,All ages,Breast cancer,Number,2003,466922.58168499684,497079.05263774405,429082.5191416874
Deaths,Global,Both,All ages,Cervical cancer,Number,2003,242584.43832246566,310153.9003495802,197894.3756773782
Deaths,Global,Both,All ages,Eye cancer,Number,2000,9497.156865879499,14112.425918833023,6512.5569560592185
Deaths,Global,Both,All ages,Uterine cancer,Number,2004,70217.33376716002,79254.77545963188,60749.56679025312
Deaths,Global,Both,All ages,Prostate cancer,Number,2004,295404.52563549083,325256.16088330693,265408.7353999434
Deaths,Global,Both,All ages,Colon and rectum cancer,Number,2004,740526.7155150904,780035.5759830939,693050.0572067132
Deaths,Global,Both,All ages,Lip and oral cavity cancer,Number,2004,128963.81682362479,142112.2004739708,115908.04015493914
Deaths,Global,Both,All ages,Nasopharynx cancer,Number,2004,57841.16641816729,65123.95455066203,50731.18043396736
Deaths,Global,Both,All ages,Other pharynx cancer,Number,2004,59518.23233411243,72149.79683676649,50342.56762834842
Deaths,Global,Both,All ages,Esophageal cancer,Number,2007,457269.02190207905,490829.27672843053,408666.2116226676
Deaths,Global,Both,All ages,Stomach cancer,Number,2007,917298.2726856661,990129.0966399316,775945.6555168076
Deaths,Global,Both,All ages,Liver cancer,Number,2007,357895.4589424823,396432.4553712733,326460.27991882747
Deaths,Global,Both,All ages,Larynx cancer,Number,2007,92715.1081572538,106133.24756856915,81857.82940584718
Deaths,Global,Both,All ages,"Tracheal, bronchus, and lung cancer",Number,2007,1493884.9562700647,1586165.7350818217,1376376.5900170377
Deaths,Global,Both,All ages,Breast cancer,Number,2007,492961.1716883604,535256.577772399,448785.75384554005
Deaths,Global,Both,All ages,Cervical cancer,Number,2007,252777.60544418843,316111.30865793594,208611.6698221902
Deaths,Global,Both,All ages,Esophageal cancer,Number,2008,451924.9896505483,485112.2754809022,408903.6326293202
Deaths,Global,Both,All ages,Stomach cancer,Number,2008,908482.0503579382,990276.6001439958,766535.3263383409
Deaths,Global,Both,All ages,Liver cancer,Number,2008,369143.62127895246,406996.86640348827,332937.1860507074
Deaths,Global,Both,All ages,Larynx cancer,Number,2008,94309.50819573317,108450.02648492654,83340.51013043856
Deaths,Global,Both,All ages,"Tracheal, bronchus, and lung cancer",Number,2008,1524168.0472572276,1612536.8465240651,1412966.5657307603
Deaths,Global,Both,All ages,Breast cancer,Number,2008,505711.11301693815,548756.5393895819,456717.78203055944
Deaths,Global,Both,All ages,Cervical cancer,Number,2008,256625.44284217307,322269.1120352623,212558.30752395577
Deaths,Global,Both,All ages,Uterine cancer,Number,2003,70059.42320233738,78691.8886308625,60680.74081172392
Deaths,Global,Both,All ages,Prostate cancer,Number,2003,293550.22071858915,323338.4486683773,262970.661910817
Deaths,Global,Both,All ages,Colon and rectum cancer,Number,2003,738335.6650926562,780020.9889035148,689813.3872646465
Deaths,Global,Both,All ages,Lip and oral cavity cancer,Number,2003,128207.90773309857,140720.27485203408,115043.74978428165
Deaths,Global,Both,All ages,Nasopharynx cancer,Number,2003,59622.921260146264,67366.6790898396,52314.67614969965
Deaths,Global,Both,All ages,Other pharynx cancer,Number,2003,58963.64178223833,70770.14557492344,50036.148066890026
Deaths,Global,Both,All ages,Gallbladder and biliary tract cancer,Number,2003,123874.52933311329,138754.53576164343,110415.06864078506
Deaths,Global,Both,All ages,Pancreatic cancer,Number,2003,302661.37398504576,317352.1584677447,282702.74647198804
Deaths,Global,Both,All ages,Malignant skin melanoma,Number,2003,45110.1176572837,49010.590280667384,41558.994066780884
Deaths,Global,Both,All ages,Non-melanoma skin cancer,Number,2003,32981.26054787818,36511.44494204075,29320.865672770353
Deaths,Global,Both,All ages,Ovarian cancer,Number,2003,137941.28018274627,152726.8525915474,126085.0814700824
Deaths,Global,Both,All ages,Testicular cancer,Number,2003,8727.209102341845,10832.906669682658,7232.115903843606
Deaths,Global,Both,All ages,Kidney cancer,Number,2003,110480.94138436914,118710.1722556245,100605.08353574057
Deaths,Global,Both,All ages,Bladder cancer,Number,2003,152088.03766534277,162890.10241512285,140726.53698774806
Deaths,Global,Both,All ages,Brain and central nervous system cancer,Number,2003,184975.8166775224,215031.36697801098,160521.50383193078
Deaths,Global,Both,All ages,Thyroid cancer,Number,2003,30412.85748246233,34480.11458723616,26984.50865618865
Deaths,Global,Both,All ages,Mesothelioma,Number,2003,18682.614995068507,20661.62132412907,16840.19808672687
Deaths,Global,Both,All ages,Hodgkin lymphoma,Number,2003,28136.17890094174,34719.18685924534,22324.14133177076
Deaths,Global,Both,All ages,Non-Hodgkin lymphoma,Number,2003,191703.40311697486,215010.1958841418,174758.23439429837
Deaths,Global,Both,All ages,Multiple myeloma,Number,2003,73440.7880008246,78801.24992399536,67363.16444491305
Deaths,Global,Both,All ages,Leukemia,Number,2003,295988.0675692539,326348.1859070654,265120.8893291338
Deaths,Global,Both,All ages,Other malignant neoplasms,Number,2003,153679.66038072453,169491.95165867015,138096.76073998105
Deaths,Global,Both,All ages,Other neoplasms,Number,2003,75235.41063661553,85077.40279698287,65424.31688413835
Deaths,Global,Both,All ages,Esophageal cancer,Number,2006,454900.4669892144,488547.80868300854,405179.47205082973
Deaths,Global,Both,All ages,Stomach cancer,Number,2006,915486.9164609361,992034.4044954119,781241.1453170774
Deaths,Global,Both,All ages,Liver cancer,Number,2006,347369.71435708116,384686.89375944994,318007.35744232836
Deaths,Global,Both,All ages,Larynx cancer,Number,2006,90903.75628081683,103201.98938302486,80283.80267380981
Deaths,Global,Both,All ages,"Tracheal, bronchus, and lung cancer",Number,2006,1454161.2463024245,1543275.6286574001,1348084.5208892648
Deaths,Global,Both,All ages,Breast cancer,Number,2006,482617.36812025047,521590.55215369543,439840.685987695
Deaths,Global,Both,All ages,Cervical cancer,Number,2006,247800.38195533058,312455.9314569074,204951.5085467074
Deaths,Global,Both,All ages,Eye cancer,Number,1999,9525.376903071636,14776.469266193064,6577.963191520684
Deaths,Global,Both,All ages,Uterine cancer,Number,2007,72821.27573506725,82464.58497511635,62851.06860770167
Deaths,Global,Both,All ages,Prostate cancer,Number,2007,315289.7833310109,349225.95870389853,284672.14541881747
Deaths,Global,Both,All ages,Colon and rectum cancer,Number,2007,787163.7562911964,830654.7384156253,730133.4596446966
Deaths,Global,Both,All ages,Lip and oral cavity cancer,Number,2007,141046.05673014623,157751.5574296137,126241.7970445368
Deaths,Global,Both,All ages,Nasopharynx cancer,Number,2007,58337.61042369592,65064.45104892201,52253.220500777774
Deaths,Global,Both,All ages,Other pharynx cancer,Number,2007,66543.0291529771,81907.38825672075,55624.66376107762
Deaths,Global,Both,All ages,Soft tissue and other extraosseous sarcomas,Number,1998,37514.584240437194,48231.327055016176,30182.638092457513
Deaths,Global,Both,All ages,Malignant neoplasm of bone and articular cartilage,Number,1998,46929.56815504426,59046.150542132105,38491.13415853163
Deaths,Global,Both,All ages,Neuroblastoma and other peripheral nervous cell tumors,Number,1998,4068.012701816589,4857.65783690074,3364.7210758339625
Deaths,Global,Both,All ages,Esophageal cancer,Number,2010,441096.23764254036,471257.630871555,401260.2982255379
Deaths,Global,Both,All ages,Stomach cancer,Number,2010,888005.4672546686,986635.34416887,758032.8103080845
Deaths,Global,Both,All ages,Liver cancer,Number,2010,380572.5034086388,418128.6523124419,342636.76337226876
Deaths,Global,Both,All ages,Larynx cancer,Number,2010,96943.41780404326,111438.42918136086,85915.3305668494
Deaths,Global,Both,All ages,"Tracheal, bronchus, and lung cancer",Number,2010,1553585.0597505218,1645187.4382982883,1435412.0211045197
Deaths,Global,Both,All ages,Breast cancer,Number,2010,527959.130524932,576691.7586412084,475093.87454191875
Deaths,Global,Both,All ages,Cervical cancer,Number,2010,264210.65221816045,333450.49225745373,217937.17790205462
Deaths,Global,Both,All ages,Gallbladder and biliary tract cancer,Number,2002,121702.85145365408,136250.00627095837,108278.19003350695
Deaths,Global,Both,All ages,Pancreatic cancer,Number,2002,295182.91136049654,309198.7337832269,274918.61913562764
Deaths,Global,Both,All ages,Malignant skin melanoma,Number,2002,43777.6820881167,47402.90620931757,40284.292215989444
Deaths,Global,Both,All ages,Non-melanoma skin cancer,Number,2002,32361.53923885427,35998.78931701785,29139.677069686077
Deaths,Global,Both,All ages,Ovarian cancer,Number,2002,135956.1922732272,150039.70598232135,123739.02298757565
Deaths,Global,Both,All ages,Testicular cancer,Number,2002,8749.918867241591,10966.429061082452,7210.936772083581
Deaths,Global,Both,All ages,Kidney cancer,Number,2002,107100.5373602411,115039.83893307194,97821.03918319875
Deaths,Global,Both,All ages,Bladder cancer,Number,2002,150308.5439785491,161301.5683565093,139137.42195147046
Deaths,Global,Both,All ages,Brain and central nervous system cancer,Number,2002,181778.63196957117,209240.00247638737,158399.8768127089
Deaths,Global,Both,All ages,Thyroid cancer,Number,2002,30016.524722224745,33927.418127752004,26868.498298251172
Deaths,Global,Both,All ages,Mesothelioma,Number,2002,18078.84717414989,20091.680698018794,16380.566886484121
Deaths,Global,Both,All ages,Hodgkin lymphoma,Number,2002,28362.84922467342,34334.28629504167,22509.06335135041
Deaths,Global,Both,All ages,Non-Hodgkin lymphoma,Number,2002,190369.28333928864,214063.66946640259,174538.19836928745
Deaths,Global,Both,All ages,Multiple myeloma,Number,2002,71749.07636158867,77314.20766888691,65737.93150683054
Deaths,Global,Both,All ages,Leukemia,Number,2002,294718.6838076491,324898.07744656625,262844.05522895505
Deaths,Global,Both,All ages,Other malignant neoplasms,Number,2002,154910.71394965745,169525.21731279325,139749.39547837983
Deaths,Global,Both,All ages,Other neoplasms,Number,2002,73249.36099956348,82548.71173093219,63738.62952057017
Deaths,Global,Both,All ages,Uterine cancer,Number,2008,74470.06707312782,84473.22162969068,64240.16101614511
Deaths,Global,Both,All ages,Prostate cancer,Number,2008,323068.16782525036,361377.4597581255,291046.2302130562
Deaths,Global,Both,All ages,Colon and rectum cancer,Number,2008,804977.6153188042,849287.9183405776,745765.192099976
Deaths,Global,Both,All ages,Lip and oral cavity cancer,Number,2008,145180.28452166033,163234.2622737479,129908.27395298505
Deaths,Global,Both,All ages,Nasopharynx cancer,Number,2008,58534.05220268131,65296.90572562256,52265.03491111284
Deaths,Global,Both,All ages,Other pharynx cancer,Number,2008,69040.50972504853,84165.63837492952,57339.36320145274
Deaths,Global,Both,All ages,Esophageal cancer,Number,2011,431908.9858959916,461821.97329504136,395155.1821974851
Deaths,Global,Both,All ages,Stomach cancer,Number,2011,869479.6297900134,976445.6001664731,750216.1125704292
Deaths,Global,Both,All ages,Liver cancer,Number,2011,384361.2581340731,421797.93012104573,343862.68607691384
Deaths,Global,Both,All ages,Larynx cancer,Number,2011,98133.15014560912,113492.51207168157,86944.80083483314
Deaths,Global,Both,All ages,"Tracheal, bronchus, and lung cancer",Number,2011,1581223.8578204846,1672669.2557787802,1459219.7587671955
Deaths,Global,Both,All ages,Breast cancer,Number,2011,536360.212036094,586688.7180010163,483490.5079037101
Deaths,Global,Both,All ages,Cervical cancer,Number,2011,267196.4101685527,339489.0035096825,220259.48310571266
Deaths,Global,Both,All ages,Uterine cancer,Number,2006,71394.80348602388,80746.75781343742,61647.43247123813
Deaths,Global,Both,All ages,Prostate cancer,Number,2006,307297.0824124512,340148.0834706729,277499.9535796924
Deaths,Global,Both,All ages,Colon and rectum cancer,Number,2006,767829.0587404737,809767.8169803758,713168.9246832166
Deaths,Global,Both,All ages,Lip and oral cavity cancer,Number,2006,135966.29874703253,152218.5781213075,122346.33249687476
Deaths,Global,Both,All ages,Nasopharynx cancer,Number,2006,57370.17143662222,63813.25196256357,51377.22839970413
Deaths,Global,Both,All ages,Other pharynx cancer,Number,2006,63536.77542511215,77735.67055339525,53312.503984533105
Deaths,Global,Both,All ages,Esophageal cancer,Number,2014,429754.9941931246,459920.7006801331,394233.34815221175
Deaths,Global,Both,All ages,Stomach cancer,Number,2014,842352.3753414365,968644.292015426,740460.1156993905
Deaths,Global,Both,All ages,Liver cancer,Number,2014,407374.01354985056,444781.99225363444,369000.76095635083
Deaths,Global,Both,All ages,Larynx cancer,Number,2014,101152.73440190058,117756.35955368691,87695.78440926956
Deaths,Global,Both,All ages,"Tracheal, bronchus, and lung cancer",Number,2014,1667232.5075549681,1770152.4965237742,1538851.2977045577
Deaths,Global,Both,All ages,Breast cancer,Number,2014,575663.8449929311,631895.6847499532,520805.46501136693
Deaths,Global,Both,All ages,Cervical cancer,Number,2014,286069.74156564655,369412.7224508919,233483.49603302142
Deaths,Global,Both,All ages,Uterine cancer,Number,2010,77163.94125113262,87989.33436713803,67680.62179561566
Deaths,Global,Both,All ages,Prostate cancer,Number,2010,336604.5917293403,377482.5839965667,301886.86980290106
Deaths,Global,Both,All ages,Colon and rectum cancer,Number,2010,830534.4793115119,880052.5950354411,769875.8593365044
Deaths,Global,Both,All ages,Lip and oral cavity cancer,Number,2010,154347.6396203023,173631.96858926179,139028.7646536746
Deaths,Global,Both,All ages,Nasopharynx cancer,Number,2010,58982.34735312638,66766.08576239621,52805.395372102634
Deaths,Global,Both,All ages,Other pharynx cancer,Number,2010,74657.8553788831,89546.01812939638,62248.56919312192
Deaths,Global,Both,All ages,Esophageal cancer,Number,2009,447041.10061122116,480593.6289174044,404976.52000252315
Deaths,Global,Both,All ages,Stomach cancer,Number,2009,897828.228033376,985706.1562831651,757995.7805550919
Deaths,Global,Both,All ages,Liver cancer,Number,2009,374147.89843371604,412449.4650322661,339242.8902166278
Deaths,Global,Both,All ages,Larynx cancer,Number,2009,95291.66256168592,109852.15029404081,84261.13683190805
Deaths,Global,Both,All ages,"Tracheal, bronchus, and lung cancer",Number,2009,1543713.8563108414,1638921.5398590076,1426533.6517302878
Deaths,Global,Both,All ages,Breast cancer,Number,2009,514355.52772740915,561509.3377627388,462669.6395869632
Deaths,Global,Both,All ages,Cervical cancer,Number,2009,259661.5965686845,328841.29097992287,214306.61265640624
Deaths,Global,Both,All ages,Esophageal cancer,Number,2013,423664.5914620926,452423.8412359189,388234.9933311136
Deaths,Global,Both,All ages,Stomach cancer,Number,2013,845253.213863319,961759.9331998841,739898.8258865721
Deaths,Global,Both,All ages,Liver cancer,Number,2013,397120.9595664773,436296.3330489028,357954.11278812215
Deaths,Global,Both,All ages,Larynx cancer,Number,2013,100080.05921058285,116811.8394313743,87187.81867747506
Deaths,Global,Both,All ages,"Tracheal, bronchus, and lung cancer",Number,2013,1635409.5788571206,1734982.2510143118,1511049.0340064564
Deaths,Global,Both,All ages,Breast cancer,Number,2013,561030.1215676608,618874.9048796226,509773.7333255286
Deaths,Global,Both,All ages,Cervical cancer,Number,2013,277273.7421600187,360775.8493513773,228616.92870457278
Deaths,Global,Both,All ages,Eye cancer,Number,2003,9746.240963871938,13772.294028052305,6846.568265073354
Deaths,Global,Both,All ages,Uterine cancer,Number,2011,78084.54077711761,89002.31277654553,68576.26280783526
Deaths,Global,Both,All ages,Prostate cancer,Number,2011,341407.1971327129,382206.12917595415,305496.5166271279
Deaths,Global,Both,All ages,Colon and rectum cancer,Number,2011,840817.6331550671,892469.6796332996,783042.0826455241
Deaths,Global,Both,All ages,Lip and oral cavity cancer,Number,2011,157807.50119807906,177796.958312436,141941.87589267158
Deaths,Global,Both,All ages,Nasopharynx cancer,Number,2011,58709.83285287332,67225.49939601315,52704.01601829068
Deaths,Global,Both,All ages,Other pharynx cancer,Number,2011,76252.67294253122,91795.23649269751,64046.1228242403
Deaths,Global,Both,All ages,Uterine cancer,Number,2014,82456.16551391933,94295.74535231646,73122.27727921633
Deaths,Global,Both,All ages,Prostate cancer,Number,2014,360700.14247711835,399719.6164927389,323003.02422159375
Deaths,Global,Both,All ages,Colon and rectum cancer,Number,2014,878699.4322796911,942617.0274771155,806319.1054402752
Deaths,Global,Both,All ages,Lip and oral cavity cancer,Number,2014,168205.9383948231,192050.23040772587,149813.84660588816
Deaths,Global,Both,All ages,Nasopharynx cancer,Number,2014,59763.31882412045,67917.59744725727,53336.59443984608
Deaths,Global,Both,All ages,Other pharynx cancer,Number,2014,80488.71861202389,97916.35740021181,67935.67065744023
Deaths,Global,Both,All ages,Uterine cancer,Number,2009,75296.93550068517,85639.1779952421,65223.09786663054
Deaths,Global,Both,All ages,Prostate cancer,Number,2009,327300.6315381293,366569.05851967173,294249.79833665217
Deaths,Global,Both,All ages,Colon and rectum cancer,Number,2009,812957.4928529175,858565.695197899,750712.3064643695
Deaths,Global,Both,All ages,Lip and oral cavity cancer,Number,2009,149026.01066786383,167506.085508337,133368.43388999676
Deaths,Global,Both,All ages,Nasopharynx cancer,Number,2009,58722.42744939271,66178.91843088578,52207.40886316503
Deaths,Global,Both,All ages,Other pharynx cancer,Number,2009,71288.35000551397,85722.80451039576,59189.28982425457
Deaths,Global,Both,All ages,Uterine cancer,Number,2013,81345.67080499427,93457.49151409403,72340.38962133907
Deaths,Global,Both,All ages,Prostate cancer,Number,2013,354099.24076492485,393717.37786067213,315682.14682082
Deaths,Global,Both,All ages,Colon and rectum cancer,Number,2013,865700.9745570609,926731.8621741696,797569.8521347977
Deaths,Global,Both,All ages,Lip and oral cavity cancer,Number,2013,164487.36536790695,187387.72204883047,147192.82439983188
Deaths,Global,Both,All ages,Nasopharynx cancer,Number,2013,59077.29574394672,66911.36120105372,52634.9879223342
Deaths,Global,Both,All ages,Other pharynx cancer,Number,2013,79267.0719533377,96158.79290568283,67086.16090186148
Deaths,Global,Both,All ages,Gallbladder and biliary tract cancer,Number,2006,129362.78182143156,146093.33792498102,113977.38118170471
Deaths,Global,Both,All ages,Pancreatic cancer,Number,2006,327969.1429982373,344392.387875439,308726.23736897204
Deaths,Global,Both,All ages,Malignant skin melanoma,Number,2006,48467.89681118506,53159.83181547982,44847.011497533254
Deaths,Global,Both,All ages,Non-melanoma skin cancer,Number,2006,35843.296212758236,39936.53510997076,31123.186737486056
Deaths,Global,Both,All ages,Ovarian cancer,Number,2006,143081.75509360436,158754.11579576804,130213.59543067633
Deaths,Global,Both,All ages,Testicular cancer,Number,2006,8752.472574739593,10877.026565895296,7339.045861100348
Deaths,Global,Both,All ages,Kidney cancer,Number,2006,117380.90046327106,126582.66202967055,106679.17414850862
Deaths,Global,Both,All ages,Bladder cancer,Number,2006,156570.7000193464,166779.91651982156,145771.7875915866
Deaths,Global,Both,All ages,Brain and central nervous system cancer,Number,2006,193137.97829271207,224553.9048828644,168018.22284002567
Deaths,Global,Both,All ages,Thyroid cancer,Number,2006,32480.595080173876,36315.84398125883,28916.59070936376
Deaths,Global,Both,All ages,Mesothelioma,Number,2006,20133.31206469196,22344.458773217164,18126.09519023834
Deaths,Global,Both,All ages,Hodgkin lymphoma,Number,2006,27221.52871638219,34039.364287858174,21973.969297676267
Deaths,Global,Both,All ages,Non-Hodgkin lymphoma,Number,2006,196001.84409390786,216106.98902230538,177646.09345212462
Deaths,Global,Both,All ages,Multiple myeloma,Number,2006,76349.27974392373,82642.20990677622,70111.91472040188
Deaths,Global,Both,All ages,Leukemia,Number,2006,295255.2887843319,329113.5485917712,265573.1085161125
Deaths,Global,Both,All ages,Other malignant neoplasms,Number,2006,156548.46031166476,176228.6583515745,139551.06783869883
Deaths,Global,Both,All ages,Other neoplasms,Number,2006,79477.74344256433,90385.61338729846,68649.20329270669
Deaths,Global,Both,All ages,Eye cancer,Number,2002,9692.847765835488,13805.930572145557,6762.372124875559
Deaths,Global,Both,All ages,Soft tissue and other extraosseous sarcomas,Number,2000,37862.09329161473,48899.50661694381,31097.83097091249
Deaths,Global,Both,All ages,Malignant neoplasm of bone and articular cartilage,Number,2000,49032.69630015789,61490.89656426802,40479.1395104092
Deaths,Global,Both,All ages,Neuroblastoma and other peripheral nervous cell tumors,Number,2000,4203.925212720025,5021.267317456678,3534.110695723511
Deaths,Global,Both,All ages,Gallbladder and biliary tract cancer,Number,2005,127606.25541822285,143330.2156643134,113079.75256549791
Deaths,Global,Both,All ages,Pancreatic cancer,Number,2005,318570.79976020526,334324.0749277773,298569.1338657086
Deaths,Global,Both,All ages,Malignant skin melanoma,Number,2005,47456.89338816141,51779.96589855221,43926.83797961993
Deaths,Global,Both,All ages,Non-melanoma skin cancer,Number,2005,34606.68474161094,38430.692830987224,30373.183811242376
Deaths,Global,Both,All ages,Ovarian cancer,Number,2005,141260.13149673934,157108.6834609231,128888.73394390669
Deaths,Global,Both,All ages,Testicular cancer,Number,2005,8679.092934045695,10889.467725159548,7343.265456798212
Deaths,Global,Both,All ages,Kidney cancer,Number,2005,115991.16863692539,125034.11962576449,105551.28531898986
Deaths,Global,Both,All ages,Bladder cancer,Number,2005,154596.2857319964,165289.92240050356,143737.69958928716
Deaths,Global,Both,All ages,Brain and central nervous system cancer,Number,2005,191438.79947176817,222741.7727362305,165558.64809737485
Deaths,Global,Both,All ages,Thyroid cancer,Number,2005,31543.849537385497,35310.92811184596,28155.40879135445
Deaths,Global,Both,All ages,Mesothelioma,Number,2005,19422.737194536065,21707.858883952293,17420.06156977777
Deaths,Global,Both,All ages,Hodgkin lymphoma,Number,2005,27485.562571314837,34477.24800847954,21949.091219188438
Deaths,Global,Both,All ages,Non-Hodgkin lymphoma,Number,2005,193874.37355908306,214974.77619684357,176692.92614591707
Deaths,Global,Both,All ages,Multiple myeloma,Number,2005,75265.2584684206,81187.50634743647,69261.03854549388
Deaths,Global,Both,All ages,Leukemia,Number,2005,296482.3267676422,330727.11237285193,266123.6193098251
Deaths,Global,Both,All ages,Other malignant neoplasms,Number,2005,154780.33742619504,173007.36159313418,138887.13797420985
Deaths,Global,Both,All ages,Other neoplasms,Number,2005,78045.0219620015,88607.40985817881,67657.55991161773
Deaths,Global,Both,All ages,Gallbladder and biliary tract cancer,Number,2010,139002.99630533,155897.68662199206,121941.34738382499
Deaths,Global,Both,All ages,Pancreatic cancer,Number,2010,370861.60085105716,387247.51013429713,343647.12297044956
Deaths,Global,Both,All ages,Malignant skin melanoma,Number,2010,54600.76991793427,60189.84647878439,50274.74869269716
Deaths,Global,Both,All ages,Non-melanoma skin cancer,Number,2010,41826.4921801747,46984.08455622352,35535.477730729894
Deaths,Global,Both,All ages,Ovarian cancer,Number,2010,154078.3674834664,172419.88177625567,139341.65431973117
Deaths,Global,Both,All ages,Testicular cancer,Number,2010,9236.400838484378,11086.414251998882,7833.566722362247
Deaths,Global,Both,All ages,Kidney cancer,Number,2010,129810.05856434928,140397.3661669807,117431.4816902195
Deaths,Global,Both,All ages,Bladder cancer,Number,2010,169353.91796120434,182637.13814172824,155958.0287964206
Deaths,Global,Both,All ages,Brain and central nervous system cancer,Number,2010,208001.90677789765,246086.55554861896,181935.06840506135
Deaths,Global,Both,All ages,Thyroid cancer,Number,2010,36135.250713080146,40610.4768720665,31887.768102755006
Deaths,Global,Both,All ages,Mesothelioma,Number,2010,23032.89315469058,25130.45681287308,21175.519999349628
Deaths,Global,Both,All ages,Hodgkin lymphoma,Number,2010,26893.930689542063,33988.09943323013,21663.610769686104
Deaths,Global,Both,All ages,Non-Hodgkin lymphoma,Number,2010,214470.13194228057,240789.44752192553,192050.58507142038
Deaths,Global,Both,All ages,Multiple myeloma,Number,2010,85121.24420086858,91854.80028308819,78423.86746633246
Deaths,Global,Both,All ages,Leukemia,Number,2010,301547.3056714083,336899.2574280494,275515.1850537168
Deaths,Global,Both,All ages,Other malignant neoplasms,Number,2010,175796.39013785528,199080.3408507539,159658.30483037003
Deaths,Global,Both,All ages,Other neoplasms,Number,2010,87599.57118336878,99434.92605228513,75881.29689224398
Deaths,Global,Both,All ages,Eye cancer,Number,2006,9817.398131204456,14617.850131916466,7086.494489307296
Deaths,Global,Both,All ages,Soft tissue and other extraosseous sarcomas,Number,1999,37545.00410245932,48314.91283070937,30575.86736481059
Deaths,Global,Both,All ages,Malignant neoplasm of bone and articular cartilage,Number,1999,48020.50406822279,61091.35795795149,39606.01605111165
Deaths,Global,Both,All ages,Neuroblastoma and other peripheral nervous cell tumors,Number,1999,4156.3265809396735,4923.230052387972,3470.07535508053
Deaths,Global,Both,All ages,Gallbladder and biliary tract cancer,Number,2009,135822.36133352874,152000.59273055036,118893.60272467442
Deaths,Global,Both,All ages,Pancreatic cancer,Number,2009,359497.35889566946,376910.8912758552,332678.2919780136
Deaths,Global,Both,All ages,Malignant skin melanoma,Number,2009,52968.23092461129,58411.94583066511,48863.37113075873
Deaths,Global,Both,All ages,Non-melanoma skin cancer,Number,2009,40179.01681508794,44887.51071895374,34239.434467530984
Deaths,Global,Both,All ages,Ovarian cancer,Number,2009,150796.11935887462,167661.15345532354,136522.52494575633
Deaths,Global,Both,All ages,Testicular cancer,Number,2009,9090.512152328716,10947.851587485444,7685.266094640462
Deaths,Global,Both,All ages,Kidney cancer,Number,2009,126047.04175539418,135819.43896920054,114136.51972636886
Deaths,Global,Both,All ages,Bladder cancer,Number,2009,165400.36213575865,178069.97551586764,152526.54374686268
Deaths,Global,Both,All ages,Brain and central nervous system cancer,Number,2009,204192.53862076957,240735.03899170438,178595.65527526016
Deaths,Global,Both,All ages,Thyroid cancer,Number,2009,35138.12690373347,39423.328785438534,30996.086718924806
Deaths,Global,Both,All ages,Mesothelioma,Number,2009,22407.391534461167,24368.72154435906,20635.733153853573
Deaths,Global,Both,All ages,Hodgkin lymphoma,Number,2009,26994.76899523381,34180.66367008911,21871.68486915134
Deaths,Global,Both,All ages,Non-Hodgkin lymphoma,Number,2009,209689.33500242134,232419.9075013715,187443.36599407418
Deaths,Global,Both,All ages,Multiple myeloma,Number,2009,82148.72326250147,88909.87141899152,75456.66291491214
Deaths,Global,Both,All ages,Leukemia,Number,2009,300089.3281597045,334214.94323847257,272990.76349542255
Deaths,Global,Both,All ages,Other malignant neoplasms,Number,2009,170791.2888075786,194306.47470647958,154235.40281727602
Deaths,Global,Both,All ages,Other neoplasms,Number,2009,85151.19697176621,96674.4565675334,73726.44424944987
Deaths,Global,Both,All ages,Gallbladder and biliary tract cancer,Number,2012,142823.33780010405,161543.85538005113,126011.74918048558
Deaths,Global,Both,All ages,Pancreatic cancer,Number,2012,390010.57906516106,406654.3478220088,362895.91929393134
Deaths,Global,Both,All ages,Malignant skin melanoma,Number,2012,56601.14719633949,62876.392180591174,51652.96185958039
Deaths,Global,Both,All ages,Non-melanoma skin cancer,Number,2012,44731.0517214358,50415.38214419179,38240.71826620816
Deaths,Global,Both,All ages,Ovarian cancer,Number,2012,158578.2257777688,178270.54056995932,142663.70629853258
Deaths,Global,Both,All ages,Testicular cancer,Number,2012,9432.483009400115,11344.653926298792,7972.560949062386
Deaths,Global,Both,All ages,Kidney cancer,Number,2012,135305.49916269316,145369.49110451512,122311.62532424099
Deaths,Global,Both,All ages,Bladder cancer,Number,2012,176412.43350852068,191386.16435629167,160731.89844272105
Deaths,Global,Both,All ages,Brain and central nervous system cancer,Number,2012,215149.62629414562,257004.4774494228,189205.6345713971
Deaths,Global,Both,All ages,Thyroid cancer,Number,2012,37721.67055675927,42671.94473389857,33824.03963525373
Deaths,Global,Both,All ages,Mesothelioma,Number,2012,24838.582028872694,27065.555570284032,22686.75260197214
Deaths,Global,Both,All ages,Hodgkin lymphoma,Number,2012,26838.578464218463,34390.12846835875,21352.249768515325
Deaths,Global,Both,All ages,Non-Hodgkin lymphoma,Number,2012,224293.5483973796,251511.76546348332,200346.11649743008
Deaths,Global,Both,All ages,Multiple myeloma,Number,2012,90402.48618980004,97601.70093641289,82942.58897831012
Deaths,Global,Both,All ages,Leukemia,Number,2012,304513.1155561948,339113.18423695763,278509.0314923919
Deaths,Global,Both,All ages,Other malignant neoplasms,Number,2012,183733.27862195382,206946.04713221642,166615.64588395946
Deaths,Global,Both,All ages,Other neoplasms,Number,2012,92314.93414402782,104878.06544141272,79948.62928228779
Deaths,Global,Both,All ages,Gallbladder and biliary tract cancer,Number,2008,134594.53088136602,150826.84989111737,118073.43857832084
Deaths,Global,Both,All ages,Pancreatic cancer,Number,2008,352752.55841278844,370673.5234587645,329350.6483742444
Deaths,Global,Both,All ages,Malignant skin melanoma,Number,2008,51608.66954651635,56842.91877405584,47588.94386733876
Deaths,Global,Both,All ages,Non-melanoma skin cancer,Number,2008,38816.14414282381,43348.82884504166,33365.48067645179
Deaths,Global,Both,All ages,Ovarian cancer,Number,2008,148886.94346177,165594.6467201636,135099.42591128833
Deaths,Global,Both,All ages,Testicular cancer,Number,2008,8921.422099170455,10777.783419022968,7498.026353260626
Deaths,Global,Both,All ages,Kidney cancer,Number,2008,123591.17018731408,133227.168772206,111961.72861948302
Deaths,Global,Both,All ages,Bladder cancer,Number,2008,163697.24698535178,176306.56734509228,151163.8012038028
Deaths,Global,Both,All ages,Brain and central nervous system cancer,Number,2008,200605.75331745148,235993.94255694523,175256.1767362995
Deaths,Global,Both,All ages,Thyroid cancer,Number,2008,34418.39672335998,38601.52102566173,30366.270796764704
Deaths,Global,Both,All ages,Mesothelioma,Number,2008,21767.442074482777,23652.59687188738,19702.505088558606
Deaths,Global,Both,All ages,Hodgkin lymphoma,Number,2008,27089.442606001143,34284.52739363277,21950.972458627024
Deaths,Global,Both,All ages,Non-Hodgkin lymphoma,Number,2008,205364.09129689733,226945.2319562618,184313.8724955148
Deaths,Global,Both,All ages,Multiple myeloma,Number,2008,80865.89722943316,87467.89528848427,74318.74073681603
Deaths,Global,Both,All ages,Leukemia,Number,2008,298939.2664416493,331673.12616927054,269720.9744013206
Deaths,Global,Both,All ages,Other malignant neoplasms,Number,2008,166253.97405613572,187323.69007655833,149891.0438981183
Deaths,Global,Both,All ages,Other neoplasms,Number,2008,83521.3609669223,95038.44088314551,72023.00760747319
Deaths,Global,Both,All ages,Eye cancer,Number,2005,9795.25959725905,13920.143805048723,6986.145483025274
Deaths,Global,Both,All ages,Soft tissue and other extraosseous sarcomas,Number,2003,39269.141387128184,49731.776485552386,32566.51654578262
Deaths,Global,Both,All ages,Malignant neoplasm of bone and articular cartilage,Number,2003,54609.49685223358,67740.66115469101,43435.626656907676
Deaths,Global,Both,All ages,Neuroblastoma and other peripheral nervous cell tumors,Number,2003,4303.520573254928,5115.3702282164795,3692.262090044385
Deaths,Global,Both,All ages,Eye cancer,Number,2010,10042.763029847465,14292.337043032885,7311.591777097845
Deaths,Global,Both,All ages,Gallbladder and biliary tract cancer,Number,2013,144070.1331397107,162464.4457734551,127924.62416313983
Deaths,Global,Both,All ages,Pancreatic cancer,Number,2013,397417.4242345876,415787.9822949289,369094.315442371
Deaths,Global,Both,All ages,Malignant skin melanoma,Number,2013,57712.80999261694,64292.701282190996,52602.231328064496
Deaths,Global,Both,All ages,Non-melanoma skin cancer,Number,2013,45785.831024178675,51732.82489679484,39254.61026994729
Deaths,Global,Both,All ages,Ovarian cancer,Number,2013,161818.17315557378,182430.06645634124,146380.54738895467
Deaths,Global,Both,All ages,Testicular cancer,Number,2013,9502.633019653684,11441.562129082815,7935.658509903223
Deaths,Global,Both,All ages,Kidney cancer,Number,2013,137530.4148959904,148066.46595584825,124170.62921336932
Deaths,Global,Both,All ages,Bladder cancer,Number,2013,178491.65580952255,193478.5600279648,162459.08378718104
Deaths,Global,Both,All ages,Brain and central nervous system cancer,Number,2013,217470.11381165544,260290.87086163316,192373.03063359638
Deaths,Global,Both,All ages,Thyroid cancer,Number,2013,38617.40037830883,43667.997949897515,33992.78315714212
Deaths,Global,Both,All ages,Mesothelioma,Number,2013,25189.856574564274,27426.784721197004,23082.102658583048
Deaths,Global,Both,All ages,Hodgkin lymphoma,Number,2013,26633.479559127336,34235.58537860703,21313.64803763215
Deaths,Global,Both,All ages,Non-Hodgkin lymphoma,Number,2013,228103.5565264568,257319.75887010753,204169.15864463453
Deaths,Global,Both,All ages,Multiple myeloma,Number,2013,92667.99067945399,100387.56033991688,84560.34286613936
Deaths,Global,Both,All ages,Leukemia,Number,2013,305719.2938705113,341084.42403318116,279223.0576243623
Deaths,Global,Both,All ages,Other malignant neoplasms,Number,2013,186343.31035168085,211012.24386980978,168049.71907091668
Deaths,Global,Both,All ages,Other neoplasms,Number,2013,94345.44281029385,107052.29663021941,81859.67197074364
Deaths,Global,Both,All ages,Gallbladder and biliary tract cancer,Number,2015,150550.66566509972,170596.33537976517,134303.78780326017
Deaths,Global,Both,All ages,Pancreatic cancer,Number,2015,425744.9697552441,445356.8314759286,394654.15279097983
Deaths,Global,Both,All ages,Malignant skin melanoma,Number,2015,59606.466559833294,66116.25493794243,54335.70886683583
Deaths,Global,Both,All ages,Non-melanoma skin cancer,Number,2015,49668.77904026978,55511.94487880011,42784.0059758401
Deaths,Global,Both,All ages,Ovarian cancer,Number,2015,172004.5661509057,194676.56929034207,155428.095308762
Deaths,Global,Both,All ages,Testicular cancer,Number,2015,9853.632939659132,11910.492985412551,8056.185756151537
Deaths,Global,Both,All ages,Kidney cancer,Number,2015,144200.8546312017,155585.4501205231,130297.40753818581
Deaths,Global,Both,All ages,Bladder cancer,Number,2015,189599.17117741535,205864.8960567817,172567.50258984446
Deaths,Global,Both,All ages,Brain and central nervous system cancer,Number,2015,228605.8316541336,273058.9828850208,202936.6736269675
Deaths,Global,Both,All ages,Thyroid cancer,Number,2015,40906.62444257453,46355.11672188501,35917.98782697952
Deaths,Global,Both,All ages,Mesothelioma,Number,2015,25953.235867202937,28410.65445412115,23688.615811667045
Deaths,Global,Both,All ages,Hodgkin lymphoma,Number,2015,26802.569751081723,35239.44486813417,21355.835742226864
Deaths,Global,Both,All ages,Non-Hodgkin lymphoma,Number,2015,240008.47196789496,266902.09255530906,215848.11332957706
Deaths,Global,Both,All ages,Multiple myeloma,Number,2015,99956.94513056187,107734.83298386977,91674.80054065878
Deaths,Global,Both,All ages,Leukemia,Number,2015,313455.86907146056,355385.74345563276,285584.37724290474
Deaths,Global,Both,All ages,Other malignant neoplasms,Number,2015,195729.57905993742,222322.05447893037,175091.66749076988
Deaths,Global,Both,All ages,Other neoplasms,Number,2015,100323.03619857068,113962.47541745979,86782.57373526093
Deaths,Global,Both,All ages,Gallbladder and biliary tract cancer,Number,2014,146313.10185389846,164230.73723702258,130290.16248642621
Deaths,Global,Both,All ages,Pancreatic cancer,Number,2014,407989.14098756283,426895.9423003313,378374.0969714058
Deaths,Global,Both,All ages,Malignant skin melanoma,Number,2014,58485.28142495064,65131.365062452016,53343.2133736313
Deaths,Global,Both,All ages,Non-melanoma skin cancer,Number,2014,47257.45524101169,53210.98109073614,40573.95771980669
Deaths,Global,Both,All ages,Ovarian cancer,Number,2014,166030.86877717465,187637.42464414364,150050.8865498086
Deaths,Global,Both,All ages,Testicular cancer,Number,2014,9645.122296465328,11694.330836992338,7937.430405517424
Deaths,Global,Both,All ages,Kidney cancer,Number,2014,140063.74605836472,151140.87988429316,126459.37596090404
Deaths,Global,Both,All ages,Bladder cancer,Number,2014,181892.4521028649,197533.91803264082,165446.50250628253
Deaths,Global,Both,All ages,Brain and central nervous system cancer,Number,2014,222569.54221095692,266150.1564752837,197411.01595363262
Deaths,Global,Both,All ages,Thyroid cancer,Number,2014,39467.32615925564,44696.06993059811,34538.37768721432
Deaths,Global,Both,All ages,Mesothelioma,Number,2014,25444.952590389745,27801.67516144625,23321.742716856108
Deaths,Global,Both,All ages,Hodgkin lymphoma,Number,2014,26681.543493671255,34456.59024376738,21352.991629548327
Deaths,Global,Both,All ages,Non-Hodgkin lymphoma,Number,2014,233067.24487615458,261509.9634567086,209309.55599785876
Deaths,Global,Both,All ages,Multiple myeloma,Number,2014,95414.45493922493,102934.06433300875,87324.75069228055
Deaths,Global,Both,All ages,Leukemia,Number,2014,308372.26752782817,346200.16654705186,279840.0787550063
Deaths,Global,Both,All ages,Other malignant neoplasms,Number,2014,190569.60371386283,216618.01285487632,171431.0407642191
Deaths,Global,Both,All ages,Other neoplasms,Number,2014,96747.2429142242,109778.46733247102,83820.95377001251
Deaths,Global,Both,All ages,Soft tissue and other extraosseous sarcomas,Number,2002,38622.892602910564,49141.1950484351,31954.662418414562
Deaths,Global,Both,All ages,Malignant neoplasm of bone and articular cartilage,Number,2002,52209.090537624405,64640.238533877025,41983.93654588073
Deaths,Global,Both,All ages,Neuroblastoma and other peripheral nervous cell tumors,Number,2002,4272.140133556529,5093.414885983471,3616.504503780907
Deaths,Global,Both,All ages,Gallbladder and biliary tract cancer,Number,2011,140455.67551681382,158397.05262462373,124088.89869361653
Deaths,Global,Both,All ages,Pancreatic cancer,Number,2011,378701.89894715854,395604.04424679937,351869.50725816045
Deaths,Global,Both,All ages,Malignant skin melanoma,Number,2011,55462.30077037066,61338.78753318458,50882.970101318926
Deaths,Global,Both,All ages,Non-melanoma skin cancer,Number,2011,43048.02959046741,48579.30492937518,36704.4489345381
Deaths,Global,Both,All ages,Ovarian cancer,Number,2011,155856.41200641633,175048.78491999212,140062.59282314498
Deaths,Global,Both,All ages,Testicular cancer,Number,2011,9332.108125955445,11277.193392187288,7908.29243639551
Deaths,Global,Both,All ages,Kidney cancer,Number,2011,132357.21329811632,142715.74650649508,119988.12169589763
Deaths,Global,Both,All ages,Bladder cancer,Number,2011,172248.20297429457,186204.51066547114,158237.12536292407
Deaths,Global,Both,All ages,Brain and central nervous system cancer,Number,2011,210788.16971998956,251463.01579371627,184475.49325363646
Deaths,Global,Both,All ages,Thyroid cancer,Number,2011,36695.53473168931,40968.75425265945,32621.63623210983
Deaths,Global,Both,All ages,Mesothelioma,Number,2011,24023.052603865333,26176.54878608544,22006.504003167993
Deaths,Global,Both,All ages,Hodgkin lymphoma,Number,2011,26833.612603274785,34285.38042138833,21509.795243331162
Deaths,Global,Both,All ages,Non-Hodgkin lymphoma,Number,2011,219012.8728737834,246571.98580676454,195793.736409575
Deaths,Global,Both,All ages,Multiple myeloma,Number,2011,87497.15822136593,94709.91708652851,80250.89922635158
Deaths,Global,Both,All ages,Leukemia,Number,2011,302791.0234882616,338359.53003431135,275694.149643927
Deaths,Global,Both,All ages,Other malignant neoplasms,Number,2011,179418.81957568406,203128.60396370414,162673.38968495556
Deaths,Global,Both,All ages,Other neoplasms,Number,2011,89801.81814686571,102138.88644720273,77633.64911430876
Deaths,Global,Both,All ages,Eye cancer,Number,2009,9962.393996708617,14385.150221015421,7140.4724212087185
Deaths,Global,Both,All ages,Eye cancer,Number,2012,10353.286636265313,15070.335604139056,7657.207678051594
Deaths,Global,Both,All ages,Eye cancer,Number,2008,9895.566098112013,14496.375940824986,7012.096543518073
Deaths,Global,Both,All ages,Eye cancer,Number,2013,10499.736196070911,15050.79857375125,7805.011346228163
Deaths,Global,Both,All ages,Soft tissue and other extraosseous sarcomas,Number,2010,44456.91277446989,53750.19421745738,36620.153313734976
Deaths,Global,Both,All ages,Malignant neoplasm of bone and articular cartilage,Number,2010,62461.21569602726,77941.38992057402,49230.021251852966
Deaths,Global,Both,All ages,Neuroblastoma and other peripheral nervous cell tumors,Number,2010,4780.5416308543945,5665.001122091586,4023.0407284102776
Deaths,Global,Both,All ages,Eye cancer,Number,2015,10858.416270055568,16104.15136690459,8072.976917175857
Deaths,Global,Both,All ages,Eye cancer,Number,2014,10622.45827130209,15436.351630657633,7856.793002081585
Deaths,Global,Both,All ages,Eye cancer,Number,2011,10197.696645836277,14864.601295508774,7466.766402668427
Deaths,Global,Both,All ages,Soft tissue and other extraosseous sarcomas,Number,2006,41071.63055839085,50922.365733137456,33836.616407559464
Deaths,Global,Both,All ages,Malignant neoplasm of bone and articular cartilage,Number,2006,59458.77134730309,74012.75720550978,46096.00565483605
Deaths,Global,Both,All ages,Neuroblastoma and other peripheral nervous cell tumors,Number,2006,4437.443447389735,5371.449316429674,3770.3361115005955
Deaths,Global,Both,All ages,Soft tissue and other extraosseous sarcomas,Number,2005,40478.996196896165,50237.49533802718,33592.33781446555
Deaths,Global,Both,All ages,Malignant neoplasm of bone and articular cartilage,Number,2005,58680.84613533216,71867.22509755187,45649.86842707197
Deaths,Global,Both,All ages,Neuroblastoma and other peripheral nervous cell tumors,Number,2005,4390.119146531117,5328.739403356214,3733.9742211481494
Deaths,Global,Both,All ages,Soft tissue and other extraosseous sarcomas,Number,2012,46088.89584438286,56251.823352183834,37998.133523283606
Deaths,Global,Both,All ages,Malignant neoplasm of bone and articular cartilage,Number,2012,62642.46904049371,77345.21240809052,50179.63682978482
Deaths,Global,Both,All ages,Neuroblastoma and other peripheral nervous cell tumors,Number,2012,4900.936908314593,5854.533495111806,4107.373938036385
Deaths,Global,Both,All ages,Soft tissue and other extraosseous sarcomas,Number,2008,42922.09038568154,53577.98929375002,34998.31817205082
Deaths,Global,Both,All ages,Malignant neoplasm of bone and articular cartilage,Number,2008,61597.43289342304,77620.05065947061,48428.81441330322
Deaths,Global,Both,All ages,Neuroblastoma and other peripheral nervous cell tumors,Number,2008,4623.081287607624,5519.22111091782,3869.9121634147946
Deaths,Global,Both,All ages,Soft tissue and other extraosseous sarcomas,Number,2009,43510.58537010706,53828.996849076066,35674.434453934555
Deaths,Global,Both,All ages,Malignant neoplasm of bone and articular cartilage,Number,2009,61898.09766821944,77303.9522228498,48579.23341992927
Deaths,Global,Both,All ages,Neuroblastoma and other peripheral nervous cell tumors,Number,2009,4700.078134843719,5656.997770949068,3933.997407373215
Deaths,Global,Both,All ages,Esophageal cancer,Number,2018,486800.95148584293,525463.0601454497,444456.8651468127
Deaths,Global,Both,All ages,Stomach cancer,Number,2018,874398.737958936,1004544.8697729087,770003.5122352189
Deaths,Global,Both,All ages,Liver cancer,Number,2018,439568.3529929701,479732.50505694456,400708.3440841789
Deaths,Global,Both,All ages,Larynx cancer,Number,2018,112427.42312819856,135007.53403391875,95864.76470915836
Deaths,Global,Both,All ages,"Tracheal, bronchus, and lung cancer",Number,2018,1817404.674018317,1952563.5089451529,1657891.3374366136
Deaths,Global,Both,All ages,Breast cancer,Number,2018,649727.1043039616,710353.9352141576,585785.3261248554
Deaths,Global,Both,All ages,Cervical cancer,Number,2018,313451.55575988506,396234.2410729538,255638.2231631308
Deaths,Global,Both,All ages,Uterine cancer,Number,2018,93502.3417374133,108845.16685911342,82353.83699578581
Deaths,Global,Both,All ages,Prostate cancer,Number,2018,406585.27673698723,450257.08376909303,361008.73000206664
Deaths,Global,Both,All ages,Colon and rectum cancer,Number,2018,968140.4504003247,1050661.168568562,888771.0821632722
Deaths,Global,Both,All ages,Lip and oral cavity cancer,Number,2018,190241.31654020073,219429.8017203214,169841.5416271367
Deaths,Global,Both,All ages,Nasopharynx cancer,Number,2018,65703.85666790085,75079.70900132736,57914.11167038852
Deaths,Global,Both,All ages,Other pharynx cancer,Number,2018,93558.64373413069,113249.10896902501,77226.73605624035
Deaths,Global,Both,All ages,Soft tissue and other extraosseous sarcomas,Number,2013,47075.31064663237,57727.20276042355,38546.33655375124
Deaths,Global,Both,All ages,Malignant neoplasm of bone and articular cartilage,Number,2013,62692.60687032172,77070.34292840942,50416.95291255733
Deaths,Global,Both,All ages,Neuroblastoma and other peripheral nervous cell tumors,Number,2013,4988.253749985153,5945.764054160226,4178.885569766626
Deaths,Global,Both,All ages,Soft tissue and other extraosseous sarcomas,Number,2014,48338.02653931799,59710.19685145171,39518.1653204121
Deaths,Global,Both,All ages,Malignant neoplasm of bone and articular cartilage,Number,2014,63856.98424428484,79224.4147218454,51444.95431389013
Deaths,Global,Both,All ages,Neuroblastoma and other peripheral nervous cell tumors,Number,2014,5077.147744284274,6093.796642242105,4246.670464996064
Deaths,Global,Both,All ages,Soft tissue and other extraosseous sarcomas,Number,2015,50157.63478559075,62250.2697360912,40826.305220689224
Deaths,Global,Both,All ages,Malignant neoplasm of bone and articular cartilage,Number,2015,65158.086023659394,81821.77421723059,52654.92478629935
Deaths,Global,Both,All ages,Neuroblastoma and other peripheral nervous cell tumors,Number,2015,5173.204850236519,6255.529691837271,4313.358016746484
Deaths,Global,Both,All ages,Soft tissue and other extraosseous sarcomas,Number,2011,45076.605946581614,54827.392012116085,37289.56002536803
Deaths,Global,Both,All ages,Malignant neoplasm of bone and articular cartilage,Number,2011,62436.58486560615,77502.95978112056,49798.06327799054
Deaths,Global,Both,All ages,Neuroblastoma and other peripheral nervous cell tumors,Number,2011,4837.685981120569,5766.348694479004,4041.1995106714753
Deaths,Global,Both,All ages,Esophageal cancer,Number,2016,465004.08092552307,497436.21270709444,425170.64753765863
Deaths,Global,Both,All ages,Stomach cancer,Number,2016,875722.9690031919,1011799.2256943539,769412.6998238121
Deaths,Global,Both,All ages,Liver cancer,Number,2016,432817.2741746578,471314.5227047226,396767.59291531023
Deaths,Global,Both,All ages,Larynx cancer,Number,2016,107818.0353981609,126728.32400352092,92649.3875495683
Deaths,Global,Both,All ages,"Tracheal, bronchus, and lung cancer",Number,2016,1762831.8722951093,1889987.9029344793,1625145.0454483314
Deaths,Global,Both,All ages,Breast cancer,Number,2016,614886.1876052152,673431.9168912758,552677.4219354955
Deaths,Global,Both,All ages,Cervical cancer,Number,2016,303507.5526505817,387583.2514542732,250401.77559881445
Deaths,Global,Both,All ages,Uterine cancer,Number,2016,88746.5780664903,101516.15041408548,78684.6339852082
Deaths,Global,Both,All ages,Prostate cancer,Number,2016,385765.03875656135,428117.49541334255,345486.93565853866
Deaths,Global,Both,All ages,Colon and rectum cancer,Number,2016,933732.0623163858,1003814.3403656036,858695.5349754064
Deaths,Global,Both,All ages,Lip and oral cavity cancer,Number,2016,180834.94185926765,207999.64660410967,161093.14195613444
Deaths,Global,Both,All ages,Nasopharynx cancer,Number,2016,63797.71473137736,72646.58867079494,56390.44284403227
Deaths,Global,Both,All ages,Other pharynx cancer,Number,2016,88023.72733305822,105988.4757450423,73888.34795761718
Deaths,Global,Both,All ages,Esophageal cancer,Number,2017,481453.6434168713,515796.5971169613,435246.843744923
Deaths,Global,Both,All ages,Stomach cancer,Number,2017,885790.1293224843,1016291.2646382616,783640.95992517
Deaths,Global,Both,All ages,Liver cancer,Number,2017,440915.6727461947,480537.94115485,402575.1584399921
Deaths,Global,Both,All ages,Larynx cancer,Number,2017,111108.33533397068,131817.31424768,95338.25052023663
Deaths,Global,Both,All ages,"Tracheal, bronchus, and lung cancer",Number,2017,1812066.0746133348,1948078.191612307,1664219.7323325363
Deaths,Global,Both,All ages,Breast cancer,Number,2017,634625.9340619823,696432.5357161511,570378.4036906933
Deaths,Global,Both,All ages,Cervical cancer,Number,2017,310174.8442675638,395227.0543155477,253434.81460358683
Deaths,Global,Both,All ages,Uterine cancer,Number,2017,91659.90514321059,105707.18117009921,81180.22821211166
Deaths,Global,Both,All ages,Prostate cancer,Number,2017,398260.03288744396,440955.8179744275,355723.72282483947
Deaths,Global,Both,All ages,Colon and rectum cancer,Number,2017,957903.6866762079,1034299.2104475447,879510.9940283215
Deaths,Global,Both,All ages,Lip and oral cavity cancer,Number,2017,186851.0272760978,216375.6496247418,165655.52594043865
Deaths,Global,Both,All ages,Nasopharynx cancer,Number,2017,65476.34035152602,74315.4886420497,57791.30229882709
Deaths,Global,Both,All ages,Other pharynx cancer,Number,2017,91613.34349898975,110101.6973047978,76338.01956919381
Deaths,Global,Both,All ages,Gallbladder and biliary tract cancer,Number,2016,155052.05209349238,177830.8228012729,137841.37310042128
Deaths,Global,Both,All ages,Pancreatic cancer,Number,2016,442454.7181992576,463462.1152232785,408715.91282237734
Deaths,Global,Both,All ages,Malignant skin melanoma,Number,2016,59282.00655811217,65949.74747021927,53644.293647733095
Deaths,Global,Both,All ages,Non-melanoma skin cancer,Number,2016,51777.945551002595,57746.68930031311,44682.044224132005
Deaths,Global,Both,All ages,Ovarian cancer,Number,2016,177052.924450124,201320.2187991072,158784.32215120856
Deaths,Global,Both,All ages,Testicular cancer,Number,2016,10110.17013102662,12169.875513162391,8301.068540609787
Deaths,Global,Both,All ages,Kidney cancer,Number,2016,147192.05082182342,158929.15950573227,132790.90279696765
Deaths,Global,Both,All ages,Bladder cancer,Number,2016,195630.30771815422,212082.95882506992,177218.30525083924
Deaths,Global,Both,All ages,Brain and central nervous system cancer,Number,2016,234475.87581212982,279985.11533646577,208332.77443112864
Deaths,Global,Both,All ages,Thyroid cancer,Number,2016,42284.698617739356,48066.016466429406,36854.83856435923
Deaths,Global,Both,All ages,Mesothelioma,Number,2016,26247.734985248342,28772.24886390913,23843.8763776179
Deaths,Global,Both,All ages,Hodgkin lymphoma,Number,2016,26959.50580194567,35547.46082739868,21206.553903736654
Deaths,Global,Both,All ages,Non-Hodgkin lymphoma,Number,2016,246168.38865933442,275588.6037178554,220516.6623570568
Deaths,Global,Both,All ages,Multiple myeloma,Number,2016,102967.4589939332,111236.47307655735,94471.56980058146
Deaths,Global,Both,All ages,Leukemia,Number,2016,318532.38660405914,361093.3342383749,289397.21578241006
Deaths,Global,Both,All ages,Other malignant neoplasms,Number,2016,200186.90505958992,226252.80818854715,179246.64155204853
Deaths,Global,Both,All ages,Other neoplasms,Number,2016,103453.17377553512,117756.13643386144,90156.92335933466
Deaths,Global,Both,All ages,Esophageal cancer,Number,2020,492994.26806514635,533407.4697425091,444218.74239328963
Deaths,Global,Both,All ages,Stomach cancer,Number,2020,850405.5045478977,973375.894128555,742380.2196583842
Deaths,Global,Both,All ages,Liver cancer,Number,2020,438556.7479479134,487909.5091382604,400248.93474675243
Deaths,Global,Both,All ages,Larynx cancer,Number,2020,117346.85321367394,141234.60170647936,101873.22392849035
Deaths,Global,Both,All ages,"Tracheal, bronchus, and lung cancer",Number,2020,1808857.8906396837,1945758.7225354267,1650345.947470815
Deaths,Global,Both,All ages,Breast cancer,Number,2020,681500.4290134404,754692.0701378809,607848.3614111721
Deaths,Global,Both,All ages,Cervical cancer,Number,2020,319914.3690312826,404691.2759553881,255974.57196478793
Deaths,Global,Both,All ages,Uterine cancer,Number,2020,97415.6430635211,112850.40850821127,85237.54271314495
Deaths,Global,Both,All ages,Prostate cancer,Number,2020,431094.73102225555,478498.95642216405,382597.74921874737
Deaths,Global,Both,All ages,Colon and rectum cancer,Number,2020,989971.703659761,1074420.7324798969,909681.8054635684
Deaths,Global,Both,All ages,Lip and oral cavity cancer,Number,2020,201032.40023997796,232071.47898328767,176968.21485559022
Deaths,Global,Both,All ages,Nasopharynx cancer,Number,2020,66194.51593011178,75966.78539679507,58053.372159693674
Deaths,Global,Both,All ages,Other pharynx cancer,Number,2020,99856.76734917726,120964.33837940915,81868.48080459282
Deaths,Global,Both,All ages,Esophageal cancer,Number,2021,535258.2284563404,580275.2580964532,476755.29638279154
Deaths,Global,Both,All ages,Stomach cancer,Number,2021,893748.5464193887,1024477.6146865592,784318.5316035231
Deaths,Global,Both,All ages,Liver cancer,Number,2021,460713.92258868576,514838.8325256604,416910.2092457848
Deaths,Global,Both,All ages,Larynx cancer,Number,2021,126270.1336856684,153297.12199529153,108425.41737540181
Deaths,Global,Both,All ages,"Tracheal, bronchus, and lung cancer",Number,2021,1921938.0899329488,2061106.7499710089,1747282.348404343
Deaths,Global,Both,All ages,Breast cancer,Number,2021,716083.1161332055,800869.2581855467,636281.8631070984
Deaths,Global,Both,All ages,Cervical cancer,Number,2021,339833.0617449731,429715.56919697684,270695.0158681308
Deaths,Global,Both,All ages,Esophageal cancer,Number,2019,486412.81764123804,524014.73767745827,440412.1786552144
Deaths,Global,Both,All ages,Stomach cancer,Number,2019,855624.1022408009,981632.5133006771,750903.9073311915
Deaths,Global,Both,All ages,Liver cancer,Number,2019,435718.9429015714,480620.63648440957,396620.04444129823
Deaths,Global,Both,All ages,Larynx cancer,Number,2019,113793.17672990383,136352.86008237317,96843.70074604588
Deaths,Global,Both,All ages,"Tracheal, bronchus, and lung cancer",Number,2019,1800847.8263966693,1929430.6617891004,1634780.2626476088
Deaths,Global,Both,All ages,Breast cancer,Number,2019,664002.1539170546,729062.3136986595,599243.6667993056
Deaths,Global,Both,All ages,Cervical cancer,Number,2019,316721.95578547806,401051.4757452031,255343.74942605698
Deaths,Global,Both,All ages,Eye cancer,Number,2016,11015.899802948099,16390.369549360606,8073.341033788561
Deaths,Global,Both,All ages,Uterine cancer,Number,2021,101211.71989850374,116175.91883076052,88032.98341397604
Deaths,Global,Both,All ages,Prostate cancer,Number,2021,446265.4827731359,497197.416862837,395252.05539914354
Deaths,Global,Both,All ages,Colon and rectum cancer,Number,2021,1037053.2528712922,1131227.2305399273,954598.9353638336
Deaths,Global,Both,All ages,Lip and oral cavity cancer,Number,2021,219047.3544505649,254122.64195667804,192176.2402717763
Deaths,Global,Both,All ages,Nasopharynx cancer,Number,2021,71890.32292636996,82771.03535425909,61749.558955246415
Deaths,Global,Both,All ages,Other pharynx cancer,Number,2021,110249.19717772618,134184.50884682164,88514.14695335024
Deaths,Global,Both,All ages,Uterine cancer,Number,2019,95342.4324684794,110581.30596897946,83229.65855056074
Deaths,Global,Both,All ages,Prostate cancer,Number,2019,415797.47903601953,460273.2778816231,366154.0494133717
Deaths,Global,Both,All ages,Colon and rectum cancer,Number,2019,975057.4386800565,1060040.4316099717,895192.7713977586
Deaths,Global,Both,All ages,Lip and oral cavity cancer,Number,2019,193718.41793274376,225020.35553028458,171369.3356951586
Deaths,Global,Both,All ages,Nasopharynx cancer,Number,2019,65429.55946125987,74808.93177327939,57184.93799842738
Deaths,Global,Both,All ages,Other pharynx cancer,Number,2019,95678.85286346194,116681.7457482563,78092.66150764572
Deaths,Global,Both,All ages,Gallbladder and biliary tract cancer,Number,2017,159419.98083765563,183650.8430998316,142055.8667409822
Deaths,Global,Both,All ages,Pancreatic cancer,Number,2017,459350.48368852434,480739.1556211122,426414.24762111634
Deaths,Global,Both,All ages,Malignant skin melanoma,Number,2017,59951.03676958268,67121.9780110025,53961.656012612664
Deaths,Global,Both,All ages,Non-melanoma skin cancer,Number,2017,53374.4396851511,59295.50175490828,46151.90708112293
Deaths,Global,Both,All ages,Ovarian cancer,Number,2017,182626.88402364487,207424.39825060376,164090.92012333768
Deaths,Global,Both,All ages,Testicular cancer,Number,2017,10429.80932276279,12431.935641614611,8472.194741733589
Deaths,Global,Both,All ages,Kidney cancer,Number,2017,149363.1317291623,161566.9053947345,134551.6005250196
Deaths,Global,Both,All ages,Bladder cancer,Number,2017,201712.3557803343,218546.5766104771,182329.71449692894
Deaths,Global,Both,All ages,Brain and central nervous system cancer,Number,2017,239301.72274744534,285733.32876389596,213299.3991004973
Deaths,Global,Both,All ages,Thyroid cancer,Number,2017,43585.65324651699,49681.63778071123,38104.709341869355
Deaths,Global,Both,All ages,Mesothelioma,Number,2017,26603.279159045225,29218.47134079566,24143.33579006299
Deaths,Global,Both,All ages,Hodgkin lymphoma,Number,2017,27054.666396985103,35500.3143788033,21351.9553120339
Deaths,Global,Both,All ages,Non-Hodgkin lymphoma,Number,2017,252166.43745801717,282202.29982696276,225829.0715900543
Deaths,Global,Both,All ages,Multiple myeloma,Number,2017,106463.83984706632,115455.47501442993,97733.23072456334
Deaths,Global,Both,All ages,Leukemia,Number,2017,322976.4108430993,365395.0990671063,293197.39276956604
Deaths,Global,Both,All ages,Other malignant neoplasms,Number,2017,204718.5827242396,230114.2699009384,182842.92126394558
Deaths,Global,Both,All ages,Other neoplasms,Number,2017,107191.32153116314,123008.2074682101,93690.83303860354
Deaths,Global,Both,All ages,Esophageal cancer,Number,2023,577770.3322989773,643198.8572471478,505738.7266099578
Deaths,Global,Both,All ages,Stomach cancer,Number,2023,935903.7314831214,1083538.9176154411,797869.2830967293
Deaths,Global,Both,All ages,Liver cancer,Number,2023,507716.1432358608,570015.2399746638,442386.12327938655
Deaths,Global,Both,All ages,Larynx cancer,Number,2023,130770.73908038906,156395.31651038275,112131.09169627013
Deaths,Global,Both,All ages,"Tracheal, bronchus, and lung cancer",Number,2023,2037142.723315915,2212922.9370974014,1857725.6729000192
Deaths,Global,Both,All ages,Breast cancer,Number,2023,780164.809738924,870987.3680097966,685711.7389212688
Deaths,Global,Both,All ages,Cervical cancer,Number,2023,369511.10529319994,474516.42146910704,291690.90550366277
Deaths,Global,Both,All ages,Eye cancer,Number,2017,11283.471689561276,16919.368285179455,8286.532027564952
Deaths,Global,Both,All ages,Uterine cancer,Number,2023,108592.10574022526,126194.55685984725,93211.86793103979
Deaths,Global,Both,All ages,Prostate cancer,Number,2023,473018.56552297936,530246.3620433818,415876.2073638377
Deaths,Global,Both,All ages,Colon and rectum cancer,Number,2023,1107106.2166869764,1214854.7005728113,997716.9182880598
Deaths,Global,Both,All ages,Lip and oral cavity cancer,Number,2023,225674.0802881583,262274.4263340114,198613.99330058982
Deaths,Global,Both,All ages,Nasopharynx cancer,Number,2023,75395.45103573533,89144.26054864858,63292.550693734505
Deaths,Global,Both,All ages,Other pharynx cancer,Number,2023,113904.4361675306,140637.79094158876,92520.3466386102
Deaths,Global,Both,All ages,Esophageal cancer,Number,2022,564931.6488288178,621157.3714051622,506924.572478044
Deaths,Global,Both,All ages,Stomach cancer,Number,2022,931035.8940744204,1052333.068429176,803522.5450969364
Deaths,Global,Both,All ages,Liver cancer,Number,2022,485308.59464553127,545589.7798299063,437908.33438044705
Deaths,Global,Both,All ages,Larynx cancer,Number,2022,127831.35573945263,153484.1853147645,108633.42981769396
Deaths,Global,Both,All ages,"Tracheal, bronchus, and lung cancer",Number,2022,2022092.7539322802,2201489.1583803883,1823041.732859397
Deaths,Global,Both,All ages,Breast cancer,Number,2022,752875.9101936447,840960.7893650124,669051.5558675696
Deaths,Global,Both,All ages,Cervical cancer,Number,2022,356391.8504759375,447890.0653906479,282875.2036607353
Deaths,Global,Both,All ages,Uterine cancer,Number,2022,105540.1121404807,121701.30716918764,91713.34412662314
Deaths,Global,Both,All ages,Prostate cancer,Number,2022,460651.6902432596,510415.21020457847,406016.937293823
Deaths,Global,Both,All ages,Colon and rectum cancer,Number,2022,1085673.4023842253,1180531.9752545373,989191.6732371048
Deaths,Global,Both,All ages,Lip and oral cavity cancer,Number,2022,219088.17496059588,254589.63043802223,191835.63002634735
Deaths,Global,Both,All ages,Nasopharynx cancer,Number,2022,74443.74555304194,85287.91619681637,63626.40586726011
Deaths,Global,Both,All ages,Other pharynx cancer,Number,2022,109202.36804376378,134998.04381282322,88824.7554505418
Deaths,Global,Both,All ages,Soft tissue and other extraosseous sarcomas,Number,2016,51741.48668796832,64630.41025642389,41697.396443431724
Deaths,Global,Both,All ages,Malignant neoplasm of bone and articular cartilage,Number,2016,66730.44271993953,83306.75785629296,53399.51893012221
Deaths,Global,Both,All ages,Neuroblastoma and other peripheral nervous cell tumors,Number,2016,5289.526630565334,6422.385964420165,4436.262092494408
Deaths,Global,Both,All ages,Gallbladder and biliary tract cancer,Number,2018,160869.6812865075,185796.39473178753,142550.2136728299
Deaths,Global,Both,All ages,Pancreatic cancer,Number,2018,470152.05476761196,494951.39800744294,435745.58460512746
Deaths,Global,Both,All ages,Malignant skin melanoma,Number,2018,60635.703998940015,68184.51868413448,54610.162093983825
Deaths,Global,Both,All ages,Non-melanoma skin cancer,Number,2018,53756.42265034102,59585.58744020763,46350.41838987684
Deaths,Global,Both,All ages,Ovarian cancer,Number,2018,186233.78073281463,211357.1865754587,167022.8049729696
Deaths,Global,Both,All ages,Testicular cancer,Number,2018,10614.72488923423,12617.588938431154,8688.005949427734
Deaths,Global,Both,All ages,Kidney cancer,Number,2018,151828.76047163073,164411.67188309165,136719.90803767738
Deaths,Global,Both,All ages,Bladder cancer,Number,2018,203855.8559504323,221486.04493041607,184206.7748974586
Deaths,Global,Both,All ages,Brain and central nervous system cancer,Number,2018,243811.71938192603,291545.99147305364,217678.91761000248
Deaths,Global,Both,All ages,Thyroid cancer,Number,2018,44525.51853660427,50600.91415096567,38709.368742867344
Deaths,Global,Both,All ages,Mesothelioma,Number,2018,26513.522703880775,29123.263100480282,23960.680710134187
Deaths,Global,Both,All ages,Hodgkin lymphoma,Number,2018,26996.132071831787,35113.27019527253,20870.199369598933
Deaths,Global,Both,All ages,Non-Hodgkin lymphoma,Number,2018,256740.15581247592,285586.0143772954,230184.4476202636
Deaths,Global,Both,All ages,Multiple myeloma,Number,2018,108685.3859852182,118486.26392493774,99513.44108230353
Deaths,Global,Both,All ages,Leukemia,Number,2018,326585.5788389626,368820.3549606616,297473.92829257064
Deaths,Global,Both,All ages,Other malignant neoplasms,Number,2018,208133.64639305315,233898.6999577206,185951.33483472597
Deaths,Global,Both,All ages,Other neoplasms,Number,2018,110147.1519203281,126435.25187442341,95856.26180432901
Deaths,Global,Both,All ages,Gallbladder and biliary tract cancer,Number,2019,161961.71419075472,187714.6028617277,143754.5520466354
Deaths,Global,Both,All ages,Pancreatic cancer,Number,2019,479097.87662326347,505494.248571273,443037.5317431132
Deaths,Global,Both,All ages,Malignant skin melanoma,Number,2019,61127.40463841088,68912.50668115926,54951.995107150266
Deaths,Global,Both,All ages,Non-melanoma skin cancer,Number,2019,54416.85813107121,60636.20401944903,47157.33148062658
Deaths,Global,Both,All ages,Ovarian cancer,Number,2019,190038.67888183842,216645.22451332424,169216.11655104146
Deaths,Global,Both,All ages,Testicular cancer,Number,2019,10817.548670944736,13031.327419487618,8875.31618697373
Deaths,Global,Both,All ages,Kidney cancer,Number,2019,154520.10291865293,167556.94301245842,138952.26842817324
Deaths,Global,Both,All ages,Bladder cancer,Number,2019,206060.8208791687,224679.75260721095,185600.01352033965
Deaths,Global,Both,All ages,Brain and central nervous system cancer,Number,2019,247919.12779164768,296472.9939090595,221545.03036607636
Deaths,Global,Both,All ages,Thyroid cancer,Number,2019,45171.630611956156,51687.49659122065,39234.1239239221
Deaths,Global,Both,All ages,Mesothelioma,Number,2019,26329.400546552446,29041.9615060455,23656.48762100789
Deaths,Global,Both,All ages,Hodgkin lymphoma,Number,2019,26868.96939218208,34910.76696033434,20765.241359836906
Deaths,Global,Both,All ages,Non-Hodgkin lymphoma,Number,2019,261684.74523530967,292003.82782309415,231899.085672935
Deaths,Global,Both,All ages,Multiple myeloma,Number,2019,110763.10933968419,120740.1252662268,101244.47060492245
Deaths,Global,Both,All ages,Leukemia,Number,2019,329796.4533193053,372483.7278141133,300341.29173540534
Deaths,Global,Both,All ages,Other malignant neoplasms,Number,2019,211874.56550181637,239112.8653426836,189659.8373842785
Deaths,Global,Both,All ages,Other neoplasms,Number,2019,112665.24030984132,129006.3221404514,98120.42096415415
Deaths,Global,Both,All ages,Eye cancer,Number,2018,11422.103016577292,17622.39579331577,8387.928584169082
Deaths,Global,Both,All ages,Eye cancer,Number,2019,11566.929063100222,18006.993104761885,8642.885492821038
Deaths,Global,Both,All ages,Gallbladder and biliary tract cancer,Number,2020,164217.90526703832,191079.06796007536,145189.29797687798
Deaths,Global,Both,All ages,Pancreatic cancer,Number,2020,491079.22964998585,517083.54928623355,455563.1746982375
Deaths,Global,Both,All ages,Malignant skin melanoma,Number,2020,61757.7397237204,69576.80667206466,55653.82999842542
Deaths,Global,Both,All ages,Non-melanoma skin cancer,Number,2020,55950.35452555882,63100.195721007796,48769.42165490998
Deaths,Global,Both,All ages,Ovarian cancer,Number,2020,194895.44110748917,222826.25066218333,173255.92048783964
Deaths,Global,Both,All ages,Testicular cancer,Number,2020,11038.352584528231,13460.870665399147,8967.903647491898
Deaths,Global,Both,All ages,Kidney cancer,Number,2020,156286.8741786837,170068.15965551368,141186.81114343225
Deaths,Global,Both,All ages,Bladder cancer,Number,2020,210717.91618944902,228696.50860888555,190518.67640964163
Deaths,Global,Both,All ages,Brain and central nervous system cancer,Number,2020,253242.5317330811,302315.450120073,226426.46882495514
Deaths,Global,Both,All ages,Thyroid cancer,Number,2020,45961.919271795006,53461.845035102706,39451.5556943263
Deaths,Global,Both,All ages,Mesothelioma,Number,2020,26539.044682787844,29284.511638404263,23800.39874059476
Deaths,Global,Both,All ages,Hodgkin lymphoma,Number,2020,27133.64380436091,35125.375325236746,21074.732627031535
Deaths,Global,Both,All ages,Non-Hodgkin lymphoma,Number,2020,266285.0920895012,297114.1115327695,236076.83800441862
Deaths,Global,Both,All ages,Multiple myeloma,Number,2020,112997.54904019319,123028.32049214063,103580.23428880169
Deaths,Global,Both,All ages,Leukemia,Number,2020,333396.1184627559,375949.4887820247,305617.00146068126
Deaths,Global,Both,All ages,Other malignant neoplasms,Number,2020,215902.55857326047,245698.645737422,193400.58111343224
Deaths,Global,Both,All ages,Other neoplasms,Number,2020,114576.6734580448,132039.0884300106,99574.0349305733
Deaths,Global,Both,All ages,Soft tissue and other extraosseous sarcomas,Number,2017,53515.84195434337,67528.08317633937,42797.88355102847
Deaths,Global,Both,All ages,Malignant neoplasm of bone and articular cartilage,Number,2017,68122.75690887448,84963.04397702467,54473.866681649495
Deaths,Global,Both,All ages,Neuroblastoma and other peripheral nervous cell tumors,Number,2017,5401.704251049749,6556.175944135542,4519.214790417751
Deaths,Global,Both,All ages,Gallbladder and biliary tract cancer,Number,2022,179561.7925575932,213608.39178600576,157911.4078583494
Deaths,Global,Both,All ages,Pancreatic cancer,Number,2022,540050.6439111374,571626.4611030115,495088.02148408856
Deaths,Global,Both,All ages,Malignant skin melanoma,Number,2022,65330.38903481408,74560.79012503027,58920.99683260795
Deaths,Global,Both,All ages,Non-melanoma skin cancer,Number,2022,62520.07443603347,70190.2948099502,53860.31465151693
Deaths,Global,Both,All ages,Ovarian cancer,Number,2022,213200.51615087764,246412.6322393161,187951.72792856867
Deaths,Global,Both,All ages,Testicular cancer,Number,2022,11826.886293044407,14420.289313722238,9634.52786783909
Deaths,Global,Both,All ages,Kidney cancer,Number,2022,163615.1868810497,179035.54792182863,146502.07761641886
Deaths,Global,Both,All ages,Bladder cancer,Number,2022,229546.51179807534,251607.92423283946,207634.18937634572
Deaths,Global,Both,All ages,Brain and central nervous system cancer,Number,2022,265937.3800033315,321070.2031416458,232609.92023154406
Deaths,Global,Both,All ages,Thyroid cancer,Number,2022,50772.10844852873,59811.93435367703,43978.811472306785
Deaths,Global,Both,All ages,Mesothelioma,Number,2022,27420.156003160508,30364.93136501323,24599.02866352981
Deaths,Global,Both,All ages,Hodgkin lymphoma,Number,2022,27401.726578197406,35674.73908987563,21059.59256830364
Deaths,Global,Both,All ages,Non-Hodgkin lymphoma,Number,2022,280424.41536640096,315901.9437205545,246045.9999588043
Deaths,Global,Both,All ages,Multiple myeloma,Number,2022,121107.67371804376,132538.9079200934,109404.89568612962
Deaths,Global,Both,All ages,Leukemia,Number,2022,343358.7417212627,386774.6273211018,311654.60259607935
Deaths,Global,Both,All ages,Other malignant neoplasms,Number,2022,226444.76123346918,252733.82865718787,198349.14466872855
Deaths,Global,Both,All ages,Other neoplasms,Number,2022,121886.0318509826,142657.827633377,104781.15216087797
Deaths,Global,Both,All ages,Eye cancer,Number,2022,10256.875903863765,15108.399921858614,7480.044105155421
Deaths,Global,Both,All ages,Gallbladder and biliary tract cancer,Number,2021,172093.9436462373,201815.06003706713,152061.4690326987
Deaths,Global,Both,All ages,Pancreatic cancer,Number,2021,513690.4824005518,542578.7148450793,476291.24423493183
Deaths,Global,Both,All ages,Malignant skin melanoma,Number,2021,62833.70997608992,71029.09318913167,56693.02094970731
Deaths,Global,Both,All ages,Non-melanoma skin cancer,Number,2021,59150.7839617616,66825.69714563336,51127.71582270835
Deaths,Global,Both,All ages,Ovarian cancer,Number,2021,204950.5599220345,233936.43486300614,180095.33149985783
Deaths,Global,Both,All ages,Testicular cancer,Number,2021,11742.03915246884,14299.76617386483,9451.114131109634
Deaths,Global,Both,All ages,Kidney cancer,Number,2021,158829.51821821678,174402.8798419548,142690.6461772563
Deaths,Global,Both,All ages,Bladder cancer,Number,2021,218580.45989760334,237701.90930785568,197270.5503190738
Deaths,Global,Both,All ages,Brain and central nervous system cancer,Number,2021,260236.85093179147,311757.07444557955,231394.9626638547
Deaths,Global,Both,All ages,Thyroid cancer,Number,2021,48883.1239916708,57710.85196587368,42106.544192479814
Deaths,Global,Both,All ages,Mesothelioma,Number,2021,26580.701863009635,29383.842195807672,23960.115981933788
Deaths,Global,Both,All ages,Hodgkin lymphoma,Number,2021,27719.775540035138,35592.3785419685,21186.233301372817
Deaths,Global,Both,All ages,Non-Hodgkin lymphoma,Number,2021,273539.2088818972,309153.1488657232,240883.83673375545
Deaths,Global,Both,All ages,Multiple myeloma,Number,2021,116317.10525185213,127185.74970706388,106045.02156548557
Deaths,Global,Both,All ages,Leukemia,Number,2021,338510.92969819234,382753.1407213996,308728.4998998609
Deaths,Global,Both,All ages,Other malignant neoplasms,Number,2021,221575.80330823324,251719.94465934805,196594.02272408875
Deaths,Global,Both,All ages,Other neoplasms,Number,2021,116974.3592734278,135088.04105736743,101235.21751535744
Deaths,Global,Both,All ages,Eye cancer,Number,2020,11272.942478640378,17494.690164180578,8312.911511466988
Deaths,Global,Both,All ages,Gallbladder and biliary tract cancer,Number,2023,184064.63142702356,220588.0801169815,159823.60200411512
Deaths,Global,Both,All ages,Pancreatic cancer,Number,2023,552747.3985322493,588705.5882132374,501815.7789258033
Deaths,Global,Both,All ages,Malignant skin melanoma,Number,2023,66580.49838074703,75233.51789653277,59912.92693694005
Deaths,Global,Both,All ages,Non-melanoma skin cancer,Number,2023,63934.34208152469,71569.90511826782,54374.31466374453
Deaths,Global,Both,All ages,Ovarian cancer,Number,2023,220979.39778309118,255007.0513749281,191584.6209789003
Deaths,Global,Both,All ages,Testicular cancer,Number,2023,11913.478859308056,14684.581466801217,9640.818290388988
Deaths,Global,Both,All ages,Kidney cancer,Number,2023,165366.01353103816,180034.85927369527,146730.72899327747
Deaths,Global,Both,All ages,Bladder cancer,Number,2023,233737.57522067346,257569.9096421719,208463.36469964526
Deaths,Global,Both,All ages,Brain and central nervous system cancer,Number,2023,264169.1364597474,313229.5109655095,230522.60380608425
Deaths,Global,Both,All ages,Thyroid cancer,Number,2023,52221.086871379026,61485.65499025845,44697.83568826762
Deaths,Global,Both,All ages,Mesothelioma,Number,2023,27988.716318467097,30872.485700811834,24763.818951362096
Deaths,Global,Both,All ages,Hodgkin lymphoma,Number,2023,27160.787423201724,34861.45793684379,21047.57080470423
Deaths,Global,Both,All ages,Non-Hodgkin lymphoma,Number,2023,283080.9973497597,320542.3028359777,247487.17420034355
Deaths,Global,Both,All ages,Multiple myeloma,Number,2023,125106.9134640959,137033.43418158204,112788.52519797554
Deaths,Global,Both,All ages,Leukemia,Number,2023,341957.8481114969,381839.4817210314,307196.4981256086
Deaths,Global,Both,All ages,Other malignant neoplasms,Number,2023,225999.90572944022,250984.91714912673,196902.95193544877
Deaths,Global,Both,All ages,Other neoplasms,Number,2023,124530.40037618869,145259.88905574995,106412.02364021109
Deaths,Global,Both,All ages,Soft tissue and other extraosseous sarcomas,Number,2022,60644.01814753256,75788.30592662521,47996.792763362195
Deaths,Global,Both,All ages,Malignant neoplasm of bone and articular cartilage,Number,2022,77493.64865838026,95523.1351133838,62007.59432463338
Deaths,Global,Both,All ages,Neuroblastoma and other peripheral nervous cell tumors,Number,2022,6026.0371668215985,7577.184488024116,5025.055118728105
Deaths,Global,Both,All ages,Soft tissue and other extraosseous sarcomas,Number,2018,54914.581578140656,69782.51325578742,43995.66299502728
Deaths,Global,Both,All ages,Malignant neoplasm of bone and articular cartilage,Number,2018,69328.6161798095,87408.05086392417,56005.94488699684
Deaths,Global,Both,All ages,Neuroblastoma and other peripheral nervous cell tumors,Number,2018,5489.45434947644,6715.1922528253735,4609.78726947256
Deaths,Global,Both,All ages,Eye cancer,Number,2021,11118.486507807282,16824.10034788139,8067.134011936065
Deaths,Global,Both,All ages,Soft tissue and other extraosseous sarcomas,Number,2019,56093.80603364507,71226.80582984738,44588.544809415376
Deaths,Global,Both,All ages,Malignant neoplasm of bone and articular cartilage,Number,2019,70451.21348592224,89181.35408412763,57281.113681830924
Deaths,Global,Both,All ages,Neuroblastoma and other peripheral nervous cell tumors,Number,2019,5573.149279600566,6774.050347926778,4660.9000406887035
Deaths,Global,Both,All ages,Eye cancer,Number,2023,10085.144518370676,14167.90626315689,7298.56865467468
Deaths,Global,Both,All ages,Soft tissue and other extraosseous sarcomas,Number,2020,57527.607093928964,74524.92340728562,45075.93009163821
Deaths,Global,Both,All ages,Malignant neoplasm of bone and articular cartilage,Number,2020,72621.17910033926,91984.62929663253,59004.193764106276
Deaths,Global,Both,All ages,Neuroblastoma and other peripheral nervous cell tumors,Number,2020,5792.5883071619455,7115.768471826548,4890.288178753071
Deaths,Global,Both,All ages,Soft tissue and other extraosseous sarcomas,Number,2021,59585.61094459693,76105.33082475945,46657.11316507729
Deaths,Global,Both,All ages,Malignant neoplasm of bone and articular cartilage,Number,2021,75757.20332591573,93379.98846113708,61247.69697054334
Deaths,Global,Both,All ages,Neuroblastoma and other peripheral nervous cell tumors,Number,2021,5993.022924072669,7512.424258564315,5041.756758332484
Deaths,Global,Both,All ages,Soft tissue and other extraosseous sarcomas,Number,2023,60903.56925123,75774.02387081317,49009.31528347001
Deaths,Global,Both,All ages,Malignant neoplasm of bone and articular cartilage,Number,2023,76737.4317287432,96414.81413135196,60817.41183968701
Deaths,Global,Both,All ages,Neuroblastoma and other peripheral nervous cell tumors,Number,2023,6011.929105733738,7642.359974972958,5027.382600828604
DALYs (Disability-Adjusted Life Years),Global,Both,All ages,Esophageal cancer,Number,1990,10267455.7737333,11344090.017353117,8534468.38544576
DALYs (Disability-Adjusted Life Years),Global,Both,All ages,Stomach cancer,Number,1990,24709064.71284787,27684699.54796741,21528978.313948467
DALYs (Disability-Adjusted Life Years),Global,Both,All ages,Liver cancer,Number,1990,7881001.022213323,9154388.729255352,6981959.2971634725
DALYs (Disability-Adjusted Life Years),Global,Both,All ages,Larynx cancer,Number,1990,2331957.6656311876,2657642.609666026,2044436.1277678558
DALYs (Disability-Adjusted Life Years),Global,Both,All ages,"Tracheal, bronchus, and lung cancer",Number,1990,28815854.339801792,31920855.49811003,27102338.508381903
DALYs (Disability-Adjusted Life Years),Global,Both,All ages,Breast cancer,Number,1990,11817391.864936613,12843497.181646379,10878843.217140011
DALYs (Disability-Adjusted Life Years),Global,Both,All ages,Cervical cancer,Number,1990,7762134.528932423,10239629.196768321,6091708.802393571
DALYs (Disability-Adjusted Life Years),Global,Both,All ages,Uterine cancer,Number,1990,1636743.4896211764,1882847.362098182,1345052.0162377488
DALYs (Disability-Adjusted Life Years),Global,Both,All ages,Eye cancer,Number,1994,550267.9584847435,1131336.1814330216,306625.4020003398
DALYs (Disability-Adjusted Life Years),Global,Both,All ages,Soft tissue and other extraosseous sarcomas,Number,1994,1542549.826991498,2139103.4908048925,1162475.3105283277
DALYs (Disability-Adjusted Life Years),Global,Both,All ages,Malignant neoplasm of bone and articular cartilage,Number,1994,2010868.5174380816,2763689.6308328067,1574234.8494028116
DALYs (Disability-Adjusted Life Years),Global,Both,All ages,Neuroblastoma and other peripheral nervous cell tumors,Number,1994,257371.10359031404,330306.8186060644,201884.1402441749
DALYs (Disability-Adjusted Life Years),Global,Both,All ages,Esophageal cancer,Number,1996,10944286.013755893,12153019.873135159,9514569.701004742
DALYs (Disability-Adjusted Life Years),Global,Both,All ages,Stomach cancer,Number,1996,24715673.174839985,27657690.095903993,21321760.296459988
DALYs (Disability-Adjusted Life Years),Global,Both,All ages,Liver cancer,Number,1996,9240458.160425872,10532092.985700194,8279085.168243106
DALYs (Disability-Adjusted Life Years),Global,Both,All ages,Larynx cancer,Number,1996,2485335.4480405217,2822941.527084256,2189915.610145008
DALYs (Disability-Adjusted Life Years),Global,Both,All ages,"Tracheal, bronchus, and lung cancer",Number,1996,31547537.463662513,34246974.39215888,29467861.10136165
DALYs (Disability-Adjusted Life Years),Global,Both,All ages,Breast cancer,Number,1996,13315420.286493335,14506404.19160031,12230166.300730037
DALYs (Disability-Adjusted Life Years),Global,Both,All ages,Cervical cancer,Number,1996,8085231.734108422,10390223.752138592,6423713.552310304
DALYs (Disability-Adjusted Life Years),Global,Both,All ages,Uterine cancer,Number,1996,1763131.8329413743,2006415.740520677,1484715.5744061037
DALYs (Disability-Adjusted Life Years),Global,Both,All ages,Esophageal cancer,Number,1993,10725501.129971715,11855489.60420699,9278838.890248839
DALYs (Disability-Adjusted Life Years),Global,Both,All ages,Stomach cancer,Number,1993,25023657.087663535,28501418.601622686,22015190.66796667
DALYs (Disability-Adjusted Life Years),Global,Both,All ages,Liver cancer,Number,1993,8396904.759332139,9575114.270725911,7578892.423809909
DALYs (Disability-Adjusted Life Years),Global,Both,All ages,Esophageal cancer,Number,1991,10489132.350507688,11637539.66706311,8778847.534855783
DALYs (Disability-Adjusted Life Years),Global,Both,All ages,Stomach cancer,Number,1991,24921196.495083805,28190081.12100698,21702278.105150066
DALYs (Disability-Adjusted Life Years),Global,Both,All ages,Liver cancer,Number,1991,8046782.5242095785,9282141.908969544,7196822.126239906
DALYs (Disability-Adjusted Life Years),Global,Both,All ages,Larynx cancer,Number,1993,2470334.7523243683,2805002.2989931786,2161853.7329794685
DALYs (Disability-Adjusted Life Years),Global,Both,All ages,"Tracheal, bronchus, and lung cancer",Number,1993,30475571.527352456,33090470.340505198,28811877.831708044
DALYs (Disability-Adjusted Life Years),Global,Both,All ages,Breast cancer,Number,1993,12641940.648472955,13727566.790622216,11718158.36629489
DALYs (Disability-Adjusted Life Years),Global,Both,All ages,Cervical cancer,Number,1993,7937146.537627445,10285303.435677294,6186529.381032297
DALYs (Disability-Adjusted Life Years),Global,Both,All ages,Uterine cancer,Number,1993,1703936.2072026178,1946962.1878958845,1417173.1504269284
DALYs (Disability-Adjusted Life Years),Global,Both,All ages,Larynx cancer,Number,1991,2386022.785217113,2726372.9191829953,2096096.6645828271
DALYs (Disability-Adjusted Life Years),Global,Both,All ages,"Tracheal, bronchus, and lung cancer",Number,1991,29360305.30760675,32225024.908912964,27685676.714151986
DALYs (Disability-Adjusted Life Years),Global,Both,All ages,Breast cancer,Number,1991,12101376.216269685,13108224.519775476,11215778.90493567
DALYs (Disability-Adjusted Life Years),Global,Both,All ages,Cervical cancer,Number,1991,7869375.494053762,10361862.269872122,6147794.0358578395
DALYs (Disability-Adjusted Life Years),Global,Both,All ages,Uterine cancer,Number,1991,1662419.5754910246,1889512.078673756,1370290.6576889888
DALYs (Disability-Adjusted Life Years),Global,Both,All ages,Esophageal cancer,Number,1994,10805294.252129126,11946861.627826888,9421619.957870863
DALYs (Disability-Adjusted Life Years),Global,Both,All ages,Stomach cancer,Number,1994,24956644.21161181,28244291.279743265,21835603.08244382
DALYs (Disability-Adjusted Life Years),Global,Both,All ages,Liver cancer,Number,1994,8660850.277232314,9926287.748561943,7807044.654696647
DALYs (Disability-Adjusted Life Years),Global,Both,All ages,Esophageal cancer,Number,1995,10852345.503725665,11984591.469475776,9362377.233498227
DALYs (Disability-Adjusted Life Years),Global,Both,All ages,Stomach cancer,Number,1995,24803310.092298176,28094532.4276698,21427237.031014524
DALYs (Disability-Adjusted Life Years),Global,Both,All ages,Liver cancer,Number,1995,9001342.092965022,10334396.702636879,8127131.021507602
DALYs (Disability-Adjusted Life Years),Global,Both,All ages,Prostate cancer,Number,2019,7831958.497537642,8722716.18626506,6990052.3870356465
DALYs (Disability-Adjusted Life Years),Global,Both,All ages,Colon and rectum cancer,Number,2019,23082609.69604716,24978943.720873125,21518709.847116068
DALYs (Disability-Adjusted Life Years),Global,Both,All ages,Lip and oral cavity cancer,Number,2019,5558596.165912534,6483135.122907447,4884990.894434061
DALYs (Disability-Adjusted Life Years),Global,Both,All ages,Nasopharynx cancer,Number,2019,2259736.4322880562,2627570.1718079513,1962766.1009423258
DALYs (Disability-Adjusted Life Years),Global,Both,All ages,Other pharynx cancer,Number,2019,2800490.61430157,3461712.279318886,2258760.7043805057
DALYs (Disability-Adjusted Life Years),Global,Both,All ages,Gallbladder and biliary tract cancer,Number,2019,3536685.159195338,4180459.574225875,3119234.7494430896
DALYs (Disability-Adjusted Life Years),Global,Both,All ages,Pancreatic cancer,Number,2019,10770531.779697772,11302666.320294065,10160615.530900963
DALYs (Disability-Adjusted Life Years),Global,Both,All ages,Malignant skin melanoma,Number,2019,1685251.69447556,1953313.924530533,1500558.8092220475
DALYs (Disability-Adjusted Life Years),Global,Both,All ages,Non-melanoma skin cancer,Number,2019,1167190.0122992783,1331763.8263176393,1027259.8648507493
DALYs (Disability-Adjusted Life Years),Global,Both,All ages,Ovarian cancer,Number,2019,5511269.753436411,6383226.350750156,4819485.686791652
DALYs (Disability-Adjusted Life Years),Global,Both,All ages,Testicular cancer,Number,2019,538246.678501487,656654.7680285585,440344.3625950718
DALYs (Disability-Adjusted Life Years),Global,Both,All ages,Kidney cancer,Number,2019,3864058.929867269,4338843.469478275,3432900.455373348
DALYs (Disability-Adjusted Life Years),Global,Both,All ages,Bladder cancer,Number,2019,4102392.4992790013,4479742.451083062,3739367.0288117127
DALYs (Disability-Adjusted Life Years),Global,Both,All ages,Brain and central nervous system cancer,Number,2019,8772171.437952295,10620560.948355258,7694963.573237864
DALYs (Disability-Adjusted Life Years),Global,Both,All ages,Thyroid cancer,Number,2019,1343548.171527583,1570026.4388201376,1143632.1937750466
DALYs (Disability-Adjusted Life Years),Global,Both,All ages,Mesothelioma,Number,2019,592978.1351712078,657646.442650887,528426.6974761807
DALYs (Disability-Adjusted Life Years),Global,Both,All ages,Hodgkin lymphoma,Number,2019,1180938.1133933032,1589929.5787312186,874501.2713870931
DALYs (Disability-Adjusted Life Years),Global,Both,All ages,Non-Hodgkin lymphoma,Number,2019,7792369.59596554,8882126.225823564,6912412.4612327535
DALYs (Disability-Adjusted Life Years),Global,Both,All ages,Multiple myeloma,Number,2019,2493867.9357854994,2735661.7990018534,2272311.4372496763
DALYs (Disability-Adjusted Life Years),Global,Both,All ages,Leukemia,Number,2019,11977194.917307727,13838385.152576892,10837709.087779604
DALYs (Disability-Adjusted Life Years),Global,Both,All ages,Other malignant neoplasms,Number,2019,6419807.604836628,7485188.001495021,5578558.212680181
DALYs (Disability-Adjusted Life Years),Global,Both,All ages,Other neoplasms,Number,2019,3071751.896307417,3686179.134210515,2552548.03349748
DALYs (Disability-Adjusted Life Years),Global,Both,All ages,Eye cancer,Number,2019,553553.5339790325,995024.3565273678,351293.38121892203
DALYs (Disability-Adjusted Life Years),Global,Both,All ages,Soft tissue and other extraosseous sarcomas,Number,2019,2070728.7019479265,2784176.0846651797,1552973.9188199884
DALYs (Disability-Adjusted Life Years),Global,Both,All ages,Malignant neoplasm of bone and articular cartilage,Number,2019,2809352.0695839594,3733458.36875093,2228414.2953729047
DALYs (Disability-Adjusted Life Years),Global,Both,All ages,Neuroblastoma and other peripheral nervous cell tumors,Number,2019,316556.43728123925,401050.50475817546,257549.61905174295
DALYs (Disability-Adjusted Life Years),Global,Both,All ages,Prostate cancer,Number,2020,8118676.759228553,9099497.69349001,7262860.535227954
DALYs (Disability-Adjusted Life Years),Global,Both,All ages,Colon and rectum cancer,Number,2020,23433787.01605706,25398014.741253063,21856450.604046576
DALYs (Disability-Adjusted Life Years),Global,Both,All ages,Lip and oral cavity cancer,Number,2020,5763932.472646535,6704343.976380633,5034765.385470331
DALYs (Disability-Adjusted Life Years),Global,Both,All ages,Nasopharynx cancer,Number,2020,2283499.667017945,2669442.9397482374,1978376.80947795
DALYs (Disability-Adjusted Life Years),Global,Both,All ages,Other pharynx cancer,Number,2020,2917600.3835758725,3566261.415631065,2349818.9440433853
DALYs (Disability-Adjusted Life Years),Global,Both,All ages,Gallbladder and biliary tract cancer,Number,2020,3587291.9375900235,4228225.014918273,3174123.9875942073
DALYs (Disability-Adjusted Life Years),Global,Both,All ages,Pancreatic cancer,Number,2020,11008022.601752086,11516252.172390895,10366418.445887165
DALYs (Disability-Adjusted Life Years),Global,Both,All ages,Malignant skin melanoma,Number,2020,1694653.8522707606,1954428.8447506435,1501631.0051852823
DALYs (Disability-Adjusted Life Years),Global,Both,All ages,Non-melanoma skin cancer,Number,2020,1191798.854260757,1365071.6665796218,1056560.3712103036
DALYs (Disability-Adjusted Life Years),Global,Both,All ages,Ovarian cancer,Number,2020,5663427.965065466,6583971.245581999,4924109.89523499
DALYs (Disability-Adjusted Life Years),Global,Both,All ages,Testicular cancer,Number,2020,546726.030058401,670696.4445278014,443151.1514732137
DALYs (Disability-Adjusted Life Years),Global,Both,All ages,Kidney cancer,Number,2020,3909064.9166694023,4379585.1385398675,3465150.1698681735
DALYs (Disability-Adjusted Life Years),Global,Both,All ages,Bladder cancer,Number,2020,4180937.65995408,4547971.529359889,3814070.139179406
DALYs (Disability-Adjusted Life Years),Global,Both,All ages,Brain and central nervous system cancer,Number,2020,8975107.061239744,10836394.710731544,7856066.005918578
DALYs (Disability-Adjusted Life Years),Global,Both,All ages,Thyroid cancer,Number,2020,1365005.6369774404,1629154.2918137854,1149577.7075698928
DALYs (Disability-Adjusted Life Years),Global,Both,All ages,Mesothelioma,Number,2020,593859.8369573895,655418.2582035689,533180.9311306033
DALYs (Disability-Adjusted Life Years),Global,Both,All ages,Hodgkin lymphoma,Number,2020,1196833.6721130228,1617092.2857820413,877838.0653789389
DALYs (Disability-Adjusted Life Years),Global,Both,All ages,Non-Hodgkin lymphoma,Number,2020,7958716.630024133,9043420.516386906,6953864.57822757
DALYs (Disability-Adjusted Life Years),Global,Both,All ages,Multiple myeloma,Number,2020,2539406.4367274316,2795835.4158855467,2315680.7587838755
DALYs (Disability-Adjusted Life Years),Global,Both,All ages,Leukemia,Number,2020,12179906.268593553,14008536.037712373,11039499.263578784
DALYs (Disability-Adjusted Life Years),Global,Both,All ages,Other malignant neoplasms,Number,2020,6557383.141256115,7703740.904097269,5654722.308016535
DALYs (Disability-Adjusted Life Years),Global,Both,All ages,Other neoplasms,Number,2020,3132621.1976772407,3763702.8653680077,2597536.101659313
DALYs (Disability-Adjusted Life Years),Global,Both,All ages,Eye cancer,Number,2020,546634.8794916702,988597.5261892435,356983.60209144023
DALYs (Disability-Adjusted Life Years),Global,Both,All ages,Soft tissue and other extraosseous sarcomas,Number,2020,2131994.6107181753,2866953.8975968612,1604230.9288015226
DALYs (Disability-Adjusted Life Years),Global,Both,All ages,Malignant neoplasm of bone and articular cartilage,Number,2020,2902710.994762501,3853941.1088891495,2301421.3006454944
DALYs (Disability-Adjusted Life Years),Global,Both,All ages,Neuroblastoma and other peripheral nervous cell tumors,Number,2020,329479.15200557467,421623.24596249976,267689.04417175933
DALYs (Disability-Adjusted Life Years),Global,Both,All ages,Esophageal cancer,Number,1999,11422383.275094222,12505757.535159122,9803064.963979919
DALYs (Disability-Adjusted Life Years),Global,Both,All ages,Stomach cancer,Number,1999,24866248.47049679,27320792.13375137,21187684.490342323
DALYs (Disability-Adjusted Life Years),Global,Both,All ages,Liver cancer,Number,1999,9742669.036394631,10971613.798248542,8758422.087758869
DALYs (Disability-Adjusted Life Years),Global,Both,All ages,Esophageal cancer,Number,1997,11052002.566470303,12189013.324256249,9547749.199532298
DALYs (Disability-Adjusted Life Years),Global,Both,All ages,Stomach cancer,Number,1997,24655475.349722944,27400339.216047503,21241898.371936746
DALYs (Disability-Adjusted Life Years),Global,Both,All ages,Liver cancer,Number,1997,9360091.43073656,10610421.282140939,8372360.856455513
DALYs (Disability-Adjusted Life Years),Global,Both,All ages,Larynx cancer,Number,1994,2479636.9001494157,2838753.113222341,2176907.188260306
DALYs (Disability-Adjusted Life Years),Global,Both,All ages,"Tracheal, bronchus, and lung cancer",Number,1994,30722342.977111585,33375987.672106702,28912966.870819245
DALYs (Disability-Adjusted Life Years),Global,Both,All ages,Breast cancer,Number,1994,12864507.99820842,14019406.456959007,11920266.958030486
DALYs (Disability-Adjusted Life Years),Global,Both,All ages,Cervical cancer,Number,1994,7952297.47032828,10263885.09317388,6258579.101695661
DALYs (Disability-Adjusted Life Years),Global,Both,All ages,Uterine cancer,Number,1994,1718207.9396048677,1948729.317454287,1435969.4676546846
DALYs (Disability-Adjusted Life Years),Global,Both,All ages,Esophageal cancer,Number,2001,11792098.275938157,12795614.083955841,10019466.973151043
DALYs (Disability-Adjusted Life Years),Global,Both,All ages,Stomach cancer,Number,2001,24864178.730271343,27091460.461850826,20804875.201655507
DALYs (Disability-Adjusted Life Years),Global,Both,All ages,Liver cancer,Number,2001,10008496.89492035,11111256.551960304,9077196.730825644
DALYs (Disability-Adjusted Life Years),Global,Both,All ages,Esophageal cancer,Number,1992,10614181.655164056,11763550.313521951,9045245.303416729
DALYs (Disability-Adjusted Life Years),Global,Both,All ages,Stomach cancer,Number,1992,24965549.371817846,28430548.157252878,21799993.525360033
DALYs (Disability-Adjusted Life Years),Global,Both,All ages,Liver cancer,Number,1992,8199018.581705737,9363756.329211794,7419408.387439608
DALYs (Disability-Adjusted Life Years),Global,Both,All ages,Prostate cancer,Number,2023,8908034.062277267,10010954.730424654,7867561.3987610405
DALYs (Disability-Adjusted Life Years),Global,Both,All ages,Colon and rectum cancer,Number,2023,26166659.126612652,28632446.114197772,23795348.98168885
DALYs (Disability-Adjusted Life Years),Global,Both,All ages,Lip and oral cavity cancer,Number,2023,6454025.82260499,7616960.336268058,5571911.1908349395
DALYs (Disability-Adjusted Life Years),Global,Both,All ages,Nasopharynx cancer,Number,2023,2585383.919233629,3044065.3216890506,2138187.9087187303
DALYs (Disability-Adjusted Life Years),Global,Both,All ages,Other pharynx cancer,Number,2023,3329070.451510485,4163538.936047594,2677352.7923734956
DALYs (Disability-Adjusted Life Years),Global,Both,All ages,Gallbladder and biliary tract cancer,Number,2023,4004826.949177236,4799757.534807559,3461775.0664869607
DALYs (Disability-Adjusted Life Years),Global,Both,All ages,Pancreatic cancer,Number,2023,12286057.270572284,13100885.606081298,11410811.854810394
DALYs (Disability-Adjusted Life Years),Global,Both,All ages,Malignant skin melanoma,Number,2023,1825303.288104452,2147281.8940192973,1608542.969860407
DALYs (Disability-Adjusted Life Years),Global,Both,All ages,Non-melanoma skin cancer,Number,2023,1335511.4107575116,1518507.022553536,1147291.8374612085
DALYs (Disability-Adjusted Life Years),Global,Both,All ages,Ovarian cancer,Number,2023,6478983.187462198,7649954.703048022,5463020.896843045
DALYs (Disability-Adjusted Life Years),Global,Both,All ages,Testicular cancer,Number,2023,588056.5971982867,731154.1801109859,470227.61475908663
DALYs (Disability-Adjusted Life Years),Global,Both,All ages,Kidney cancer,Number,2023,4063658.5639818236,4512068.1755974,3602554.3970055534
DALYs (Disability-Adjusted Life Years),Global,Both,All ages,Bladder cancer,Number,2023,4626719.04046092,5131860.681680564,4222239.801066483
DALYs (Disability-Adjusted Life Years),Global,Both,All ages,Brain and central nervous system cancer,Number,2023,9169242.99117151,11032602.796025444,8047454.91975815
DALYs (Disability-Adjusted Life Years),Global,Both,All ages,Thyroid cancer,Number,2023,1560592.0630426689,1868378.0259904338,1308085.1006553592
DALYs (Disability-Adjusted Life Years),Global,Both,All ages,Mesothelioma,Number,2023,624802.2072111486,695736.9787762461,552892.034898928
DALYs (Disability-Adjusted Life Years),Global,Both,All ages,Hodgkin lymphoma,Number,2023,1184140.3729900653,1556649.2247046903,862078.7800565264
DALYs (Disability-Adjusted Life Years),Global,Both,All ages,Non-Hodgkin lymphoma,Number,2023,8318225.588986188,9684374.616892856,7117918.235728117
DALYs (Disability-Adjusted Life Years),Global,Both,All ages,Multiple myeloma,Number,2023,2813374.658500581,3135686.9941719975,2537766.2113657035
DALYs (Disability-Adjusted Life Years),Global,Both,All ages,Leukemia,Number,2023,12193658.693723142,13928704.123135103,10803799.727316104
DALYs (Disability-Adjusted Life Years),Global,Both,All ages,Other malignant neoplasms,Number,2023,6692765.395257497,7611755.016487029,5759598.202936789
DALYs (Disability-Adjusted Life Years),Global,Both,All ages,Other neoplasms,Number,2023,3354065.7546599754,4117602.8116440624,2806610.048880318
DALYs (Disability-Adjusted Life Years),Global,Both,All ages,Eye cancer,Number,2023,488648.8474844751,810697.3575235687,292298.70815243694
DALYs (Disability-Adjusted Life Years),Global,Both,All ages,Soft tissue and other extraosseous sarcomas,Number,2023,2223840.80875943,2882574.9481893517,1712773.2764414297
DALYs (Disability-Adjusted Life Years),Global,Both,All ages,Malignant neoplasm of bone and articular cartilage,Number,2023,3020143.8430806557,3967055.27426022,2291386.42379475
DALYs (Disability-Adjusted Life Years),Global,Both,All ages,Neuroblastoma and other peripheral nervous cell tumors,Number,2023,333205.4270166815,443690.72799471125,270522.41159101424
DALYs (Disability-Adjusted Life Years),Global,Both,All ages,Larynx cancer,Number,1995,2484312.071163462,2822010.4817644125,2187244.3204215136
DALYs (Disability-Adjusted Life Years),Global,Both,All ages,"Tracheal, bronchus, and lung cancer",Number,1995,31370168.588705614,34254065.5988221,29401691.855730906
DALYs (Disability-Adjusted Life Years),Global,Both,All ages,Breast cancer,Number,1995,13097871.418196322,14320858.051872173,12073575.917481765
DALYs (Disability-Adjusted Life Years),Global,Both,All ages,Cervical cancer,Number,1995,7981963.014514828,10282758.665636878,6284041.325627372
DALYs (Disability-Adjusted Life Years),Global,Both,All ages,Uterine cancer,Number,1995,1729516.1651061266,1957992.1639243166,1455610.6904035711
DALYs (Disability-Adjusted Life Years),Global,Both,All ages,Esophageal cancer,Number,2003,11919786.455489725,12856633.365503492,10339210.793867351
DALYs (Disability-Adjusted Life Years),Global,Both,All ages,Stomach cancer,Number,2003,24645484.67053419,27204953.863135796,20584689.67826499
DALYs (Disability-Adjusted Life Years),Global,Both,All ages,Liver cancer,Number,2003,9987677.287543349,11208351.333091456,9078983.574665273
DALYs (Disability-Adjusted Life Years),Global,Both,All ages,Esophageal cancer,Number,1998,11202415.33079173,12261500.308991184,9544973.983315943
DALYs (Disability-Adjusted Life Years),Global,Both,All ages,Stomach cancer,Number,1998,24702728.68970025,27118404.04065471,21075764.76995847
DALYs (Disability-Adjusted Life Years),Global,Both,All ages,Liver cancer,Number,1998,9536897.940284997,10865555.706719736,8545716.036016319
DALYs (Disability-Adjusted Life Years),Global,Both,All ages,Esophageal cancer,Number,2002,11887374.65074947,12872338.382824857,10260672.057032047
DALYs (Disability-Adjusted Life Years),Global,Both,All ages,Stomach cancer,Number,2002,24783272.67861733,27272954.955945015,20582254.161149245
DALYs (Disability-Adjusted Life Years),Global,Both,All ages,Liver cancer,Number,2002,10047235.064442875,11202881.487125807,9147981.535314227
DALYs (Disability-Adjusted Life Years),Global,Both,All ages,Prostate cancer,Number,1990,4245774.887994545,4686017.88920466,3802088.799871157
DALYs (Disability-Adjusted Life Years),Global,Both,All ages,Colon and rectum cancer,Number,1990,14830781.881749552,15834846.74958982,13837263.79723534
DALYs (Disability-Adjusted Life Years),Global,Both,All ages,Lip and oral cavity cancer,Number,1990,2970119.3861912796,3475256.9573449492,2618170.070272739
DALYs (Disability-Adjusted Life Years),Global,Both,All ages,Nasopharynx cancer,Number,1990,2308706.2175969575,2637412.1080993935,1922581.0479945987
DALYs (Disability-Adjusted Life Years),Global,Both,All ages,Other pharynx cancer,Number,1990,1358023.9404843145,1637546.527705518,1157816.3756899682
DALYs (Disability-Adjusted Life Years),Global,Both,All ages,Gallbladder and biliary tract cancer,Number,1990,2390811.9432425336,2709012.264618386,2170065.657601672
DALYs (Disability-Adjusted Life Years),Global,Both,All ages,Pancreatic cancer,Number,1990,5431396.211920908,5766734.714703872,5097807.596737048
DALYs (Disability-Adjusted Life Years),Global,Both,All ages,Malignant skin melanoma,Number,1990,1038741.5276661083,1149138.8242552627,945966.8983843434
DALYs (Disability-Adjusted Life Years),Global,Both,All ages,Non-melanoma skin cancer,Number,1990,571640.7820484992,647206.3913059036,510602.23353549896
DALYs (Disability-Adjusted Life Years),Global,Both,All ages,Ovarian cancer,Number,1990,3164603.9736498664,3530606.639401092,2844487.4854006423
DALYs (Disability-Adjusted Life Years),Global,Both,All ages,Testicular cancer,Number,1990,394588.70971870323,483747.7951752762,325627.9924240075
DALYs (Disability-Adjusted Life Years),Global,Both,All ages,Kidney cancer,Number,1990,2331968.1079458455,2543519.562161859,2119596.5249041417
DALYs (Disability-Adjusted Life Years),Global,Both,All ages,Bladder cancer,Number,1990,2744263.5623427215,2964057.7505791103,2544467.8904691134
DALYs (Disability-Adjusted Life Years),Global,Both,All ages,Brain and central nervous system cancer,Number,1990,6432322.04012897,7268801.730878129,5354951.616491554
DALYs (Disability-Adjusted Life Years),Global,Both,All ages,Esophageal cancer,Number,2000,11603655.172178684,12644447.861376947,9929595.469314184
DALYs (Disability-Adjusted Life Years),Global,Both,All ages,Stomach cancer,Number,2000,24847975.914540417,27269252.6362989,21037829.6931832
DALYs (Disability-Adjusted Life Years),Global,Both,All ages,Liver cancer,Number,2000,9883558.72511433,11053577.836672097,8896169.787795497
DALYs (Disability-Adjusted Life Years),Global,Both,All ages,Thyroid cancer,Number,1990,736679.2206518061,858745.485804915,635499.7409653012
DALYs (Disability-Adjusted Life Years),Global,Both,All ages,Mesothelioma,Number,1990,344250.38616849115,391612.3640286828,311487.65218542924
DALYs (Disability-Adjusted Life Years),Global,Both,All ages,Hodgkin lymphoma,Number,1990,1401705.9739535623,1756764.7672146154,1053186.1561657484
DALYs (Disability-Adjusted Life Years),Global,Both,All ages,Non-Hodgkin lymphoma,Number,1990,5234763.161854817,5912621.128698263,4627866.0323449
DALYs (Disability-Adjusted Life Years),Global,Both,All ages,Multiple myeloma,Number,1990,1165905.3459096886,1268993.3530499083,1067578.148114072
DALYs (Disability-Adjusted Life Years),Global,Both,All ages,Leukemia,Number,1990,13115007.1893533,14802874.18085865,11113006.713110995
DALYs (Disability-Adjusted Life Years),Global,Both,All ages,Other malignant neoplasms,Number,1990,5857097.164786232,6784733.2553648595,5107025.030245516
DALYs (Disability-Adjusted Life Years),Global,Both,All ages,Other neoplasms,Number,1990,1828280.5303339565,2169495.695834866,1515073.8632199415
DALYs (Disability-Adjusted Life Years),Global,Both,All ages,Eye cancer,Number,1990,559697.5174083,1163290.3151211035,302909.73032548046
DALYs (Disability-Adjusted Life Years),Global,Both,All ages,Soft tissue and other extraosseous sarcomas,Number,1990,1402255.164914271,2033439.9902725008,1080386.3139318037
DALYs (Disability-Adjusted Life Years),Global,Both,All ages,Malignant neoplasm of bone and articular cartilage,Number,1990,1892551.9568241707,2549189.1137670176,1463270.1878833934
DALYs (Disability-Adjusted Life Years),Global,Both,All ages,Neuroblastoma and other peripheral nervous cell tumors,Number,1990,245160.30763119741,307128.4521630351,196159.79089373417
DALYs (Disability-Adjusted Life Years),Global,Both,All ages,Esophageal cancer,Number,2005,11793352.299800415,12679387.751187596,10587132.737020634
DALYs (Disability-Adjusted Life Years),Global,Both,All ages,Stomach cancer,Number,2005,23927877.87300214,25902682.605751656,20063807.158050966
DALYs (Disability-Adjusted Life Years),Global,Both,All ages,Liver cancer,Number,2005,10047898.21575131,11446784.544022761,9026324.58682172
DALYs (Disability-Adjusted Life Years),Global,Both,All ages,Prostate cancer,Number,1995,4846956.260509555,5311402.444063409,4328972.263861961
DALYs (Disability-Adjusted Life Years),Global,Both,All ages,Colon and rectum cancer,Number,1995,16388466.987867696,17340113.131271385,15275351.70918542
DALYs (Disability-Adjusted Life Years),Global,Both,All ages,Lip and oral cavity cancer,Number,1995,3234078.4769023126,3636544.9750753227,2887783.387105649
DALYs (Disability-Adjusted Life Years),Global,Both,All ages,Nasopharynx cancer,Number,1995,2382349.8033859488,2664144.302522356,1995061.809233597
DALYs (Disability-Adjusted Life Years),Global,Both,All ages,Other pharynx cancer,Number,1995,1499186.1968535557,1745375.962278027,1285391.6590785724
DALYs (Disability-Adjusted Life Years),Global,Both,All ages,Gallbladder and biliary tract cancer,Number,1995,2561911.935598106,2909037.425496174,2310484.8036689656
DALYs (Disability-Adjusted Life Years),Global,Both,All ages,Pancreatic cancer,Number,1995,6112639.315051069,6429617.099819934,5749450.663509242
DALYs (Disability-Adjusted Life Years),Global,Both,All ages,Malignant skin melanoma,Number,1995,1190597.4401015316,1313018.587615042,1085945.3841174198
DALYs (Disability-Adjusted Life Years),Global,Both,All ages,Non-melanoma skin cancer,Number,1995,616409.3713601452,684016.6492973249,554935.3477093034
DALYs (Disability-Adjusted Life Years),Global,Both,All ages,Ovarian cancer,Number,1995,3495520.740880479,3907853.5033494337,3124753.472681691
DALYs (Disability-Adjusted Life Years),Global,Both,All ages,Testicular cancer,Number,1995,420153.0085059472,507880.0852033389,350240.0938375827
DALYs (Disability-Adjusted Life Years),Global,Both,All ages,Kidney cancer,Number,1995,2603388.307201356,2835539.8590282253,2379783.795018456
DALYs (Disability-Adjusted Life Years),Global,Both,All ages,Bladder cancer,Number,1995,3011951.793129324,3246712.77344146,2775817.1304349476
DALYs (Disability-Adjusted Life Years),Global,Both,All ages,Brain and central nervous system cancer,Number,1995,6896991.38091418,7865295.387341427,5683007.588944067
DALYs (Disability-Adjusted Life Years),Global,Both,All ages,Thyroid cancer,Number,1995,803709.9733509822,924825.4359579022,699390.258341158
DALYs (Disability-Adjusted Life Years),Global,Both,All ages,Mesothelioma,Number,1995,391944.41352132754,433960.80741105095,354987.5614168579
DALYs (Disability-Adjusted Life Years),Global,Both,All ages,Hodgkin lymphoma,Number,1995,1391768.8547504044,1769056.5080028642,1066065.641722549
DALYs (Disability-Adjusted Life Years),Global,Both,All ages,Non-Hodgkin lymphoma,Number,1995,5920195.14132976,6593823.924718259,5332979.32964723
DALYs (Disability-Adjusted Life Years),Global,Both,All ages,Multiple myeloma,Number,1995,1385018.5089610561,1513489.127211101,1274284.7524775378
DALYs (Disability-Adjusted Life Years),Global,Both,All ages,Leukemia,Number,1995,13187812.639714586,14752506.722224541,11279228.080491377
DALYs (Disability-Adjusted Life Years),Global,Both,All ages,Other malignant neoplasms,Number,1995,5996836.949329881,6860188.928025056,5272751.586878513
DALYs (Disability-Adjusted Life Years),Global,Both,All ages,Other neoplasms,Number,1995,2039075.3765280368,2390003.938193416,1701653.8685194645
DALYs (Disability-Adjusted Life Years),Global,Both,All ages,Larynx cancer,Number,1997,2486078.923862827,2819607.465049673,2176038.1536458004
DALYs (Disability-Adjusted Life Years),Global,Both,All ages,"Tracheal, bronchus, and lung cancer",Number,1997,31768055.111215487,34335373.140427314,29649104.203649633
DALYs (Disability-Adjusted Life Years),Global,Both,All ages,Breast cancer,Number,1997,13479395.131183278,14618569.747539889,12357484.142885707
DALYs (Disability-Adjusted Life Years),Global,Both,All ages,Cervical cancer,Number,1997,8185335.500209764,10530423.158336783,6520187.813419554
DALYs (Disability-Adjusted Life Years),Global,Both,All ages,Uterine cancer,Number,1997,1786813.638649559,2036076.4705189785,1499298.7807477624
DALYs (Disability-Adjusted Life Years),Global,Both,All ages,Larynx cancer,Number,1999,2485672.736015609,2807494.4201113777,2184306.581093965
DALYs (Disability-Adjusted Life Years),Global,Both,All ages,"Tracheal, bronchus, and lung cancer",Number,1999,32767945.442412287,35410496.52738651,30491893.220876172
DALYs (Disability-Adjusted Life Years),Global,Both,All ages,Breast cancer,Number,1999,14016581.177361585,15241451.363946991,12829028.190719608
DALYs (Disability-Adjusted Life Years),Global,Both,All ages,Cervical cancer,Number,1999,8410392.623478027,10899455.338354789,6748290.056074639
DALYs (Disability-Adjusted Life Years),Global,Both,All ages,Uterine cancer,Number,1999,1848314.6829690007,2104399.93302171,1552166.8798172164
DALYs (Disability-Adjusted Life Years),Global,Both,All ages,Larynx cancer,Number,2007,2585602.9297622526,2965976.790419255,2262299.6460321215
DALYs (Disability-Adjusted Life Years),Global,Both,All ages,"Tracheal, bronchus, and lung cancer",Number,2007,36658626.508878045,39144338.484102756,33677983.48681116
DALYs (Disability-Adjusted Life Years),Global,Both,All ages,Breast cancer,Number,2007,15605998.904281253,17082743.88308341,14207907.143589865
DALYs (Disability-Adjusted Life Years),Global,Both,All ages,Cervical cancer,Number,2007,8991597.764118621,11533833.899964837,7355489.803796885
DALYs (Disability-Adjusted Life Years),Global,Both,All ages,Uterine cancer,Number,2007,2012958.543901076,2301896.091788965,1714045.9221572813
DALYs (Disability-Adjusted Life Years),Global,Both,All ages,Prostate cancer,Number,2017,7505628.075217667,8305788.768121656,6676593.044096296
DALYs (Disability-Adjusted Life Years),Global,Both,All ages,Colon and rectum cancer,Number,2017,22705198.98583576,24729266.76830488,21158050.983732037
DALYs (Disability-Adjusted Life Years),Global,Both,All ages,Lip and oral cavity cancer,Number,2017,5376440.716467553,6239960.821556429,4696885.08363331
DALYs (Disability-Adjusted Life Years),Global,Both,All ages,Nasopharynx cancer,Number,2017,2255004.6098415107,2586466.7461973056,1940725.1790050322
DALYs (Disability-Adjusted Life Years),Global,Both,All ages,Other pharynx cancer,Number,2017,2696466.9748819564,3275516.1711909217,2227791.54885819
DALYs (Disability-Adjusted Life Years),Global,Both,All ages,Gallbladder and biliary tract cancer,Number,2017,3492483.998962411,4106695.902142292,3090910.9307094626
DALYs (Disability-Adjusted Life Years),Global,Both,All ages,Pancreatic cancer,Number,2017,10394302.608925851,10850359.282032426,9845702.53903571
DALYs (Disability-Adjusted Life Years),Global,Both,All ages,Malignant skin melanoma,Number,2017,1669795.3483409295,1923357.7839492122,1493176.9447811274
DALYs (Disability-Adjusted Life Years),Global,Both,All ages,Non-melanoma skin cancer,Number,2017,1154089.7652327742,1299793.9571046603,1019747.4029166031
DALYs (Disability-Adjusted Life Years),Global,Both,All ages,Ovarian cancer,Number,2017,5274414.746140712,6116070.358255768,4673579.126697956
DALYs (Disability-Adjusted Life Years),Global,Both,All ages,Testicular cancer,Number,2017,520330.95775620954,628325.6911106277,418976.4493489086
DALYs (Disability-Adjusted Life Years),Global,Both,All ages,Kidney cancer,Number,2017,3778636.0596427857,4224397.09533335,3389907.5177933243
DALYs (Disability-Adjusted Life Years),Global,Both,All ages,Bladder cancer,Number,2017,4036396.1750889835,4398705.958320169,3705272.5123072783
DALYs (Disability-Adjusted Life Years),Global,Both,All ages,Brain and central nervous system cancer,Number,2017,8613089.326694679,10409111.554466728,7536107.823562017
DALYs (Disability-Adjusted Life Years),Global,Both,All ages,Prostate cancer,Number,1996,4961027.437006358,5424635.193726136,4428108.261301461
DALYs (Disability-Adjusted Life Years),Global,Both,All ages,Colon and rectum cancer,Number,1996,16587300.832900912,17577451.057763286,15450490.810650263
DALYs (Disability-Adjusted Life Years),Global,Both,All ages,Lip and oral cavity cancer,Number,1996,3314522.154887731,3725772.6557145547,2966201.558132676
DALYs (Disability-Adjusted Life Years),Global,Both,All ages,Nasopharynx cancer,Number,1996,2383398.6673250273,2644231.873133117,2001129.097642474
DALYs (Disability-Adjusted Life Years),Global,Both,All ages,Other pharynx cancer,Number,1996,1538587.1563994044,1806866.7392865783,1308130.6018007598
DALYs (Disability-Adjusted Life Years),Global,Both,All ages,Gallbladder and biliary tract cancer,Number,1996,2579126.160570232,2933139.763535659,2321653.281291016
DALYs (Disability-Adjusted Life Years),Global,Both,All ages,Pancreatic cancer,Number,1996,6221589.709703421,6521273.606478867,5854614.097844774
DALYs (Disability-Adjusted Life Years),Global,Both,All ages,Malignant skin melanoma,Number,1996,1208285.8364237582,1333591.3527790639,1102342.9175856793
DALYs (Disability-Adjusted Life Years),Global,Both,All ages,Non-melanoma skin cancer,Number,1996,627486.2395617997,698709.6953053835,563550.6855587085
DALYs (Disability-Adjusted Life Years),Global,Both,All ages,Ovarian cancer,Number,1996,3560506.5434165793,3943681.2587849917,3176729.949680239
DALYs (Disability-Adjusted Life Years),Global,Both,All ages,Testicular cancer,Number,1996,430679.4905032483,514713.15357441484,358739.0642897157
DALYs (Disability-Adjusted Life Years),Global,Both,All ages,Kidney cancer,Number,1996,2627668.8550142767,2866547.5223921733,2404702.9214397287
DALYs (Disability-Adjusted Life Years),Global,Both,All ages,Bladder cancer,Number,1996,3046436.07077581,3294383.611891485,2799307.393047274
DALYs (Disability-Adjusted Life Years),Global,Both,All ages,Brain and central nervous system cancer,Number,1996,6972213.974926757,7944014.094687971,5721781.361576747
DALYs (Disability-Adjusted Life Years),Global,Both,All ages,Prostate cancer,Number,2021,8445479.024485104,9465169.721411468,7503878.469882716
DALYs (Disability-Adjusted Life Years),Global,Both,All ages,Colon and rectum cancer,Number,2021,24686220.166143194,26863750.92417838,22961955.970099393
DALYs (Disability-Adjusted Life Years),Global,Both,All ages,Lip and oral cavity cancer,Number,2021,6355018.539392304,7385552.749612703,5518211.267625944
DALYs (Disability-Adjusted Life Years),Global,Both,All ages,Nasopharynx cancer,Number,2021,2473920.688200098,2889119.474918991,2117692.3326200456
DALYs (Disability-Adjusted Life Years),Global,Both,All ages,Other pharynx cancer,Number,2021,3256068.8520745775,3987583.0965689146,2564817.737902995
DALYs (Disability-Adjusted Life Years),Global,Both,All ages,Gallbladder and biliary tract cancer,Number,2021,3793752.0932461997,4506336.920775085,3335982.241751819
DALYs (Disability-Adjusted Life Years),Global,Both,All ages,Pancreatic cancer,Number,2021,11543334.520530108,12128216.28883127,10866927.629481208
DALYs (Disability-Adjusted Life Years),Global,Both,All ages,Malignant skin melanoma,Number,2021,1729634.015692828,2007223.4947128138,1524156.2580725895
DALYs (Disability-Adjusted Life Years),Global,Both,All ages,Non-melanoma skin cancer,Number,2021,1258533.8806437308,1449771.8619839463,1113317.841457208
DALYs (Disability-Adjusted Life Years),Global,Both,All ages,Ovarian cancer,Number,2021,6007499.832598463,6974266.717376472,5187043.255535037
DALYs (Disability-Adjusted Life Years),Global,Both,All ages,Testicular cancer,Number,2021,580091.6557509426,718154.7756928366,462279.20176144363
DALYs (Disability-Adjusted Life Years),Global,Both,All ages,Kidney cancer,Number,2021,3977488.5580125274,4437732.430236652,3516528.1834813347
DALYs (Disability-Adjusted Life Years),Global,Both,All ages,Bladder cancer,Number,2021,4359254.793721758,4757384.333922698,3977321.829240112
DALYs (Disability-Adjusted Life Years),Global,Both,All ages,Brain and central nervous system cancer,Number,2021,9209372.38756516,11172905.468393257,8022481.258062574
DALYs (Disability-Adjusted Life Years),Global,Both,All ages,Thyroid cancer,Number,2017,1290740.624364599,1513051.223872161,1090161.781371079
DALYs (Disability-Adjusted Life Years),Global,Both,All ages,Mesothelioma,Number,2017,602781.2779477116,665582.3613823401,545129.6140993282
DALYs (Disability-Adjusted Life Years),Global,Both,All ages,Hodgkin lymphoma,Number,2017,1199988.0550745402,1624657.0941377822,909888.7591731724
DALYs (Disability-Adjusted Life Years),Global,Both,All ages,Non-Hodgkin lymphoma,Number,2017,7587950.5492878,8691211.85442631,6720368.824134541
DALYs (Disability-Adjusted Life Years),Global,Both,All ages,Multiple myeloma,Number,2017,2408667.8223044663,2639274.8784098877,2199609.1552033843
DALYs (Disability-Adjusted Life Years),Global,Both,All ages,Leukemia,Number,2017,11925508.238548657,13782505.752578657,10762896.603551246
DALYs (Disability-Adjusted Life Years),Global,Both,All ages,Other malignant neoplasms,Number,2017,6305857.762475988,7450585.598872708,5535925.5195115665
DALYs (Disability-Adjusted Life Years),Global,Both,All ages,Other neoplasms,Number,2017,2959919.86973167,3524183.050296137,2458916.6823162553
DALYs (Disability-Adjusted Life Years),Global,Both,All ages,Thyroid cancer,Number,1996,823940.2644248655,946723.694421408,717697.1565316138
DALYs (Disability-Adjusted Life Years),Global,Both,All ages,Mesothelioma,Number,1996,397595.27075829287,441239.96247478726,360290.46485483146
DALYs (Disability-Adjusted Life Years),Global,Both,All ages,Hodgkin lymphoma,Number,1996,1385576.6601688436,1751888.3829423431,1059357.401776457
DALYs (Disability-Adjusted Life Years),Global,Both,All ages,Non-Hodgkin lymphoma,Number,1996,6004288.606334995,6712800.342632804,5410724.001694269
DALYs (Disability-Adjusted Life Years),Global,Both,All ages,Multiple myeloma,Number,1996,1425675.5694937925,1553597.9849444616,1309267.4140945605
DALYs (Disability-Adjusted Life Years),Global,Both,All ages,Leukemia,Number,1996,13131909.205118064,14600327.270246124,11321675.936157286
DALYs (Disability-Adjusted Life Years),Global,Both,All ages,Other malignant neoplasms,Number,1996,5942113.203633242,6778651.1482320465,5228109.123813635
DALYs (Disability-Adjusted Life Years),Global,Both,All ages,Other neoplasms,Number,1996,2039283.6062646222,2399989.302103586,1690222.9736812888
DALYs (Disability-Adjusted Life Years),Global,Both,All ages,Eye cancer,Number,2017,548755.140114064,958820.6842814435,347068.1522274543
DALYs (Disability-Adjusted Life Years),Global,Both,All ages,Soft tissue and other extraosseous sarcomas,Number,2017,1999266.9361364588,2606852.0258332705,1522654.1766499896
DALYs (Disability-Adjusted Life Years),Global,Both,All ages,Malignant neoplasm of bone and articular cartilage,Number,2017,2745382.037517297,3564093.5382629554,2148700.693592514
DALYs (Disability-Adjusted Life Years),Global,Both,All ages,Neuroblastoma and other peripheral nervous cell tumors,Number,2017,311637.6029164246,397017.664253606,254239.9523589106
DALYs (Disability-Adjusted Life Years),Global,Both,All ages,Eye cancer,Number,1996,546495.154733696,1009642.0952164109,314799.71033246676
DALYs (Disability-Adjusted Life Years),Global,Both,All ages,Soft tissue and other extraosseous sarcomas,Number,1996,1579944.8659626548,2094081.2331242883,1208268.87252892
DALYs (Disability-Adjusted Life Years),Global,Both,All ages,Malignant neoplasm of bone and articular cartilage,Number,1996,2065573.96142294,2762658.435553474,1642575.6947436805
DALYs (Disability-Adjusted Life Years),Global,Both,All ages,Neuroblastoma and other peripheral nervous cell tumors,Number,1996,262392.8463872089,326194.0447007846,206368.31677347224
DALYs (Disability-Adjusted Life Years),Global,Both,All ages,Larynx cancer,Number,2001,2493036.0296207657,2833650.134636315,2200539.1007645433
DALYs (Disability-Adjusted Life Years),Global,Both,All ages,"Tracheal, bronchus, and lung cancer",Number,2001,33812313.03988658,36120033.590053305,31438588.589594837
DALYs (Disability-Adjusted Life Years),Global,Both,All ages,Breast cancer,Number,2001,14484286.642643707,15688388.690491527,13287748.154190917
DALYs (Disability-Adjusted Life Years),Global,Both,All ages,Cervical cancer,Number,2001,8560277.731864296,11074160.211643737,6816449.8036105735
DALYs (Disability-Adjusted Life Years),Global,Both,All ages,Uterine cancer,Number,2001,1891798.7378769547,2142152.2269121176,1597706.710369321
DALYs (Disability-Adjusted Life Years),Global,Both,All ages,Larynx cancer,Number,1992,2421563.5866092956,2757969.9722544546,2119318.975695434
DALYs (Disability-Adjusted Life Years),Global,Both,All ages,"Tracheal, bronchus, and lung cancer",Number,1992,29831755.43490207,32643122.63611692,28157920.347369924
DALYs (Disability-Adjusted Life Years),Global,Both,All ages,Breast cancer,Number,1992,12325153.965844749,13334402.584926892,11463997.259139022
DALYs (Disability-Adjusted Life Years),Global,Both,All ages,Cervical cancer,Number,1992,7899564.836573868,10229654.902991297,6131594.448308465
DALYs (Disability-Adjusted Life Years),Global,Both,All ages,Uterine cancer,Number,1992,1681523.8569102169,1902240.8674286618,1394730.8927548116
DALYs (Disability-Adjusted Life Years),Global,Both,All ages,Prostate cancer,Number,1992,4505447.033321249,4954469.925272842,4046565.5732874125
DALYs (Disability-Adjusted Life Years),Global,Both,All ages,Colon and rectum cancer,Number,1992,15554135.95914176,16653825.617810104,14394297.829018572
DALYs (Disability-Adjusted Life Years),Global,Both,All ages,Lip and oral cavity cancer,Number,1992,3100748.2270375732,3598332.0959530515,2760388.6476388234
DALYs (Disability-Adjusted Life Years),Global,Both,All ages,Nasopharynx cancer,Number,1992,2390396.0603232547,2714238.5109631317,1997114.917664175
DALYs (Disability-Adjusted Life Years),Global,Both,All ages,Other pharynx cancer,Number,1992,1435212.519786242,1721175.1889559007,1225508.0318313867
DALYs (Disability-Adjusted Life Years),Global,Both,All ages,Gallbladder and biliary tract cancer,Number,1992,2489999.633682562,2812690.249280437,2257434.6629218305
DALYs (Disability-Adjusted Life Years),Global,Both,All ages,Pancreatic cancer,Number,1992,5715993.319745652,6053465.466792433,5361594.911997719
DALYs (Disability-Adjusted Life Years),Global,Both,All ages,Malignant skin melanoma,Number,1992,1091329.5489735228,1201599.178054032,996970.0958618307
DALYs (Disability-Adjusted Life Years),Global,Both,All ages,Non-melanoma skin cancer,Number,1992,590733.3123473242,660737.4889794961,529375.8373772975
DALYs (Disability-Adjusted Life Years),Global,Both,All ages,Ovarian cancer,Number,1992,3299276.6627153284,3703794.872842878,2958719.117682141
DALYs (Disability-Adjusted Life Years),Global,Both,All ages,Testicular cancer,Number,1992,401574.1106000278,495054.6144937816,330327.3541849429
DALYs (Disability-Adjusted Life Years),Global,Both,All ages,Kidney cancer,Number,1992,2442298.6843902506,2658637.6753877634,2223195.383970357
DALYs (Disability-Adjusted Life Years),Global,Both,All ages,Bladder cancer,Number,1992,2868518.1464857054,3098678.7164436216,2648165.6438742243
DALYs (Disability-Adjusted Life Years),Global,Both,All ages,Brain and central nervous system cancer,Number,1992,6622391.834577872,7541721.395755783,5532531.293502998
DALYs (Disability-Adjusted Life Years),Global,Both,All ages,Prostate cancer,Number,1991,4385795.12997416,4818974.104997333,3936083.6278448915
DALYs (Disability-Adjusted Life Years),Global,Both,All ages,Colon and rectum cancer,Number,1991,15230421.51483677,16232890.640200105,14147267.92741225
DALYs (Disability-Adjusted Life Years),Global,Both,All ages,Lip and oral cavity cancer,Number,1991,3054051.4872556934,3531653.024899995,2717476.9184397585
DALYs (Disability-Adjusted Life Years),Global,Both,All ages,Nasopharynx cancer,Number,1991,2375882.617073803,2708172.044123905,1974345.6337214527
DALYs (Disability-Adjusted Life Years),Global,Both,All ages,Other pharynx cancer,Number,1991,1406750.676474146,1699885.05217495,1200473.3834654004
DALYs (Disability-Adjusted Life Years),Global,Both,All ages,Gallbladder and biliary tract cancer,Number,1991,2452367.0263854247,2769735.4486804977,2217865.937252036
DALYs (Disability-Adjusted Life Years),Global,Both,All ages,Pancreatic cancer,Number,1991,5583118.334844255,5918273.118902636,5248443.745660546
DALYs (Disability-Adjusted Life Years),Global,Both,All ages,Malignant skin melanoma,Number,1991,1061784.5574339193,1171400.5336944268,968312.4815772026
DALYs (Disability-Adjusted Life Years),Global,Both,All ages,Non-melanoma skin cancer,Number,1991,580485.8193584667,655776.4529887739,518678.5122291954
DALYs (Disability-Adjusted Life Years),Global,Both,All ages,Ovarian cancer,Number,1991,3244097.4757106737,3635387.048123796,2911556.8511838214
DALYs (Disability-Adjusted Life Years),Global,Both,All ages,Testicular cancer,Number,1991,398126.77686291875,493299.76808982284,327099.8821959192
DALYs (Disability-Adjusted Life Years),Global,Both,All ages,Kidney cancer,Number,1991,2387443.0432586865,2603041.741706465,2172047.6137619414
DALYs (Disability-Adjusted Life Years),Global,Both,All ages,Bladder cancer,Number,1991,2813874.250428177,3037310.2862038007,2599606.232820034
DALYs (Disability-Adjusted Life Years),Global,Both,All ages,Brain and central nervous system cancer,Number,1991,6535980.186102947,7412614.991068719,5446889.84669072
DALYs (Disability-Adjusted Life Years),Global,Both,All ages,Thyroid cancer,Number,1992,765516.5236457733,885313.9873912911,655098.5652188351
DALYs (Disability-Adjusted Life Years),Global,Both,All ages,Mesothelioma,Number,1992,358305.3437136242,403534.06336708274,323018.4572681512
DALYs (Disability-Adjusted Life Years),Global,Both,All ages,Hodgkin lymphoma,Number,1992,1411391.2133454832,1755487.4050969658,1063587.735453496
DALYs (Disability-Adjusted Life Years),Global,Both,All ages,Non-Hodgkin lymphoma,Number,1992,5507906.691027527,6174997.493642831,4880780.596693292
DALYs (Disability-Adjusted Life Years),Global,Both,All ages,Multiple myeloma,Number,1992,1226944.8060771867,1351523.0350532695,1126138.3056783197
DALYs (Disability-Adjusted Life Years),Global,Both,All ages,Leukemia,Number,1992,13202172.427266395,15035414.69516769,11130182.904842323
DALYs (Disability-Adjusted Life Years),Global,Both,All ages,Other malignant neoplasms,Number,1992,5963543.158827719,6891243.864815049,5228858.219534134
DALYs (Disability-Adjusted Life Years),Global,Both,All ages,Other neoplasms,Number,1992,1900652.4678363607,2240484.4629650326,1571099.0027557723
DALYs (Disability-Adjusted Life Years),Global,Both,All ages,Thyroid cancer,Number,1991,753955.3174689843,876704.1877995897,650874.7242821032
DALYs (Disability-Adjusted Life Years),Global,Both,All ages,Mesothelioma,Number,1991,352551.67275966966,399193.6054647435,317386.1926538523
DALYs (Disability-Adjusted Life Years),Global,Both,All ages,Hodgkin lymphoma,Number,1991,1409848.5103826602,1780680.5339716165,1059534.537688552
DALYs (Disability-Adjusted Life Years),Global,Both,All ages,Non-Hodgkin lymphoma,Number,1991,5379078.619107181,6018404.568597866,4764819.599108345
DALYs (Disability-Adjusted Life Years),Global,Both,All ages,Multiple myeloma,Number,1991,1197871.2769700172,1313926.8766508831,1097670.7115644081
DALYs (Disability-Adjusted Life Years),Global,Both,All ages,Leukemia,Number,1991,13175263.592813378,15038584.414223626,11128408.690294757
DALYs (Disability-Adjusted Life Years),Global,Both,All ages,Other malignant neoplasms,Number,1991,5928271.430494619,6842182.072992734,5220745.852255963
DALYs (Disability-Adjusted Life Years),Global,Both,All ages,Other neoplasms,Number,1991,1859965.0350988205,2202424.690860877,1534391.0463195154
DALYs (Disability-Adjusted Life Years),Global,Both,All ages,Eye cancer,Number,1991,562591.3297877016,1231283.233341603,297168.21704906534
DALYs (Disability-Adjusted Life Years),Global,Both,All ages,Soft tissue and other extraosseous sarcomas,Number,1991,1440505.0364243654,2073896.8918029568,1092299.8431267524
DALYs (Disability-Adjusted Life Years),Global,Both,All ages,Malignant neoplasm of bone and articular cartilage,Number,1991,1905078.4041821263,2554549.554858376,1489824.1012474997
DALYs (Disability-Adjusted Life Years),Global,Both,All ages,Neuroblastoma and other peripheral nervous cell tumors,Number,1991,248249.6897105241,309997.3126660465,199293.89649237113
DALYs (Disability-Adjusted Life Years),Global,Both,All ages,Eye cancer,Number,1992,556034.2264381552,1238544.0896764991,297401.8761386848
DALYs (Disability-Adjusted Life Years),Global,Both,All ages,Soft tissue and other extraosseous sarcomas,Number,1992,1469599.7611935341,2113889.9389663143,1103172.96354225
DALYs (Disability-Adjusted Life Years),Global,Both,All ages,Malignant neoplasm of bone and articular cartilage,Number,1992,1932952.2132127488,2606132.3586892,1511198.2694759194
DALYs (Disability-Adjusted Life Years),Global,Both,All ages,Neuroblastoma and other peripheral nervous cell tumors,Number,1992,251058.2442592886,314110.01805793424,198734.67962431535
DALYs (Disability-Adjusted Life Years),Global,Both,All ages,Larynx cancer,Number,2003,2510503.6918321573,2834468.446959866,2210804.6476982296
DALYs (Disability-Adjusted Life Years),Global,Both,All ages,"Tracheal, bronchus, and lung cancer",Number,2003,34661986.04860828,36881523.656811945,32074946.55875498
DALYs (Disability-Adjusted Life Years),Global,Both,All ages,Breast cancer,Number,2003,14842293.807785345,16143475.422681514,13685610.223507809
DALYs (Disability-Adjusted Life Years),Global,Both,All ages,Cervical cancer,Number,2003,8670787.465930847,11243186.750201,6975814.430044475
DALYs (Disability-Adjusted Life Years),Global,Both,All ages,Uterine cancer,Number,2003,1940567.9891004886,2215350.994277237,1650247.6839672734
DALYs (Disability-Adjusted Life Years),Global,Both,All ages,Esophageal cancer,Number,2006,11726462.36797577,12627690.575210279,10716986.760614088
DALYs (Disability-Adjusted Life Years),Global,Both,All ages,Stomach cancer,Number,2006,23565906.93096384,25473887.02031109,19694796.72932294
DALYs (Disability-Adjusted Life Years),Global,Both,All ages,Liver cancer,Number,2006,10255709.571013777,11650779.285927005,9220894.039074361
DALYs (Disability-Adjusted Life Years),Global,Both,All ages,Prostate cancer,Number,2014,6843285.799081021,7660701.64332899,6166506.756629083
DALYs (Disability-Adjusted Life Years),Global,Both,All ages,Colon and rectum cancer,Number,2014,21023919.713035066,22652984.67829443,19527681.321522553
DALYs (Disability-Adjusted Life Years),Global,Both,All ages,Lip and oral cavity cancer,Number,2014,4894529.505438687,5622299.846048057,4323121.956038292
DALYs (Disability-Adjusted Life Years),Global,Both,All ages,Nasopharynx cancer,Number,2014,2086059.5488142846,2386399.6799398055,1833495.9646017798
DALYs (Disability-Adjusted Life Years),Global,Both,All ages,Other pharynx cancer,Number,2014,2397657.1823225645,2922524.342536657,2010062.6758412893
DALYs (Disability-Adjusted Life Years),Global,Both,All ages,Gallbladder and biliary tract cancer,Number,2014,3233786.4122224976,3712513.3233493012,2872861.583912014
DALYs (Disability-Adjusted Life Years),Global,Both,All ages,Pancreatic cancer,Number,2014,9350797.9875914,9748594.758394476,8850368.868997708
DALYs (Disability-Adjusted Life Years),Global,Both,All ages,Malignant skin melanoma,Number,2014,1666047.0912162228,1882681.863415328,1496933.6750354404
DALYs (Disability-Adjusted Life Years),Global,Both,All ages,Non-melanoma skin cancer,Number,2014,1048951.6250953688,1190522.90711928,901323.7161732217
DALYs (Disability-Adjusted Life Years),Global,Both,All ages,Ovarian cancer,Number,2014,4795286.77993911,5546643.583911377,4259621.2704256745
DALYs (Disability-Adjusted Life Years),Global,Both,All ages,Testicular cancer,Number,2014,487072.6647375928,591193.0827298425,400105.05904344196
DALYs (Disability-Adjusted Life Years),Global,Both,All ages,Kidney cancer,Number,2014,3604655.4875715934,4006074.969261763,3257255.6966964914
DALYs (Disability-Adjusted Life Years),Global,Both,All ages,Bladder cancer,Number,2014,3702150.3405020842,4014473.430846137,3418738.7551703085
DALYs (Disability-Adjusted Life Years),Global,Both,All ages,Brain and central nervous system cancer,Number,2014,8209446.746760406,9872114.946070492,7132716.804398444
DALYs (Disability-Adjusted Life Years),Global,Both,All ages,Thyroid cancer,Number,2014,1176922.4241464448,1355286.601646251,1008300.7459156589
DALYs (Disability-Adjusted Life Years),Global,Both,All ages,Mesothelioma,Number,2014,589238.4580006241,645733.0623057144,537805.3189922135
DALYs (Disability-Adjusted Life Years),Global,Both,All ages,Hodgkin lymphoma,Number,2014,1200557.4321199756,1613413.0587079637,930867.8084697935
DALYs (Disability-Adjusted Life Years),Global,Both,All ages,Non-Hodgkin lymphoma,Number,2014,7121571.92910835,8213769.653066592,6286688.419094767
DALYs (Disability-Adjusted Life Years),Global,Both,All ages,Multiple myeloma,Number,2014,2173621.9421768845,2363814.4544436857,1993136.6126188177
DALYs (Disability-Adjusted Life Years),Global,Both,All ages,Leukemia,Number,2014,11701828.394714646,13464257.186638823,10484493.621623714
DALYs (Disability-Adjusted Life Years),Global,Both,All ages,Other malignant neoplasms,Number,2014,6025879.94484428,7092672.816868932,5327730.273985003
DALYs (Disability-Adjusted Life Years),Global,Both,All ages,Other neoplasms,Number,2014,2749121.8348761545,3278173.1456101164,2314254.9556757915
DALYs (Disability-Adjusted Life Years),Global,Both,All ages,Eye cancer,Number,2014,532121.3248343566,881803.1782636035,336647.841404592
DALYs (Disability-Adjusted Life Years),Global,Both,All ages,Soft tissue and other extraosseous sarcomas,Number,2014,1840490.9424680623,2360135.899618979,1428714.1571544365
DALYs (Disability-Adjusted Life Years),Global,Both,All ages,Malignant neoplasm of bone and articular cartilage,Number,2014,2623727.446816591,3384682.5341389477,2027391.4731125822
DALYs (Disability-Adjusted Life Years),Global,Both,All ages,Neuroblastoma and other peripheral nervous cell tumors,Number,2014,299108.6699840384,379503.7489654493,242910.80293676216
DALYs (Disability-Adjusted Life Years),Global,Both,All ages,Larynx cancer,Number,1998,2486359.8645791425,2807020.221163412,2179893.52552165
DALYs (Disability-Adjusted Life Years),Global,Both,All ages,"Tracheal, bronchus, and lung cancer",Number,1998,32204302.53547404,34883217.73407124,29914536.740120977
DALYs (Disability-Adjusted Life Years),Global,Both,All ages,Breast cancer,Number,1998,13723260.053212494,14905632.640812816,12558914.122887397
DALYs (Disability-Adjusted Life Years),Global,Both,All ages,Cervical cancer,Number,1998,8299822.029322376,10713749.562214745,6629009.9943027105
DALYs (Disability-Adjusted Life Years),Global,Both,All ages,Uterine cancer,Number,1998,1815893.534616845,2058291.9667402273,1521986.9287006138
DALYs (Disability-Adjusted Life Years),Global,Both,All ages,Esophageal cancer,Number,2008,11519985.65621656,12371190.657763772,10538286.666887881
DALYs (Disability-Adjusted Life Years),Global,Both,All ages,Stomach cancer,Number,2008,23083481.25421146,25276297.175822932,19218728.813442465
DALYs (Disability-Adjusted Life Years),Global,Both,All ages,Liver cancer,Number,2008,10755450.926362928,12107053.973373473,9684415.885993741
DALYs (Disability-Adjusted Life Years),Global,Both,All ages,Esophageal cancer,Number,2004,11864994.09206375,12770467.814546084,10454516.84234986
DALYs (Disability-Adjusted Life Years),Global,Both,All ages,Stomach cancer,Number,2004,24315586.360993538,26530348.001539834,20343145.994407885
DALYs (Disability-Adjusted Life Years),Global,Both,All ages,Liver cancer,Number,2004,9928172.710588941,11186736.899258541,8932229.8137842
DALYs (Disability-Adjusted Life Years),Global,Both,All ages,Larynx cancer,Number,2002,2511313.7570175,2845695.947239784,2216243.784113934
DALYs (Disability-Adjusted Life Years),Global,Both,All ages,"Tracheal, bronchus, and lung cancer",Number,2002,34276869.66227785,36577247.1521434,31795951.725821145
DALYs (Disability-Adjusted Life Years),Global,Both,All ages,Breast cancer,Number,2002,14671894.7493835,15864468.764684333,13459366.340341127
DALYs (Disability-Adjusted Life Years),Global,Both,All ages,Cervical cancer,Number,2002,8622327.189394047,11179740.58056898,6877162.522095874
DALYs (Disability-Adjusted Life Years),Global,Both,All ages,Uterine cancer,Number,2002,1912537.8976950934,2171893.767344054,1618341.4036729424
DALYs (Disability-Adjusted Life Years),Global,Both,All ages,Prostate cancer,Number,2015,7074277.457524846,7861167.748986052,6379494.77879782
DALYs (Disability-Adjusted Life Years),Global,Both,All ages,Colon and rectum cancer,Number,2015,21638538.328841306,23421074.94372409,20146885.21783607
DALYs (Disability-Adjusted Life Years),Global,Both,All ages,Lip and oral cavity cancer,Number,2015,5049717.271338356,5879516.842517329,4419480.679571628
DALYs (Disability-Adjusted Life Years),Global,Both,All ages,Nasopharynx cancer,Number,2015,2139979.759681843,2447924.605855812,1875998.1307174908
DALYs (Disability-Adjusted Life Years),Global,Both,All ages,Other pharynx cancer,Number,2015,2490521.309747565,3053606.989451899,2079045.7770345923
DALYs (Disability-Adjusted Life Years),Global,Both,All ages,Gallbladder and biliary tract cancer,Number,2015,3314535.9301028014,3829709.990283775,2961908.5405631363
DALYs (Disability-Adjusted Life Years),Global,Both,All ages,Pancreatic cancer,Number,2015,9705223.997653278,10134820.876226913,9204385.420730818
DALYs (Disability-Adjusted Life Years),Global,Both,All ages,Malignant skin melanoma,Number,2015,1680174.4375073502,1902499.091731644,1509085.2228782705
DALYs (Disability-Adjusted Life Years),Global,Both,All ages,Non-melanoma skin cancer,Number,2015,1090340.6533117355,1234545.8261224893,941957.8162714229
DALYs (Disability-Adjusted Life Years),Global,Both,All ages,Ovarian cancer,Number,2015,4961882.283597361,5747909.935633944,4370987.301617027
DALYs (Disability-Adjusted Life Years),Global,Both,All ages,Testicular cancer,Number,2015,494350.50474220316,602548.0956564739,400001.45154040854
DALYs (Disability-Adjusted Life Years),Global,Both,All ages,Kidney cancer,Number,2015,3682608.5897984924,4092230.92863256,3328275.606642092
DALYs (Disability-Adjusted Life Years),Global,Both,All ages,Bladder cancer,Number,2015,3829583.872495359,4155495.0193705764,3523179.519221182
DALYs (Disability-Adjusted Life Years),Global,Both,All ages,Brain and central nervous system cancer,Number,2015,8354789.398926941,10063812.07302173,7267089.834859336
DALYs (Disability-Adjusted Life Years),Global,Both,All ages,Thyroid cancer,Number,2021,1458417.2898411916,1749142.8380991477,1221067.85081657
DALYs (Disability-Adjusted Life Years),Global,Both,All ages,Mesothelioma,Number,2021,599910.7191757632,664306.880090169,531278.4105331308
DALYs (Disability-Adjusted Life Years),Global,Both,All ages,Hodgkin lymphoma,Number,2021,1224850.354162814,1627505.2271305139,892658.0645881778
DALYs (Disability-Adjusted Life Years),Global,Both,All ages,Non-Hodgkin lymphoma,Number,2021,8211730.250721673,9388529.315633077,7065750.465353935
DALYs (Disability-Adjusted Life Years),Global,Both,All ages,Multiple myeloma,Number,2021,2639023.916897893,2927889.811676787,2394132.3123577377
DALYs (Disability-Adjusted Life Years),Global,Both,All ages,Leukemia,Number,2021,12407220.28447406,14323666.612887453,11046914.527075779
DALYs (Disability-Adjusted Life Years),Global,Both,All ages,Other malignant neoplasms,Number,2021,6750229.051145443,7854586.493965604,5832928.3397999145
DALYs (Disability-Adjusted Life Years),Global,Both,All ages,Other neoplasms,Number,2021,3213842.713118214,3917200.128643004,2668114.421187031
DALYs (Disability-Adjusted Life Years),Global,Both,All ages,Thyroid cancer,Number,2015,1215439.151539236,1400193.4463011455,1044659.4596070771
DALYs (Disability-Adjusted Life Years),Global,Both,All ages,Mesothelioma,Number,2015,595207.5553840765,655255.2671645543,538706.4777918083
DALYs (Disability-Adjusted Life Years),Global,Both,All ages,Hodgkin lymphoma,Number,2015,1199466.9346183005,1607351.2657309168,916760.4269904312
DALYs (Disability-Adjusted Life Years),Global,Both,All ages,Non-Hodgkin lymphoma,Number,2015,7288477.118789673,8398578.982035175,6463598.158732289
DALYs (Disability-Adjusted Life Years),Global,Both,All ages,Multiple myeloma,Number,2015,2268530.59581559,2459258.608102672,2089176.0590107422
DALYs (Disability-Adjusted Life Years),Global,Both,All ages,Leukemia,Number,2015,11770265.450231366,13639742.826804642,10551911.858912477
DALYs (Disability-Adjusted Life Years),Global,Both,All ages,Other malignant neoplasms,Number,2015,6128091.202354674,7179257.82753807,5445512.4431346
DALYs (Disability-Adjusted Life Years),Global,Both,All ages,Other neoplasms,Number,2015,2813742.931990301,3349395.7357067424,2356463.3352845637
DALYs (Disability-Adjusted Life Years),Global,Both,All ages,Eye cancer,Number,2015,537030.1800654256,902735.58620073,348325.1737813059
DALYs (Disability-Adjusted Life Years),Global,Both,All ages,Soft tissue and other extraosseous sarcomas,Number,2015,1892729.5841301458,2461942.906384917,1465358.3492361687
DALYs (Disability-Adjusted Life Years),Global,Both,All ages,Malignant neoplasm of bone and articular cartilage,Number,2015,2658106.5124742156,3455169.648412534,2058744.540915002
DALYs (Disability-Adjusted Life Years),Global,Both,All ages,Neuroblastoma and other peripheral nervous cell tumors,Number,2015,302649.8879108619,384970.2932215264,245122.39552152035
DALYs (Disability-Adjusted Life Years),Global,Both,All ages,Esophageal cancer,Number,2009,11358618.210024716,12202720.25331961,10418606.33054946
DALYs (Disability-Adjusted Life Years),Global,Both,All ages,Stomach cancer,Number,2009,22713643.184677962,24954887.204696316,19001705.730487827
DALYs (Disability-Adjusted Life Years),Global,Both,All ages,Liver cancer,Number,2009,10845628.173889125,12143497.560982026,9724610.999499314
DALYs (Disability-Adjusted Life Years),Global,Both,All ages,Esophageal cancer,Number,2007,11720970.922136655,12643497.397003528,10702471.485699115
DALYs (Disability-Adjusted Life Years),Global,Both,All ages,Stomach cancer,Number,2007,23454810.222946476,25308623.98886475,19515609.20365612
DALYs (Disability-Adjusted Life Years),Global,Both,All ages,Liver cancer,Number,2007,10501510.038246518,11871028.364189882,9489387.674365867
DALYs (Disability-Adjusted Life Years),Global,Both,All ages,Esophageal cancer,Number,2012,10761139.752646696,11529346.83008253,9922824.133727105
DALYs (Disability-Adjusted Life Years),Global,Both,All ages,Stomach cancer,Number,2012,21464206.654986728,24460637.150836095,18503256.216751974
DALYs (Disability-Adjusted Life Years),Global,Both,All ages,Liver cancer,Number,2012,11146554.039236898,12487679.964502836,9896803.020103991
DALYs (Disability-Adjusted Life Years),Global,Both,All ages,Larynx cancer,Number,2000,2486556.7968143714,2823546.775650477,2188570.28088607
DALYs (Disability-Adjusted Life Years),Global,Both,All ages,"Tracheal, bronchus, and lung cancer",Number,2000,33425772.776893042,35795843.69253144,31089498.01661896
DALYs (Disability-Adjusted Life Years),Global,Both,All ages,Breast cancer,Number,2000,14268368.662059734,15492374.702792136,13095782.338302283
DALYs (Disability-Adjusted Life Years),Global,Both,All ages,Cervical cancer,Number,2000,8466775.22342254,11014217.41595826,6781544.409166081
DALYs (Disability-Adjusted Life Years),Global,Both,All ages,Uterine cancer,Number,2000,1868865.4045560083,2132186.736703545,1575133.3496057175
DALYs (Disability-Adjusted Life Years),Global,Both,All ages,Larynx cancer,Number,2005,2517847.0242505954,2845330.782813778,2217633.321073685
DALYs (Disability-Adjusted Life Years),Global,Both,All ages,"Tracheal, bronchus, and lung cancer",Number,2005,35344910.89313093,37785297.08615508,32473183.681817707
DALYs (Disability-Adjusted Life Years),Global,Both,All ages,Breast cancer,Number,2005,15120399.796176838,16452853.068466514,13858504.211056598
DALYs (Disability-Adjusted Life Years),Global,Both,All ages,Cervical cancer,Number,2005,8741297.713999966,11373747.913949203,7135975.579403661
DALYs (Disability-Adjusted Life Years),Global,Both,All ages,Uterine cancer,Number,2005,1958543.113853465,2234154.9496140163,1675407.2327826708
DALYs (Disability-Adjusted Life Years),Global,Both,All ages,Esophageal cancer,Number,2010,11159222.875284549,11942078.31369912,10253812.19716081
DALYs (Disability-Adjusted Life Years),Global,Both,All ages,Stomach cancer,Number,2010,22335846.084525652,24902812.370029915,19019810.791977238
DALYs (Disability-Adjusted Life Years),Global,Both,All ages,Liver cancer,Number,2010,10947300.221663216,12317165.643667249,9779017.459485594
DALYs (Disability-Adjusted Life Years),Global,Both,All ages,Esophageal cancer,Number,2014,10746348.235875847,11511338.5337963,9872759.88589238
DALYs (Disability-Adjusted Life Years),Global,Both,All ages,Stomach cancer,Number,2014,20834598.52905836,24226491.031931333,18382051.503588505
DALYs (Disability-Adjusted Life Years),Global,Both,All ages,Liver cancer,Number,2014,11521068.167998927,12814090.891452406,10284492.892707191
DALYs (Disability-Adjusted Life Years),Global,Both,All ages,Eye cancer,Number,2021,537930.5229933759,979197.1429434345,335462.58877815556
DALYs (Disability-Adjusted Life Years),Global,Both,All ages,Soft tissue and other extraosseous sarcomas,Number,2021,2217369.3729424262,2929888.51068263,1692481.3166600135
DALYs (Disability-Adjusted Life Years),Global,Both,All ages,Malignant neoplasm of bone and articular cartilage,Number,2021,3029833.5411631395,3895097.239099887,2357087.086945954
DALYs (Disability-Adjusted Life Years),Global,Both,All ages,Neuroblastoma and other peripheral nervous cell tumors,Number,2021,339109.6889313401,444475.1261059558,274246.1326755218
DALYs (Disability-Adjusted Life Years),Global,Both,All ages,Eye cancer,Number,1995,547642.0222456257,1120817.4185122633,309165.6798961852
DALYs (Disability-Adjusted Life Years),Global,Both,All ages,Soft tissue and other extraosseous sarcomas,Number,1995,1566826.933670871,2118513.6003167043,1190907.4332854024
DALYs (Disability-Adjusted Life Years),Global,Both,All ages,Malignant neoplasm of bone and articular cartilage,Number,1995,2033286.104249299,2765802.995882823,1608541.7119043658
DALYs (Disability-Adjusted Life Years),Global,Both,All ages,Neuroblastoma and other peripheral nervous cell tumors,Number,1995,259698.64821881475,328452.0995882402,204455.01616618657
DALYs (Disability-Adjusted Life Years),Global,Both,All ages,Esophageal cancer,Number,2018,11955144.719670508,12854650.877617188,10923895.277793936
DALYs (Disability-Adjusted Life Years),Global,Both,All ages,Stomach cancer,Number,2018,21246607.58072117,24650472.880022388,19028585.86494801
DALYs (Disability-Adjusted Life Years),Global,Both,All ages,Liver cancer,Number,2018,12186830.38303595,13509014.44150373,10893118.336975088
DALYs (Disability-Adjusted Life Years),Global,Both,All ages,Esophageal cancer,Number,2013,10618749.054343821,11371818.564654414,9783284.631371334
DALYs (Disability-Adjusted Life Years),Global,Both,All ages,Stomach cancer,Number,2013,20970980.70654272,24023061.86089463,18302716.974137086
DALYs (Disability-Adjusted Life Years),Global,Both,All ages,Liver cancer,Number,2013,11267853.298744308,12578734.493981766,10052742.44235675
DALYs (Disability-Adjusted Life Years),Global,Both,All ages,Esophageal cancer,Number,2011,10890147.161536623,11659878.566568522,10000880.847992228
DALYs (Disability-Adjusted Life Years),Global,Both,All ages,Stomach cancer,Number,2011,21769376.989499964,24635692.707285587,18745192.543695055
DALYs (Disability-Adjusted Life Years),Global,Both,All ages,Liver cancer,Number,2011,10995297.420872806,12323468.589449296,9777992.1056331
DALYs (Disability-Adjusted Life Years),Global,Both,All ages,Esophageal cancer,Number,2016,11505797.1731644,12312934.198339071,10463413.614102785
DALYs (Disability-Adjusted Life Years),Global,Both,All ages,Stomach cancer,Number,2016,21443525.764779314,25024706.326904457,19152374.548807263
DALYs (Disability-Adjusted Life Years),Global,Both,All ages,Liver cancer,Number,2016,12122305.906215422,13358261.897718461,10964228.461272925
DALYs (Disability-Adjusted Life Years),Global,Both,All ages,Prostate cancer,Number,1994,4750004.462954553,5217558.806651023,4249892.795760587
DALYs (Disability-Adjusted Life Years),Global,Both,All ages,Colon and rectum cancer,Number,1994,16179378.258085698,17171682.35786194,14971495.240689116
DALYs (Disability-Adjusted Life Years),Global,Both,All ages,Lip and oral cavity cancer,Number,1994,3193976.429075692,3630119.844178306,2869544.454224188
DALYs (Disability-Adjusted Life Years),Global,Both,All ages,Nasopharynx cancer,Number,1994,2391367.0627834974,2673454.685116463,1991423.778221082
DALYs (Disability-Adjusted Life Years),Global,Both,All ages,Other pharynx cancer,Number,1994,1488129.2283145767,1751559.1367426356,1272879.50822307
DALYs (Disability-Adjusted Life Years),Global,Both,All ages,Gallbladder and biliary tract cancer,Number,1994,2554017.7841927437,2891266.819308228,2314271.8250931203
DALYs (Disability-Adjusted Life Years),Global,Both,All ages,Pancreatic cancer,Number,1994,6008113.6601401195,6333081.653968189,5655161.313775554
DALYs (Disability-Adjusted Life Years),Global,Both,All ages,Malignant skin melanoma,Number,1994,1162131.409488354,1279386.4950746917,1064046.5943754476
DALYs (Disability-Adjusted Life Years),Global,Both,All ages,Non-melanoma skin cancer,Number,1994,608402.003989912,677427.085454573,546321.1156795479
DALYs (Disability-Adjusted Life Years),Global,Both,All ages,Ovarian cancer,Number,1994,3434816.6481468957,3863294.080401017,3075294.491756129
DALYs (Disability-Adjusted Life Years),Global,Both,All ages,Testicular cancer,Number,1994,411340.5823832829,500019.1734187474,341916.95473614935
DALYs (Disability-Adjusted Life Years),Global,Both,All ages,Kidney cancer,Number,1994,2563739.4943341617,2792291.230085373,2343167.8314347835
DALYs (Disability-Adjusted Life Years),Global,Both,All ages,Bladder cancer,Number,1994,2979019.7453677463,3217950.236230731,2755651.323806625
DALYs (Disability-Adjusted Life Years),Global,Both,All ages,Brain and central nervous system cancer,Number,1994,6810215.12658289,7802851.545586748,5640889.843058555
DALYs (Disability-Adjusted Life Years),Global,Both,All ages,Esophageal cancer,Number,2020,12094897.429654067,13174195.53605738,10898660.847462796
DALYs (Disability-Adjusted Life Years),Global,Both,All ages,Stomach cancer,Number,2020,20633552.029773545,23882135.905510157,18291041.672451027
DALYs (Disability-Adjusted Life Years),Global,Both,All ages,Liver cancer,Number,2020,12083699.927041654,13676893.037303505,10756689.406025229
DALYs (Disability-Adjusted Life Years),Global,Both,All ages,Larynx cancer,Number,2020,3200538.417842637,3866822.386417271,2741075.329870012
DALYs (Disability-Adjusted Life Years),Global,Both,All ages,"Tracheal, bronchus, and lung cancer",Number,2020,41867222.7820165,45248936.54776578,38342225.23870727
DALYs (Disability-Adjusted Life Years),Global,Both,All ages,Breast cancer,Number,2020,21295716.038720474,23793846.01528688,19078779.010652035
DALYs (Disability-Adjusted Life Years),Global,Both,All ages,Cervical cancer,Number,2020,11382594.394565942,14556638.497980049,9007973.63267325
DALYs (Disability-Adjusted Life Years),Global,Both,All ages,Uterine cancer,Number,2020,2597395.0127250487,3006519.532993011,2237766.6647150735
DALYs (Disability-Adjusted Life Years),Global,Both,All ages,Prostate cancer,Number,2005,5835230.432847549,6400185.829640987,5258132.895058766
DALYs (Disability-Adjusted Life Years),Global,Both,All ages,Colon and rectum cancer,Number,2005,18568783.653781503,19602507.347989306,17499115.377734587
DALYs (Disability-Adjusted Life Years),Global,Both,All ages,Lip and oral cavity cancer,Number,2005,3930916.5181737826,4378879.406265367,3541753.0629210854
DALYs (Disability-Adjusted Life Years),Global,Both,All ages,Nasopharynx cancer,Number,2005,2058845.3405111677,2328142.9038748266,1810236.8165787105
DALYs (Disability-Adjusted Life Years),Global,Both,All ages,Other pharynx cancer,Number,2005,1872767.5299035737,2291042.250152103,1573508.9097180532
DALYs (Disability-Adjusted Life Years),Global,Both,All ages,Gallbladder and biliary tract cancer,Number,2005,2904769.09617967,3278232.1763394806,2548648.911585727
DALYs (Disability-Adjusted Life Years),Global,Both,All ages,Pancreatic cancer,Number,2005,7576881.384068429,7922579.929449038,7194444.033830239
DALYs (Disability-Adjusted Life Years),Global,Both,All ages,Malignant skin melanoma,Number,2005,1437592.304362179,1596857.8487700992,1309029.197118024
DALYs (Disability-Adjusted Life Years),Global,Both,All ages,Non-melanoma skin cancer,Number,2005,774233.3177384651,864167.0683905026,684304.2899121246
DALYs (Disability-Adjusted Life Years),Global,Both,All ages,Ovarian cancer,Number,2005,4087048.4158383864,4612887.091627635,3702022.667816012
DALYs (Disability-Adjusted Life Years),Global,Both,All ages,Testicular cancer,Number,2005,442455.950936039,561551.4926987379,371754.60980947845
DALYs (Disability-Adjusted Life Years),Global,Both,All ages,Kidney cancer,Number,2005,3134613.792651743,3438571.4157995423,2814897.7578272596
DALYs (Disability-Adjusted Life Years),Global,Both,All ages,Bladder cancer,Number,2005,3290267.5568532282,3523306.462900648,3047700.443775287
DALYs (Disability-Adjusted Life Years),Global,Both,All ages,Brain and central nervous system cancer,Number,2005,7557384.027548921,8825309.473463578,6488729.835603772
DALYs (Disability-Adjusted Life Years),Global,Both,All ages,Prostate cancer,Number,2007,6069061.0339947,6727895.880873326,5483654.366722123
DALYs (Disability-Adjusted Life Years),Global,Both,All ages,Colon and rectum cancer,Number,2007,19202891.48473282,20364762.973594025,18141836.84089706
DALYs (Disability-Adjusted Life Years),Global,Both,All ages,Lip and oral cavity cancer,Number,2007,4166463.357052725,4683413.655849932,3716002.5813040007
DALYs (Disability-Adjusted Life Years),Global,Both,All ages,Nasopharynx cancer,Number,2007,2072876.6792300616,2330545.4799717516,1838634.3319113213
DALYs (Disability-Adjusted Life Years),Global,Both,All ages,Other pharynx cancer,Number,2007,2010995.6874644556,2487974.265185791,1664630.5887751274
DALYs (Disability-Adjusted Life Years),Global,Both,All ages,Gallbladder and biliary tract cancer,Number,2007,3004561.396765221,3385668.9388299934,2632543.182821432
DALYs (Disability-Adjusted Life Years),Global,Both,All ages,Pancreatic cancer,Number,2007,8047471.797078251,8409333.740698684,7635388.659562048
DALYs (Disability-Adjusted Life Years),Global,Both,All ages,Malignant skin melanoma,Number,2007,1497336.328274124,1664243.7645353586,1357192.1156280884
DALYs (Disability-Adjusted Life Years),Global,Both,All ages,Non-melanoma skin cancer,Number,2007,841431.6088239406,938124.7518415332,737284.1606802337
DALYs (Disability-Adjusted Life Years),Global,Both,All ages,Ovarian cancer,Number,2007,4200736.837208318,4733787.190125778,3780508.00687653
DALYs (Disability-Adjusted Life Years),Global,Both,All ages,Testicular cancer,Number,2007,453040.49888079875,557998.4551462876,381195.7165715463
DALYs (Disability-Adjusted Life Years),Global,Both,All ages,Kidney cancer,Number,2007,3210861.3005086123,3538937.1388129727,2874531.573340258
DALYs (Disability-Adjusted Life Years),Global,Both,All ages,Bladder cancer,Number,2007,3378947.3927850937,3621155.197075978,3150822.053483498
DALYs (Disability-Adjusted Life Years),Global,Both,All ages,Brain and central nervous system cancer,Number,2007,7627509.141559959,8954528.741461052,6519699.037721286
DALYs (Disability-Adjusted Life Years),Global,Both,All ages,Larynx cancer,Number,2006,2540692.919574651,2888970.8130440633,2212147.7667616783
DALYs (Disability-Adjusted Life Years),Global,Both,All ages,"Tracheal, bronchus, and lung cancer",Number,2006,35900033.74206107,38379787.67834437,33047282.771154743
DALYs (Disability-Adjusted Life Years),Global,Both,All ages,Breast cancer,Number,2006,15312520.844047964,16668090.70876625,14011918.538628956
DALYs (Disability-Adjusted Life Years),Global,Both,All ages,Cervical cancer,Number,2006,8826009.418416342,11336670.699347854,7207492.742987129
DALYs (Disability-Adjusted Life Years),Global,Both,All ages,Uterine cancer,Number,2006,1977164.3449770862,2255021.0188654517,1697759.275255488
DALYs (Disability-Adjusted Life Years),Global,Both,All ages,Esophageal cancer,Number,2017,11846189.706132887,12746781.072683565,10771311.073473077
DALYs (Disability-Adjusted Life Years),Global,Both,All ages,Stomach cancer,Number,2017,21564422.86169227,25070449.505273383,19362626.604803298
DALYs (Disability-Adjusted Life Years),Global,Both,All ages,Liver cancer,Number,2017,12273291.817317747,13585523.030802827,11023116.778802257
DALYs (Disability-Adjusted Life Years),Global,Both,All ages,Prostate cancer,Number,2003,5687760.773941831,6234787.679891982,5122792.8520967215
DALYs (Disability-Adjusted Life Years),Global,Both,All ages,Colon and rectum cancer,Number,2003,18243183.224652026,19263649.09828449,17153328.70393623
DALYs (Disability-Adjusted Life Years),Global,Both,All ages,Lip and oral cavity cancer,Number,2003,3829243.142546708,4231697.30451823,3434774.6118483683
DALYs (Disability-Adjusted Life Years),Global,Both,All ages,Nasopharynx cancer,Number,2003,2147363.4801566056,2444543.238129966,1874170.559365199
DALYs (Disability-Adjusted Life Years),Global,Both,All ages,Other pharynx cancer,Number,2003,1801017.1473363838,2179090.639586986,1517945.8452459134
DALYs (Disability-Adjusted Life Years),Global,Both,All ages,Gallbladder and biliary tract cancer,Number,2003,2837513.3279102403,3195116.369720825,2506254.370638595
DALYs (Disability-Adjusted Life Years),Global,Both,All ages,Pancreatic cancer,Number,2003,7239411.184610351,7561925.969301058,6871091.221869363
DALYs (Disability-Adjusted Life Years),Global,Both,All ages,Malignant skin melanoma,Number,2003,1378601.2724122005,1517185.0173010181,1257739.2731523411
DALYs (Disability-Adjusted Life Years),Global,Both,All ages,Non-melanoma skin cancer,Number,2003,747283.2473947824,829890.8961806677,667297.9140722615
DALYs (Disability-Adjusted Life Years),Global,Both,All ages,Ovarian cancer,Number,2003,4003251.2046633875,4485081.929119928,3621832.7029471546
DALYs (Disability-Adjusted Life Years),Global,Both,All ages,Testicular cancer,Number,2003,444514.7715025993,555135.2173713042,369816.104010706
DALYs (Disability-Adjusted Life Years),Global,Both,All ages,Kidney cancer,Number,2003,3009127.7811950413,3285997.942764657,2720632.4321800447
DALYs (Disability-Adjusted Life Years),Global,Both,All ages,Bladder cancer,Number,2003,3274085.2664196556,3522293.717248569,3037399.867500022
DALYs (Disability-Adjusted Life Years),Global,Both,All ages,Brain and central nervous system cancer,Number,2003,7427171.965793063,8601639.087563239,6393158.620840541
DALYs (Disability-Adjusted Life Years),Global,Both,All ages,Esophageal cancer,Number,2019,11950108.761471976,12882863.178797156,10807084.119970733
DALYs (Disability-Adjusted Life Years),Global,Both,All ages,Stomach cancer,Number,2019,20789908.570926555,24160425.64449141,18670160.99605145
DALYs (Disability-Adjusted Life Years),Global,Both,All ages,Liver cancer,Number,2019,12043257.919159858,13483511.354864024,10839456.623996267
DALYs (Disability-Adjusted Life Years),Global,Both,All ages,Prostate cancer,Number,2009,6279355.111758211,7045333.170632742,5687003.318883529
DALYs (Disability-Adjusted Life Years),Global,Both,All ages,Colon and rectum cancer,Number,2009,19718264.224044222,21053230.60763205,18717715.613146905
DALYs (Disability-Adjusted Life Years),Global,Both,All ages,Lip and oral cavity cancer,Number,2009,4390168.472969774,4963909.677213265,3893324.662774659
DALYs (Disability-Adjusted Life Years),Global,Both,All ages,Nasopharynx cancer,Number,2009,2068370.8327325115,2363349.4124203483,1822065.411812142
DALYs (Disability-Adjusted Life Years),Global,Both,All ages,Other pharynx cancer,Number,2009,2148137.027582038,2608798.86553085,1769819.3842757295
DALYs (Disability-Adjusted Life Years),Global,Both,All ages,Gallbladder and biliary tract cancer,Number,2009,3050332.4421987026,3477231.8346478567,2678986.0809448864
DALYs (Disability-Adjusted Life Years),Global,Both,All ages,Pancreatic cancer,Number,2009,8421601.757018786,8792265.655490767,8003769.6569047645
DALYs (Disability-Adjusted Life Years),Global,Both,All ages,Malignant skin melanoma,Number,2009,1568819.2571654697,1751612.3871760056,1422307.8437112372
DALYs (Disability-Adjusted Life Years),Global,Both,All ages,Non-melanoma skin cancer,Number,2009,915738.6364091998,1038882.807441694,804335.9931865106
DALYs (Disability-Adjusted Life Years),Global,Both,All ages,Ovarian cancer,Number,2009,4345026.40097088,4915937.602825057,3900042.0926029272
DALYs (Disability-Adjusted Life Years),Global,Both,All ages,Testicular cancer,Number,2009,463886.957592842,566661.0035652732,387082.85375460086
DALYs (Disability-Adjusted Life Years),Global,Both,All ages,Kidney cancer,Number,2009,3344439.8207443077,3670703.7282758695,3006632.771984848
DALYs (Disability-Adjusted Life Years),Global,Both,All ages,Bladder cancer,Number,2009,3451722.1293271827,3709682.4424389102,3224085.922025712
DALYs (Disability-Adjusted Life Years),Global,Both,All ages,Brain and central nervous system cancer,Number,2009,7818609.226023917,9319124.74832416,6708690.802852656
DALYs (Disability-Adjusted Life Years),Global,Both,All ages,Prostate cancer,Number,2011,6515592.469064474,7340544.270063281,5873322.5896317
DALYs (Disability-Adjusted Life Years),Global,Both,All ages,Colon and rectum cancer,Number,2011,20253443.32982706,21721085.044542037,19006565.11442792
DALYs (Disability-Adjusted Life Years),Global,Both,All ages,Lip and oral cavity cancer,Number,2011,4624194.430730572,5231499.921219487,4131605.347477944
DALYs (Disability-Adjusted Life Years),Global,Both,All ages,Nasopharynx cancer,Number,2011,2056874.258031195,2382471.304654356,1816417.0746243312
DALYs (Disability-Adjusted Life Years),Global,Both,All ages,Other pharynx cancer,Number,2011,2286434.0158003964,2751835.4236056455,1899205.6435169228
DALYs (Disability-Adjusted Life Years),Global,Both,All ages,Gallbladder and biliary tract cancer,Number,2011,3123878.2514343737,3592625.7145049633,2766746.6044694646
DALYs (Disability-Adjusted Life Years),Global,Both,All ages,Pancreatic cancer,Number,2011,8785490.57797887,9162132.785039827,8319807.513785762
DALYs (Disability-Adjusted Life Years),Global,Both,All ages,Malignant skin melanoma,Number,2011,1612524.147095958,1812797.2629585732,1458405.2723973102
DALYs (Disability-Adjusted Life Years),Global,Both,All ages,Non-melanoma skin cancer,Number,2011,973898.2413976841,1109207.3113305098,842417.469480716
DALYs (Disability-Adjusted Life Years),Global,Both,All ages,Ovarian cancer,Number,2011,4490894.971272458,5102776.972418051,4010319.4329177844
DALYs (Disability-Adjusted Life Years),Global,Both,All ages,Testicular cancer,Number,2011,474486.6771993621,575634.4973571764,399740.58863683674
DALYs (Disability-Adjusted Life Years),Global,Both,All ages,Kidney cancer,Number,2011,3463187.9562166384,3798421.7437131107,3109155.540854607
DALYs (Disability-Adjusted Life Years),Global,Both,All ages,Bladder cancer,Number,2011,3558876.6914499775,3842866.125778137,3327467.2032247265
DALYs (Disability-Adjusted Life Years),Global,Both,All ages,Brain and central nervous system cancer,Number,2011,7937994.929191234,9549206.763358993,6841846.784489193
DALYs (Disability-Adjusted Life Years),Global,Both,All ages,Prostate cancer,Number,2000,5347706.938712492,5888077.173113813,4840029.838894462
DALYs (Disability-Adjusted Life Years),Global,Both,All ages,Colon and rectum cancer,Number,2000,17574622.565386564,18525287.531542446,16485680.877877139
DALYs (Disability-Adjusted Life Years),Global,Both,All ages,Lip and oral cavity cancer,Number,2000,3627364.3953250684,3983636.190041482,3260968.644492472
DALYs (Disability-Adjusted Life Years),Global,Both,All ages,Nasopharynx cancer,Number,2000,2322335.823575968,2604377.548185222,2009195.596528918
DALYs (Disability-Adjusted Life Years),Global,Both,All ages,Other pharynx cancer,Number,2000,1664138.1885177258,2017924.3397362204,1422578.6115154799
DALYs (Disability-Adjusted Life Years),Global,Both,All ages,Gallbladder and biliary tract cancer,Number,2000,2741578.8182756943,3090244.1866752594,2439018.9393445207
DALYs (Disability-Adjusted Life Years),Global,Both,All ages,Pancreatic cancer,Number,2000,6766189.254394213,7076319.827199913,6394887.300360066
DALYs (Disability-Adjusted Life Years),Global,Both,All ages,Malignant skin melanoma,Number,2000,1301191.2146998767,1443472.3837911678,1192848.3243622761
DALYs (Disability-Adjusted Life Years),Global,Both,All ages,Non-melanoma skin cancer,Number,2000,699734.6297914387,786057.9218491045,629619.1840066512
DALYs (Disability-Adjusted Life Years),Global,Both,All ages,Ovarian cancer,Number,2000,3803150.3053576197,4216367.73702934,3414641.969946992
DALYs (Disability-Adjusted Life Years),Global,Both,All ages,Testicular cancer,Number,2000,450520.30278355815,570787.2092496118,366242.1783859214
DALYs (Disability-Adjusted Life Years),Global,Both,All ages,Kidney cancer,Number,2000,2798574.7298838305,3051631.2509116842,2556640.269057325
DALYs (Disability-Adjusted Life Years),Global,Both,All ages,Bladder cancer,Number,2000,3195822.810956263,3440557.7279381095,2940739.6160490736
DALYs (Disability-Adjusted Life Years),Global,Both,All ages,Brain and central nervous system cancer,Number,2000,7243434.13495376,8327000.398810815,6123209.825225974
DALYs (Disability-Adjusted Life Years),Global,Both,All ages,Prostate cancer,Number,2004,5724584.8724306235,6249117.375484397,5165965.35441666
DALYs (Disability-Adjusted Life Years),Global,Both,All ages,Colon and rectum cancer,Number,2004,18303715.708152853,19330348.704827264,17217438.994004127
DALYs (Disability-Adjusted Life Years),Global,Both,All ages,Lip and oral cavity cancer,Number,2004,3845366.6052539516,4258519.798487644,3466059.0840996006
DALYs (Disability-Adjusted Life Years),Global,Both,All ages,Nasopharynx cancer,Number,2004,2081061.6675127058,2363125.0508687706,1808748.4156106464
DALYs (Disability-Adjusted Life Years),Global,Both,All ages,Other pharynx cancer,Number,2004,1814655.340608465,2212033.726247999,1523723.8277100604
DALYs (Disability-Adjusted Life Years),Global,Both,All ages,Gallbladder and biliary tract cancer,Number,2004,2854531.798938879,3219605.993362732,2517161.0724128596
DALYs (Disability-Adjusted Life Years),Global,Both,All ages,Pancreatic cancer,Number,2004,7353043.309246994,7655220.009929249,6967272.382072825
DALYs (Disability-Adjusted Life Years),Global,Both,All ages,Malignant skin melanoma,Number,2004,1395380.6518470845,1545124.8999587032,1269866.0145923123
DALYs (Disability-Adjusted Life Years),Global,Both,All ages,Non-melanoma skin cancer,Number,2004,754008.0568361907,833273.5568557844,671200.2379810859
DALYs (Disability-Adjusted Life Years),Global,Both,All ages,Ovarian cancer,Number,2004,4024085.172765953,4523538.676030502,3641957.632878325
DALYs (Disability-Adjusted Life Years),Global,Both,All ages,Testicular cancer,Number,2004,443688.5931018401,564843.3035340544,370421.9666955434
DALYs (Disability-Adjusted Life Years),Global,Both,All ages,Kidney cancer,Number,2004,3057676.1181048285,3350803.3381526303,2753757.1500720275
DALYs (Disability-Adjusted Life Years),Global,Both,All ages,Bladder cancer,Number,2004,3250661.7123066573,3465134.3249543635,3020310.479682933
DALYs (Disability-Adjusted Life Years),Global,Both,All ages,Brain and central nervous system cancer,Number,2004,7486074.526272287,8706578.120531399,6448740.234256584
DALYs (Disability-Adjusted Life Years),Global,Both,All ages,Prostate cancer,Number,2010,6438212.454753369,7239864.36648225,5830440.085594012
DALYs (Disability-Adjusted Life Years),Global,Both,All ages,Colon and rectum cancer,Number,2010,20057346.04525684,21569780.20943652,18926939.223239273
DALYs (Disability-Adjusted Life Years),Global,Both,All ages,Lip and oral cavity cancer,Number,2010,4533150.242754669,5127290.210027337,4038339.7522180784
DALYs (Disability-Adjusted Life Years),Global,Both,All ages,Nasopharynx cancer,Number,2010,2070018.707697186,2387802.9170854203,1823504.9559737272
DALYs (Disability-Adjusted Life Years),Global,Both,All ages,Other pharynx cancer,Number,2010,2243700.5190498447,2706313.121703865,1851176.1369848526
DALYs (Disability-Adjusted Life Years),Global,Both,All ages,Gallbladder and biliary tract cancer,Number,2010,3106270.490935531,3548012.9260859974,2750600.913082865
DALYs (Disability-Adjusted Life Years),Global,Both,All ages,Pancreatic cancer,Number,2010,8639604.346719548,9010027.71534006,8222446.995977549
DALYs (Disability-Adjusted Life Years),Global,Both,All ages,Malignant skin melanoma,Number,2010,1601640.4124990243,1794443.5653750305,1453498.0525747784
DALYs (Disability-Adjusted Life Years),Global,Both,All ages,Non-melanoma skin cancer,Number,2010,951792.20443066,1085419.97690627,832462.0318308651
DALYs (Disability-Adjusted Life Years),Global,Both,All ages,Ovarian cancer,Number,2010,4437297.327796708,5031831.579017499,3989230.329353974
DALYs (Disability-Adjusted Life Years),Global,Both,All ages,Testicular cancer,Number,2010,470706.56349172234,568943.9285340594,396037.34966485493
DALYs (Disability-Adjusted Life Years),Global,Both,All ages,Kidney cancer,Number,2010,3415726.8030829756,3754274.973236326,3072522.993518988
DALYs (Disability-Adjusted Life Years),Global,Both,All ages,Bladder cancer,Number,2010,3513773.079878044,3790190.3359370315,3278233.253516866
DALYs (Disability-Adjusted Life Years),Global,Both,All ages,Brain and central nervous system cancer,Number,2010,7893685.993082963,9415771.238681758,6798008.478599154
DALYs (Disability-Adjusted Life Years),Global,Both,All ages,Prostate cancer,Number,2022,8671373.078248134,9666830.710266916,7680112.466996746
DALYs (Disability-Adjusted Life Years),Global,Both,All ages,Colon and rectum cancer,Number,2022,25741999.51183894,28170831.05560864,23722918.647059586
DALYs (Disability-Adjusted Life Years),Global,Both,All ages,Lip and oral cavity cancer,Number,2022,6264830.107091772,7362981.156031306,5447000.77563157
DALYs (Disability-Adjusted Life Years),Global,Both,All ages,Nasopharynx cancer,Number,2022,2548586.737147944,2953929.9053896302,2155371.3639310338
DALYs (Disability-Adjusted Life Years),Global,Both,All ages,Other pharynx cancer,Number,2022,3189653.6851357487,3968338.1359992195,2550215.441363673
DALYs (Disability-Adjusted Life Years),Global,Both,All ages,Gallbladder and biliary tract cancer,Number,2022,3920115.737953121,4688578.961073479,3431512.846662025
DALYs (Disability-Adjusted Life Years),Global,Both,All ages,Pancreatic cancer,Number,2022,12063392.79800574,12768598.042229816,11268894.504624682
DALYs (Disability-Adjusted Life Years),Global,Both,All ages,Malignant skin melanoma,Number,2022,1793798.8821496808,2102666.9873151975,1579701.1811626726
DALYs (Disability-Adjusted Life Years),Global,Both,All ages,Non-melanoma skin cancer,Number,2022,1309813.5538238783,1498480.2506443365,1140652.8761307467
DALYs (Disability-Adjusted Life Years),Global,Both,All ages,Ovarian cancer,Number,2022,6240822.446737206,7368636.454501283,5370558.9340074435
DALYs (Disability-Adjusted Life Years),Global,Both,All ages,Testicular cancer,Number,2022,585250.4639289036,729069.6510023162,471127.212784417
DALYs (Disability-Adjusted Life Years),Global,Both,All ages,Kidney cancer,Number,2022,4046859.7011894714,4511132.7408253485,3580643.7051927596
DALYs (Disability-Adjusted Life Years),Global,Both,All ages,Bladder cancer,Number,2022,4550491.402159257,5013397.173073089,4172847.760708969
DALYs (Disability-Adjusted Life Years),Global,Both,All ages,Brain and central nervous system cancer,Number,2022,9260425.058921762,11244662.542822804,8089809.742174275
DALYs (Disability-Adjusted Life Years),Global,Both,All ages,Prostate cancer,Number,2001,5443423.821630129,5994948.076631583,4909774.489888359
DALYs (Disability-Adjusted Life Years),Global,Both,All ages,Colon and rectum cancer,Number,2001,17804317.229737718,18780745.119575944,16660222.237888638
DALYs (Disability-Adjusted Life Years),Global,Both,All ages,Lip and oral cavity cancer,Number,2001,3713752.5638427106,4112576.155822028,3331096.8198654675
DALYs (Disability-Adjusted Life Years),Global,Both,All ages,Nasopharynx cancer,Number,2001,2280555.481320174,2586397.209053342,1998096.115494951
DALYs (Disability-Adjusted Life Years),Global,Both,All ages,Other pharynx cancer,Number,2001,1712268.2467111973,2083200.885996338,1461815.8278437154
DALYs (Disability-Adjusted Life Years),Global,Both,All ages,Gallbladder and biliary tract cancer,Number,2001,2764945.684637587,3112599.502908476,2454915.204882744
DALYs (Disability-Adjusted Life Years),Global,Both,All ages,Pancreatic cancer,Number,2001,6914980.699624085,7224701.783047018,6553460.197949547
DALYs (Disability-Adjusted Life Years),Global,Both,All ages,Malignant skin melanoma,Number,2001,1329283.203723229,1469305.091635819,1212151.9076411622
DALYs (Disability-Adjusted Life Years),Global,Both,All ages,Non-melanoma skin cancer,Number,2001,720723.4795917635,805370.701340317,645278.8360561214
DALYs (Disability-Adjusted Life Years),Global,Both,All ages,Ovarian cancer,Number,2001,3881367.9897127775,4319687.765046541,3493061.025617379
DALYs (Disability-Adjusted Life Years),Global,Both,All ages,Testicular cancer,Number,2001,446521.3753056324,571809.3377444393,365343.87692384276
DALYs (Disability-Adjusted Life Years),Global,Both,All ages,Kidney cancer,Number,2001,2864503.1835199506,3119586.0981891956,2598725.2974117426
DALYs (Disability-Adjusted Life Years),Global,Both,All ages,Bladder cancer,Number,2001,3222676.431837459,3463969.8183255056,2965114.51246183
DALYs (Disability-Adjusted Life Years),Global,Both,All ages,Brain and central nervous system cancer,Number,2001,7306059.308502519,8369016.957276793,6219264.296302397
DALYs (Disability-Adjusted Life Years),Global,Both,All ages,Prostate cancer,Number,2002,5582679.247164987,6124768.257734973,5012161.127516186
DALYs (Disability-Adjusted Life Years),Global,Both,All ages,Colon and rectum cancer,Number,2002,18039512.34972405,19036193.110370185,16959113.596401054
DALYs (Disability-Adjusted Life Years),Global,Both,All ages,Lip and oral cavity cancer,Number,2002,3791445.067249665,4207925.564821005,3371764.7519415384
DALYs (Disability-Adjusted Life Years),Global,Both,All ages,Nasopharynx cancer,Number,2002,2225423.199368233,2520634.5491375336,1953490.4817637284
DALYs (Disability-Adjusted Life Years),Global,Both,All ages,Other pharynx cancer,Number,2002,1769783.6869870299,2135008.402264566,1513071.0062461444
DALYs (Disability-Adjusted Life Years),Global,Both,All ages,Gallbladder and biliary tract cancer,Number,2002,2800024.8346130014,3149290.528934285,2484594.016902272
DALYs (Disability-Adjusted Life Years),Global,Both,All ages,Pancreatic cancer,Number,2002,7082741.564322769,7396637.4606814515,6706742.587363797
DALYs (Disability-Adjusted Life Years),Global,Both,All ages,Malignant skin melanoma,Number,2002,1346123.425963521,1485490.208582567,1229225.3396293295
DALYs (Disability-Adjusted Life Years),Global,Both,All ages,Non-melanoma skin cancer,Number,2002,738506.2250985256,819527.9495798368,659708.2556062619
DALYs (Disability-Adjusted Life Years),Global,Both,All ages,Ovarian cancer,Number,2002,3963035.0617890907,4451953.250967568,3570955.0463834144
DALYs (Disability-Adjusted Life Years),Global,Both,All ages,Testicular cancer,Number,2002,446495.0307006132,563854.3786024695,368024.3205197891
DALYs (Disability-Adjusted Life Years),Global,Both,All ages,Kidney cancer,Number,2002,2936141.5966060716,3194883.787014663,2649369.4577985406
DALYs (Disability-Adjusted Life Years),Global,Both,All ages,Bladder cancer,Number,2002,3256630.921784145,3488656.0265693786,3016371.257121662
DALYs (Disability-Adjusted Life Years),Global,Both,All ages,Brain and central nervous system cancer,Number,2002,7374091.127903039,8458283.475620244,6303447.706470199
DALYs (Disability-Adjusted Life Years),Global,Both,All ages,Prostate cancer,Number,2008,6205276.511129223,6949019.336715768,5621153.7128265295
DALYs (Disability-Adjusted Life Years),Global,Both,All ages,Colon and rectum cancer,Number,2008,19547223.549851082,20792921.842472855,18508226.750242952
DALYs (Disability-Adjusted Life Years),Global,Both,All ages,Lip and oral cavity cancer,Number,2008,4280267.319181352,4810613.986652872,3814765.055869044
DALYs (Disability-Adjusted Life Years),Global,Both,All ages,Nasopharynx cancer,Number,2008,2069362.7084519807,2338980.744270512,1827878.2503675162
DALYs (Disability-Adjusted Life Years),Global,Both,All ages,Other pharynx cancer,Number,2008,2083184.5204950126,2572794.44776354,1717146.736452364
DALYs (Disability-Adjusted Life Years),Global,Both,All ages,Gallbladder and biliary tract cancer,Number,2008,3029392.8678180007,3425657.4083740157,2657819.6178850974
DALYs (Disability-Adjusted Life Years),Global,Both,All ages,Pancreatic cancer,Number,2008,8279247.0834109085,8644677.467836885,7899949.167248332
DALYs (Disability-Adjusted Life Years),Global,Both,All ages,Malignant skin melanoma,Number,2008,1534703.7268830666,1709898.3581346974,1392546.9153798786
DALYs (Disability-Adjusted Life Years),Global,Both,All ages,Non-melanoma skin cancer,Number,2008,879763.5251808496,987297.4716328667,768879.6123786089
DALYs (Disability-Adjusted Life Years),Global,Both,All ages,Ovarian cancer,Number,2008,4284690.976532795,4835100.696417997,3845541.9785764874
DALYs (Disability-Adjusted Life Years),Global,Both,All ages,Testicular cancer,Number,2008,455152.69437190116,556431.7130909278,379621.61924770614
DALYs (Disability-Adjusted Life Years),Global,Both,All ages,Kidney cancer,Number,2008,3290076.1548256264,3612941.14738019,2945649.943471129
DALYs (Disability-Adjusted Life Years),Global,Both,All ages,Bladder cancer,Number,2008,3428000.5413630567,3685534.1111415005,3206536.370533577
DALYs (Disability-Adjusted Life Years),Global,Both,All ages,Brain and central nervous system cancer,Number,2008,7739806.30901639,9164756.183419785,6625265.884473152
DALYs (Disability-Adjusted Life Years),Global,Both,All ages,Prostate cancer,Number,2012,6625770.734469542,7415019.961226378,5944787.376583342
DALYs (Disability-Adjusted Life Years),Global,Both,All ages,Colon and rectum cancer,Number,2012,20559573.21728079,22158757.103770863,19306476.907771137
DALYs (Disability-Adjusted Life Years),Global,Both,All ages,Lip and oral cavity cancer,Number,2012,4706636.832936881,5359803.931961209,4191788.3232262093
DALYs (Disability-Adjusted Life Years),Global,Both,All ages,Nasopharynx cancer,Number,2012,2058340.3305420051,2373475.1376933036,1820496.4575537487
DALYs (Disability-Adjusted Life Years),Global,Both,All ages,Other pharynx cancer,Number,2012,2324309.0580195193,2817137.624972378,1945047.0837428542
DALYs (Disability-Adjusted Life Years),Global,Both,All ages,Gallbladder and biliary tract cancer,Number,2012,3159638.370342114,3637588.870845312,2777013.33153194
DALYs (Disability-Adjusted Life Years),Global,Both,All ages,Pancreatic cancer,Number,2012,8996647.810884565,9389884.511177521,8551069.16535293
DALYs (Disability-Adjusted Life Years),Global,Both,All ages,Malignant skin melanoma,Number,2012,1628517.9825365858,1836208.164484057,1468953.6072538192
DALYs (Disability-Adjusted Life Years),Global,Both,All ages,Non-melanoma skin cancer,Number,2012,1002505.4460018094,1140515.0741255211,862124.1597597926
DALYs (Disability-Adjusted Life Years),Global,Both,All ages,Ovarian cancer,Number,2012,4560450.875644711,5239785.501162214,4078148.7157481737
DALYs (Disability-Adjusted Life Years),Global,Both,All ages,Testicular cancer,Number,2012,478500.3046927162,582381.8252928513,401776.335960813
DALYs (Disability-Adjusted Life Years),Global,Both,All ages,Kidney cancer,Number,2012,3515553.6246428057,3882021.4356147773,3155332.3927729884
DALYs (Disability-Adjusted Life Years),Global,Both,All ages,Bladder cancer,Number,2012,3618298.07325134,3927442.5723917885,3365340.0739944912
DALYs (Disability-Adjusted Life Years),Global,Both,All ages,Brain and central nervous system cancer,Number,2012,8028938.70063169,9699595.427888997,6942789.274001152
DALYs (Disability-Adjusted Life Years),Global,Both,All ages,Prostate cancer,Number,1999,5271201.33393314,5788064.54011225,4730067.844456229
DALYs (Disability-Adjusted Life Years),Global,Both,All ages,Colon and rectum cancer,Number,1999,17357716.783550143,18322912.97352294,16229806.570353312
DALYs (Disability-Adjusted Life Years),Global,Both,All ages,Lip and oral cavity cancer,Number,1999,3559487.4866869925,3906940.12064632,3159915.4583304636
DALYs (Disability-Adjusted Life Years),Global,Both,All ages,Nasopharynx cancer,Number,1999,2363641.245310259,2633672.224419384,2057267.2474410885
DALYs (Disability-Adjusted Life Years),Global,Both,All ages,Other pharynx cancer,Number,1999,1650147.1545732773,2006788.1260741488,1400849.9043520433
DALYs (Disability-Adjusted Life Years),Global,Both,All ages,Gallbladder and biliary tract cancer,Number,1999,2728481.142473463,3079674.0142855095,2429560.949644152
DALYs (Disability-Adjusted Life Years),Global,Both,All ages,Pancreatic cancer,Number,1999,6616900.149947248,6958997.5706659015,6248950.024907922
DALYs (Disability-Adjusted Life Years),Global,Both,All ages,Malignant skin melanoma,Number,1999,1267408.4014250354,1404822.8572688191,1158488.0418836854
DALYs (Disability-Adjusted Life Years),Global,Both,All ages,Non-melanoma skin cancer,Number,1999,680418.2230736762,768915.3449302844,612678.40684158
DALYs (Disability-Adjusted Life Years),Global,Both,All ages,Ovarian cancer,Number,1999,3721411.5458360678,4109883.5176812946,3304956.452194706
DALYs (Disability-Adjusted Life Years),Global,Both,All ages,Testicular cancer,Number,1999,446598.51459808735,559420.8018432886,366865.40439458936
DALYs (Disability-Adjusted Life Years),Global,Both,All ages,Kidney cancer,Number,1999,2735039.9798751334,2987500.714541951,2504750.0598564693
DALYs (Disability-Adjusted Life Years),Global,Both,All ages,Bladder cancer,Number,1999,3171581.8596216748,3421161.4142012126,2897222.5149360467
DALYs (Disability-Adjusted Life Years),Global,Both,All ages,Brain and central nervous system cancer,Number,1999,7142429.105855345,8164616.658306895,6027350.473942094
DALYs (Disability-Adjusted Life Years),Global,Both,All ages,Prostate cancer,Number,2013,6724686.887780353,7562408.565182258,6025197.416016081
DALYs (Disability-Adjusted Life Years),Global,Both,All ages,Colon and rectum cancer,Number,2013,20732598.381885625,22321017.148289215,19340160.555472307
DALYs (Disability-Adjusted Life Years),Global,Both,All ages,Lip and oral cavity cancer,Number,2013,4794905.830820757,5508368.375863153,4253402.800180648
DALYs (Disability-Adjusted Life Years),Global,Both,All ages,Nasopharynx cancer,Number,2013,2066741.4195997273,2366734.2999535305,1821070.7832577205
DALYs (Disability-Adjusted Life Years),Global,Both,All ages,Other pharynx cancer,Number,2013,2364492.9589950386,2867533.9064615,1991114.0515326492
DALYs (Disability-Adjusted Life Years),Global,Both,All ages,Gallbladder and biliary tract cancer,Number,2013,3182848.5615494917,3660509.709981966,2809217.4059081045
DALYs (Disability-Adjusted Life Years),Global,Both,All ages,Pancreatic cancer,Number,2013,9133143.75169205,9530037.210610976,8663467.428988723
DALYs (Disability-Adjusted Life Years),Global,Both,All ages,Malignant skin melanoma,Number,2013,1652763.247440046,1864718.9409278375,1490070.030616554
DALYs (Disability-Adjusted Life Years),Global,Both,All ages,Non-melanoma skin cancer,Number,2013,1021618.7438569416,1171410.4402001319,872898.6224432149
DALYs (Disability-Adjusted Life Years),Global,Both,All ages,Ovarian cancer,Number,2013,4658643.336230509,5377512.634620175,4160171.2446257817
DALYs (Disability-Adjusted Life Years),Global,Both,All ages,Testicular cancer,Number,2013,481103.1597238329,580849.8906785095,397842.3028367484
DALYs (Disability-Adjusted Life Years),Global,Both,All ages,Kidney cancer,Number,2013,3557094.6076626363,3946765.790950323,3205470.8507387787
DALYs (Disability-Adjusted Life Years),Global,Both,All ages,Bladder cancer,Number,2013,3645296.795564899,3957695.7158597084,3376229.5887623862
DALYs (Disability-Adjusted Life Years),Global,Both,All ages,Brain and central nervous system cancer,Number,2013,8082207.593373491,9751648.19011899,7009733.985733508
DALYs (Disability-Adjusted Life Years),Global,Both,All ages,Prostate cancer,Number,1997,5031247.73579672,5510631.608778082,4492757.322352257
DALYs (Disability-Adjusted Life Years),Global,Both,All ages,Colon and rectum cancer,Number,1997,16750644.380583134,17713458.504812956,15676181.436310135
DALYs (Disability-Adjusted Life Years),Global,Both,All ages,Lip and oral cavity cancer,Number,1997,3390739.863648776,3763879.947395146,3031253.180167127
DALYs (Disability-Adjusted Life Years),Global,Both,All ages,Nasopharynx cancer,Number,1997,2384028.7264182717,2642157.178210512,2027761.4700671136
DALYs (Disability-Adjusted Life Years),Global,Both,All ages,Other pharynx cancer,Number,1997,1575372.8377660287,1873092.7871302855,1335989.975577624
DALYs (Disability-Adjusted Life Years),Global,Both,All ages,Gallbladder and biliary tract cancer,Number,1997,2602153.373338297,2967690.708054798,2341365.293967463
DALYs (Disability-Adjusted Life Years),Global,Both,All ages,Pancreatic cancer,Number,1997,6325497.39231553,6644445.874384406,5950799.170904416
DALYs (Disability-Adjusted Life Years),Global,Both,All ages,Malignant skin melanoma,Number,1997,1220381.9523347565,1353317.2419546447,1116879.4341461528
DALYs (Disability-Adjusted Life Years),Global,Both,All ages,Non-melanoma skin cancer,Number,1997,638747.2128247418,713613.8052734752,576782.1837202623
DALYs (Disability-Adjusted Life Years),Global,Both,All ages,Ovarian cancer,Number,1997,3614612.8590988764,3996175.3646539594,3227062.947694016
DALYs (Disability-Adjusted Life Years),Global,Both,All ages,Testicular cancer,Number,1997,432048.2592723663,527549.5260144352,356957.5157187284
DALYs (Disability-Adjusted Life Years),Global,Both,All ages,Kidney cancer,Number,1997,2654315.3807232985,2899843.4295671284,2438483.1744782855
DALYs (Disability-Adjusted Life Years),Global,Both,All ages,Bladder cancer,Number,1997,3075620.7712391284,3314545.6923505017,2834020.780924721
DALYs (Disability-Adjusted Life Years),Global,Both,All ages,Brain and central nervous system cancer,Number,1997,7025284.886551239,7987842.152734537,5793738.263191582
DALYs (Disability-Adjusted Life Years),Global,Both,All ages,Prostate cancer,Number,1998,5153512.158708547,5639587.91036333,4610577.241960635
DALYs (Disability-Adjusted Life Years),Global,Both,All ages,Colon and rectum cancer,Number,1998,17010106.982082747,17890309.508534085,15916450.000973554
DALYs (Disability-Adjusted Life Years),Global,Both,All ages,Lip and oral cavity cancer,Number,1998,3471106.7173955333,3827508.0412355238,3109478.1201338517
DALYs (Disability-Adjusted Life Years),Global,Both,All ages,Nasopharynx cancer,Number,1998,2385827.525143334,2650567.9114496955,2052291.6511893375
DALYs (Disability-Adjusted Life Years),Global,Both,All ages,Other pharynx cancer,Number,1998,1617126.8909684813,1949766.210848888,1380508.8540636867
DALYs (Disability-Adjusted Life Years),Global,Both,All ages,Gallbladder and biliary tract cancer,Number,1998,2647150.0357232457,3009524.157971048,2366710.4235906536
DALYs (Disability-Adjusted Life Years),Global,Both,All ages,Pancreatic cancer,Number,1998,6453488.141173023,6781880.426116684,6094540.00776928
DALYs (Disability-Adjusted Life Years),Global,Both,All ages,Malignant skin melanoma,Number,1998,1242820.5337107247,1379645.2093586968,1136445.38834771
DALYs (Disability-Adjusted Life Years),Global,Both,All ages,Non-melanoma skin cancer,Number,1998,656219.0324777733,736888.7868167215,591060.1064240546
DALYs (Disability-Adjusted Life Years),Global,Both,All ages,Ovarian cancer,Number,1998,3663834.467232051,4044508.0884446534,3260427.874298005
DALYs (Disability-Adjusted Life Years),Global,Both,All ages,Testicular cancer,Number,1998,437970.7420802252,538451.8901289635,360423.85299477505
DALYs (Disability-Adjusted Life Years),Global,Both,All ages,Kidney cancer,Number,1998,2693500.0747526423,2942695.4783319533,2469190.8509442597
DALYs (Disability-Adjusted Life Years),Global,Both,All ages,Bladder cancer,Number,1998,3114327.2250351254,3360035.770340894,2860001.5300038108
DALYs (Disability-Adjusted Life Years),Global,Both,All ages,Brain and central nervous system cancer,Number,1998,7072590.945660921,8051801.0332240015,5895214.644916847
DALYs (Disability-Adjusted Life Years),Global,Both,All ages,Prostate cancer,Number,2018,7664439.138666698,8497069.648789812,6835099.337366101
DALYs (Disability-Adjusted Life Years),Global,Both,All ages,Colon and rectum cancer,Number,2018,22925986.771781955,24884989.45852725,21334682.540943976
DALYs (Disability-Adjusted Life Years),Global,Both,All ages,Lip and oral cavity cancer,Number,2018,5465943.99551436,6345327.770956765,4810750.106830984
DALYs (Disability-Adjusted Life Years),Global,Both,All ages,Nasopharynx cancer,Number,2018,2263383.140204059,2604918.686242506,1951527.5732745586
DALYs (Disability-Adjusted Life Years),Global,Both,All ages,Other pharynx cancer,Number,2018,2744044.32021842,3356417.46984085,2261852.1805445044
DALYs (Disability-Adjusted Life Years),Global,Both,All ages,Gallbladder and biliary tract cancer,Number,2018,3516314.600198563,4153908.0664809765,3102176.375029156
DALYs (Disability-Adjusted Life Years),Global,Both,All ages,Pancreatic cancer,Number,2018,10602688.199700914,11086634.601576127,9999970.697831953
DALYs (Disability-Adjusted Life Years),Global,Both,All ages,Malignant skin melanoma,Number,2018,1677405.998470094,1940153.7384324777,1496464.838032311
DALYs (Disability-Adjusted Life Years),Global,Both,All ages,Non-melanoma skin cancer,Number,2018,1158662.8594988936,1292843.5939370797,1020755.5490899686
DALYs (Disability-Adjusted Life Years),Global,Both,All ages,Ovarian cancer,Number,2018,5388265.828323752,6234835.148055289,4747268.652391272
DALYs (Disability-Adjusted Life Years),Global,Both,All ages,Testicular cancer,Number,2018,528155.3104316681,636116.1195811296,428737.0894977015
DALYs (Disability-Adjusted Life Years),Global,Both,All ages,Kidney cancer,Number,2018,3820840.9866049048,4288435.943713043,3409887.9890442872
DALYs (Disability-Adjusted Life Years),Global,Both,All ages,Bladder cancer,Number,2018,4068740.9741834747,4453093.337061367,3722820.1687481212
DALYs (Disability-Adjusted Life Years),Global,Both,All ages,Brain and central nervous system cancer,Number,2018,8699491.31041446,10515543.757958012,7625137.942075658
DALYs (Disability-Adjusted Life Years),Global,Both,All ages,Prostate cancer,Number,1993,4662360.536395608,5124322.945686977,4201344.51524526
DALYs (Disability-Adjusted Life Years),Global,Both,All ages,Colon and rectum cancer,Number,1993,15949109.355496036,17016222.310376707,14719037.477796229
DALYs (Disability-Adjusted Life Years),Global,Both,All ages,Lip and oral cavity cancer,Number,1993,3156769.524613408,3635283.8570794025,2823780.3195247445
DALYs (Disability-Adjusted Life Years),Global,Both,All ages,Nasopharynx cancer,Number,1993,2398884.967896649,2702771.734618374,2002150.9956514891
DALYs (Disability-Adjusted Life Years),Global,Both,All ages,Other pharynx cancer,Number,1993,1470366.6173710711,1753605.1486749935,1259304.5960156955
DALYs (Disability-Adjusted Life Years),Global,Both,All ages,Gallbladder and biliary tract cancer,Number,1993,2531069.334664305,2860416.179798819,2295273.252358263
DALYs (Disability-Adjusted Life Years),Global,Both,All ages,Pancreatic cancer,Number,1993,5895119.360400921,6225610.300470475,5538667.806428593
DALYs (Disability-Adjusted Life Years),Global,Both,All ages,Malignant skin melanoma,Number,1993,1130937.2887959878,1246493.9543043175,1035485.6017341749
DALYs (Disability-Adjusted Life Years),Global,Both,All ages,Non-melanoma skin cancer,Number,1993,602086.6110541275,673624.4814668109,541873.8487041796
DALYs (Disability-Adjusted Life Years),Global,Both,All ages,Ovarian cancer,Number,1993,3375802.2960384153,3783461.6831162423,3028412.901973031
DALYs (Disability-Adjusted Life Years),Global,Both,All ages,Testicular cancer,Number,1993,406807.8465856003,494755.7673162434,338160.68535285385
DALYs (Disability-Adjusted Life Years),Global,Both,All ages,Kidney cancer,Number,1993,2508828.138804752,2730059.3628350883,2284132.7186544677
DALYs (Disability-Adjusted Life Years),Global,Both,All ages,Bladder cancer,Number,1993,2937617.435430097,3181839.4554328434,2711589.695914571
DALYs (Disability-Adjusted Life Years),Global,Both,All ages,Brain and central nervous system cancer,Number,1993,6705351.289899518,7705445.234164919,5588045.7780451095
DALYs (Disability-Adjusted Life Years),Global,Both,All ages,Prostate cancer,Number,2006,5931447.944972066,6535302.262236549,5360014.692830165
DALYs (Disability-Adjusted Life Years),Global,Both,All ages,Colon and rectum cancer,Number,2006,18804740.222506937,19927856.277898785,17794860.36828749
DALYs (Disability-Adjusted Life Years),Global,Both,All ages,Lip and oral cavity cancer,Number,2006,4024136.247936222,4523517.609801496,3612435.8630432617
DALYs (Disability-Adjusted Life Years),Global,Both,All ages,Nasopharynx cancer,Number,2006,2049585.4249866002,2300061.1283191387,1820362.7495930195
DALYs (Disability-Adjusted Life Years),Global,Both,All ages,Other pharynx cancer,Number,2006,1924567.6898751033,2371103.725226636,1606371.72094593
DALYs (Disability-Adjusted Life Years),Global,Both,All ages,Gallbladder and biliary tract cancer,Number,2006,2936006.0159888687,3326208.806921418,2571452.52426973
DALYs (Disability-Adjusted Life Years),Global,Both,All ages,Pancreatic cancer,Number,2006,7776887.006233504,8152048.345472597,7366402.46001672
DALYs (Disability-Adjusted Life Years),Global,Both,All ages,Malignant skin melanoma,Number,2006,1461391.8071882054,1622159.8991273374,1328070.262249587
DALYs (Disability-Adjusted Life Years),Global,Both,All ages,Non-melanoma skin cancer,Number,2006,801550.2653398508,894588.5801096254,706902.4782819938
DALYs (Disability-Adjusted Life Years),Global,Both,All ages,Ovarian cancer,Number,2006,4133629.5575345936,4664643.046685128,3740818.550351272
DALYs (Disability-Adjusted Life Years),Global,Both,All ages,Testicular cancer,Number,2006,446874.69597275526,558112.452156721,374476.3080523672
DALYs (Disability-Adjusted Life Years),Global,Both,All ages,Kidney cancer,Number,2006,3160362.1297923704,3475298.08996886,2831396.469856887
DALYs (Disability-Adjusted Life Years),Global,Both,All ages,Bladder cancer,Number,2006,3317720.950678515,3540173.5416509467,3087759.140034944
DALYs (Disability-Adjusted Life Years),Global,Both,All ages,Brain and central nervous system cancer,Number,2006,7574385.665180222,8853428.686917674,6488356.074673721
DALYs (Disability-Adjusted Life Years),Global,Both,All ages,Prostate cancer,Number,2016,7290871.565370885,8099445.6947403215,6521004.007137194
DALYs (Disability-Adjusted Life Years),Global,Both,All ages,Colon and rectum cancer,Number,2016,22209237.580358848,24185762.64545875,20710858.07731647
DALYs (Disability-Adjusted Life Years),Global,Both,All ages,Lip and oral cavity cancer,Number,2016,5223164.1637108475,6096185.05446784,4559836.920309861
DALYs (Disability-Adjusted Life Years),Global,Both,All ages,Nasopharynx cancer,Number,2016,2205887.1201515347,2535535.7556271562,1904035.527666191
DALYs (Disability-Adjusted Life Years),Global,Both,All ages,Other pharynx cancer,Number,2016,2602218.738247457,3148742.5123144845,2172823.3821090483
DALYs (Disability-Adjusted Life Years),Global,Both,All ages,Gallbladder and biliary tract cancer,Number,2016,3408477.0430452144,3964231.856611002,3028019.3712804825
DALYs (Disability-Adjusted Life Years),Global,Both,All ages,Pancreatic cancer,Number,2016,10066916.451293176,10495192.86953839,9526664.508967917
DALYs (Disability-Adjusted Life Years),Global,Both,All ages,Malignant skin melanoma,Number,2016,1665405.8735121072,1902877.105758569,1490743.424534222
DALYs (Disability-Adjusted Life Years),Global,Both,All ages,Non-melanoma skin cancer,Number,2016,1127876.6505917362,1272471.553581996,989891.9543301634
DALYs (Disability-Adjusted Life Years),Global,Both,All ages,Ovarian cancer,Number,2016,5118031.764473787,5935107.370151253,4522029.149547007
DALYs (Disability-Adjusted Life Years),Global,Both,All ages,Testicular cancer,Number,2016,505545.4702510346,614718.8193378894,411696.8368281474
DALYs (Disability-Adjusted Life Years),Global,Both,All ages,Kidney cancer,Number,2016,3746507.04517988,4167752.4865288483,3369519.017001733
DALYs (Disability-Adjusted Life Years),Global,Both,All ages,Bladder cancer,Number,2016,3937791.3879471803,4275047.310773992,3627461.233398572
DALYs (Disability-Adjusted Life Years),Global,Both,All ages,Brain and central nervous system cancer,Number,2016,8500509.214599226,10265658.81843915,7402311.786425969
DALYs (Disability-Adjusted Life Years),Global,Both,All ages,Larynx cancer,Number,2008,2623951.166516619,3010401.449843578,2298698.9854542757
DALYs (Disability-Adjusted Life Years),Global,Both,All ages,"Tracheal, bronchus, and lung cancer",Number,2008,37178935.070446745,39498248.31680842,34210360.77297662
DALYs (Disability-Adjusted Life Years),Global,Both,All ages,Breast cancer,Number,2008,15968992.132274961,17515751.467151526,14544416.95705459
DALYs (Disability-Adjusted Life Years),Global,Both,All ages,Cervical cancer,Number,2008,9123432.961859293,11696394.030338768,7490334.306895346
DALYs (Disability-Adjusted Life Years),Global,Both,All ages,Uterine cancer,Number,2008,2053105.8810068707,2364375.4967208235,1743398.316105029
DALYs (Disability-Adjusted Life Years),Global,Both,All ages,Thyroid cancer,Number,1993,777501.5179640397,895426.0470598036,666936.9009503431
DALYs (Disability-Adjusted Life Years),Global,Both,All ages,Mesothelioma,Number,1993,373657.43708569574,417630.59205283853,337392.8523907384
DALYs (Disability-Adjusted Life Years),Global,Both,All ages,Hodgkin lymphoma,Number,1993,1407166.2558283233,1754755.0824920444,1065992.1018823101
DALYs (Disability-Adjusted Life Years),Global,Both,All ages,Non-Hodgkin lymphoma,Number,1993,5651792.770463979,6347582.800707976,5026637.775712529
DALYs (Disability-Adjusted Life Years),Global,Both,All ages,Multiple myeloma,Number,1993,1283844.3445953492,1410952.8669327735,1183029.99465757
DALYs (Disability-Adjusted Life Years),Global,Both,All ages,Leukemia,Number,1993,13197295.493283223,15013121.396066003,11173006.046452532
DALYs (Disability-Adjusted Life Years),Global,Both,All ages,Other malignant neoplasms,Number,1993,5988264.118694555,6977967.377683322,5242574.593759306
DALYs (Disability-Adjusted Life Years),Global,Both,All ages,Other neoplasms,Number,1993,1961928.6821792782,2281777.6636090255,1635190.7316941305
DALYs (Disability-Adjusted Life Years),Global,Both,All ages,Eye cancer,Number,1993,550439.9583883862,1177563.5466767303,306954.68238630454
DALYs (Disability-Adjusted Life Years),Global,Both,All ages,Soft tissue and other extraosseous sarcomas,Number,1993,1510487.7828581994,2095231.7999419093,1127114.81213136
DALYs (Disability-Adjusted Life Years),Global,Both,All ages,Malignant neoplasm of bone and articular cartilage,Number,1993,1972339.5127996723,2704433.504019,1551865.2291475232
DALYs (Disability-Adjusted Life Years),Global,Both,All ages,Neuroblastoma and other peripheral nervous cell tumors,Number,1993,254320.83398878697,321719.20553901995,199898.88492463686
DALYs (Disability-Adjusted Life Years),Global,Both,All ages,Larynx cancer,Number,2004,2493832.666052661,2808888.005883696,2203730.0564609743
DALYs (Disability-Adjusted Life Years),Global,Both,All ages,"Tracheal, bronchus, and lung cancer",Number,2004,34936749.66746128,37241445.16653626,32085328.07190689
DALYs (Disability-Adjusted Life Years),Global,Both,All ages,Breast cancer,Number,2004,14955448.031138273,16271938.31945949,13736348.042330021
DALYs (Disability-Adjusted Life Years),Global,Both,All ages,Cervical cancer,Number,2004,8706467.362665469,11344711.064659894,7088435.898576442
DALYs (Disability-Adjusted Life Years),Global,Both,All ages,Uterine cancer,Number,2004,1951409.3390883645,2229400.534002522,1663654.661097592
DALYs (Disability-Adjusted Life Years),Global,Both,All ages,Esophageal cancer,Number,2015,11064236.455268914,11859499.249708187,10140287.501473624
DALYs (Disability-Adjusted Life Years),Global,Both,All ages,Stomach cancer,Number,2015,21059329.66535395,24629005.078444477,18729027.52523234
DALYs (Disability-Adjusted Life Years),Global,Both,All ages,Liver cancer,Number,2015,11837632.473306984,13108642.745715693,10649394.60854636
DALYs (Disability-Adjusted Life Years),Global,Both,All ages,Larynx cancer,Number,2012,2750520.8784775394,3214812.70505839,2405231.282496978
DALYs (Disability-Adjusted Life Years),Global,Both,All ages,"Tracheal, bronchus, and lung cancer",Number,2012,38456685.145048626,41109363.23214996,35724996.05523347
DALYs (Disability-Adjusted Life Years),Global,Both,All ages,Breast cancer,Number,2012,17178904.50959606,18929516.292199846,15679882.051774327
DALYs (Disability-Adjusted Life Years),Global,Both,All ages,Cervical cancer,Number,2012,9677683.661679812,12667641.18762635,7916451.933071556
DALYs (Disability-Adjusted Life Years),Global,Both,All ages,Uterine cancer,Number,2012,2166964.458967531,2521969.2756670527,1885736.6953625823
DALYs (Disability-Adjusted Life Years),Global,Both,All ages,Larynx cancer,Number,2009,2648491.907945781,3085034.5107592945,2327212.2798334695
DALYs (Disability-Adjusted Life Years),Global,Both,All ages,"Tracheal, bronchus, and lung cancer",Number,2009,37521831.896296896,40084560.65184246,34439254.77347617
DALYs (Disability-Adjusted Life Years),Global,Both,All ages,Breast cancer,Number,2009,16235121.987658108,17806607.590735108,14822856.069178425
DALYs (Disability-Adjusted Life Years),Global,Both,All ages,Cervical cancer,Number,2009,9237884.552167812,11964928.568434546,7608579.471098453
DALYs (Disability-Adjusted Life Years),Global,Both,All ages,Uterine cancer,Number,2009,2074674.444500083,2373708.3305860385,1764471.1219814194
DALYs (Disability-Adjusted Life Years),Global,Both,All ages,Thyroid cancer,Number,2005,954741.6672609734,1103711.8032902833,841768.081837857
DALYs (Disability-Adjusted Life Years),Global,Both,All ages,Mesothelioma,Number,2005,475413.9108724283,531383.9105945542,426579.2784323456
DALYs (Disability-Adjusted Life Years),Global,Both,All ages,Hodgkin lymphoma,Number,2005,1263154.4066319633,1605493.1459470289,985615.8742667855
DALYs (Disability-Adjusted Life Years),Global,Both,All ages,Non-Hodgkin lymphoma,Number,2005,6174310.041792503,6913450.48101016,5517493.39034475
DALYs (Disability-Adjusted Life Years),Global,Both,All ages,Multiple myeloma,Number,2005,1744908.7445647116,1893623.5740657419,1605107.3350521822
DALYs (Disability-Adjusted Life Years),Global,Both,All ages,Leukemia,Number,2005,12380213.97710503,14146451.00085907,10960519.295521516
DALYs (Disability-Adjusted Life Years),Global,Both,All ages,Other malignant neoplasms,Number,2005,5280503.002191512,6055272.535294298,4632983.505194886
DALYs (Disability-Adjusted Life Years),Global,Both,All ages,Other neoplasms,Number,2005,2385831.0823826133,2802516.346857237,1987096.161949501
DALYs (Disability-Adjusted Life Years),Global,Both,All ages,Thyroid cancer,Number,1994,788640.8602631134,906586.7646606741,680194.7727752647
DALYs (Disability-Adjusted Life Years),Global,Both,All ages,Mesothelioma,Number,1994,379457.94277916406,425364.2788121575,342068.1358995531
DALYs (Disability-Adjusted Life Years),Global,Both,All ages,Hodgkin lymphoma,Number,1994,1395517.9824307784,1747033.8003179398,1064392.3158673504
DALYs (Disability-Adjusted Life Years),Global,Both,All ages,Non-Hodgkin lymphoma,Number,1994,5804167.768904021,6495236.707308026,5199048.950440419
DALYs (Disability-Adjusted Life Years),Global,Both,All ages,Multiple myeloma,Number,1994,1332101.7090291993,1460829.0718170558,1226044.1530878241
DALYs (Disability-Adjusted Life Years),Global,Both,All ages,Leukemia,Number,1994,13202640.756462643,15060627.08721414,11207323.59552313
DALYs (Disability-Adjusted Life Years),Global,Both,All ages,Other malignant neoplasms,Number,1994,5994136.978144718,6925988.579859367,5256109.695598796
DALYs (Disability-Adjusted Life Years),Global,Both,All ages,Other neoplasms,Number,1994,2002578.9666716084,2326298.0881218445,1669900.846373668
DALYs (Disability-Adjusted Life Years),Global,Both,All ages,Thyroid cancer,Number,2007,1009818.1358652791,1152411.9450529485,893191.8910675582
DALYs (Disability-Adjusted Life Years),Global,Both,All ages,Mesothelioma,Number,2007,504000.96911556437,553947.8657712324,453306.9767408136
DALYs (Disability-Adjusted Life Years),Global,Both,All ages,Hodgkin lymphoma,Number,2007,1243286.6164008572,1586893.972891178,981189.0036873718
DALYs (Disability-Adjusted Life Years),Global,Both,All ages,Non-Hodgkin lymphoma,Number,2007,6319761.997008902,7062826.166386988,5599706.0619902555
DALYs (Disability-Adjusted Life Years),Global,Both,All ages,Multiple myeloma,Number,2007,1819240.1983980725,1970086.920628168,1674870.5783637448
DALYs (Disability-Adjusted Life Years),Global,Both,All ages,Leukemia,Number,2007,12094407.731510557,13852883.716908649,10749196.019163309
DALYs (Disability-Adjusted Life Years),Global,Both,All ages,Other malignant neoplasms,Number,2007,5411454.074274125,6238712.604912246,4758182.269639009
DALYs (Disability-Adjusted Life Years),Global,Both,All ages,Other neoplasms,Number,2007,2460026.3756606104,2866164.635544395,2067478.9586295015
DALYs (Disability-Adjusted Life Years),Global,Both,All ages,Thyroid cancer,Number,2000,883156.6864055255,1061796.764091862,778308.7819297133
DALYs (Disability-Adjusted Life Years),Global,Both,All ages,Mesothelioma,Number,2000,432952.78087089676,483376.1390530269,390835.0012347719
DALYs (Disability-Adjusted Life Years),Global,Both,All ages,Hodgkin lymphoma,Number,2000,1338207.0029161442,1691001.900745361,1025713.9252706424
DALYs (Disability-Adjusted Life Years),Global,Both,All ages,Non-Hodgkin lymphoma,Number,2000,6196145.945777999,7024221.600423375,5598818.454655426
DALYs (Disability-Adjusted Life Years),Global,Both,All ages,Multiple myeloma,Number,2000,1603312.4337154448,1748465.3317216532,1460000.378970291
DALYs (Disability-Adjusted Life Years),Global,Both,All ages,Leukemia,Number,2000,12947217.420523398,14403995.492245285,11361230.344074802
DALYs (Disability-Adjusted Life Years),Global,Both,All ages,Other malignant neoplasms,Number,2000,5579319.633004177,6313645.485151932,4902950.119430712
DALYs (Disability-Adjusted Life Years),Global,Both,All ages,Other neoplasms,Number,2000,2202876.0816327007,2595137.5245686737,1822678.538980444
DALYs (Disability-Adjusted Life Years),Global,Both,All ages,Thyroid cancer,Number,2003,924503.9170927355,1077358.0156600336,816987.9629727333
DALYs (Disability-Adjusted Life Years),Global,Both,All ages,Mesothelioma,Number,2003,461821.79866562726,510648.6804616387,418598.6642514752
DALYs (Disability-Adjusted Life Years),Global,Both,All ages,Hodgkin lymphoma,Number,2003,1294203.8512651585,1618759.460058357,1007348.3971005186
DALYs (Disability-Adjusted Life Years),Global,Both,All ages,Non-Hodgkin lymphoma,Number,2003,6159997.296244142,7009541.36849531,5505068.155189386
DALYs (Disability-Adjusted Life Years),Global,Both,All ages,Multiple myeloma,Number,2003,1704913.162432956,1860001.0887122515,1566925.2863780996
DALYs (Disability-Adjusted Life Years),Global,Both,All ages,Leukemia,Number,2003,12625893.913924277,14267457.58310418,11087088.32869039
DALYs (Disability-Adjusted Life Years),Global,Both,All ages,Other malignant neoplasms,Number,2003,5315548.591924858,5973841.050127504,4685609.039695932
DALYs (Disability-Adjusted Life Years),Global,Both,All ages,Other neoplasms,Number,2003,2316339.1724077207,2720714.4014389217,1939372.6633150221
DALYs (Disability-Adjusted Life Years),Global,Both,All ages,Thyroid cancer,Number,2004,932814.978608697,1092470.5616242804,820776.1425880534
DALYs (Disability-Adjusted Life Years),Global,Both,All ages,Mesothelioma,Number,2004,462171.2843736676,511578.1103638396,416594.02958778874
DALYs (Disability-Adjusted Life Years),Global,Both,All ages,Hodgkin lymphoma,Number,2004,1279936.3366635365,1618791.0898357052,990620.1918196151
DALYs (Disability-Adjusted Life Years),Global,Both,All ages,Non-Hodgkin lymphoma,Number,2004,6135221.239880845,6883214.777988508,5461575.308542995
DALYs (Disability-Adjusted Life Years),Global,Both,All ages,Multiple myeloma,Number,2004,1706549.5623852778,1853339.4314228818,1571887.6333240273
DALYs (Disability-Adjusted Life Years),Global,Both,All ages,Leukemia,Number,2004,12497089.18929235,14089625.807606425,11026593.713360988
DALYs (Disability-Adjusted Life Years),Global,Both,All ages,Other malignant neoplasms,Number,2004,5260450.799968238,5978602.841645618,4636570.491617575
DALYs (Disability-Adjusted Life Years),Global,Both,All ages,Other neoplasms,Number,2004,2341361.0905530616,2756010.43428473,1950790.3774792315
DALYs (Disability-Adjusted Life Years),Global,Both,All ages,Thyroid cancer,Number,2022,1512236.1288905467,1804530.0042171502,1265974.6319572246
DALYs (Disability-Adjusted Life Years),Global,Both,All ages,Mesothelioma,Number,2022,615215.81439825,680576.9097966305,544231.2337591273
DALYs (Disability-Adjusted Life Years),Global,Both,All ages,Hodgkin lymphoma,Number,2022,1194530.217152803,1591585.5188878044,875249.1115370317
DALYs (Disability-Adjusted Life Years),Global,Both,All ages,Non-Hodgkin lymphoma,Number,2022,8276952.838874359,9542149.821192358,7118576.634772709
DALYs (Disability-Adjusted Life Years),Global,Both,All ages,Multiple myeloma,Number,2022,2725160.561595784,3022162.6124184523,2458533.5663627847
DALYs (Disability-Adjusted Life Years),Global,Both,All ages,Leukemia,Number,2022,12318268.672347395,14192330.21601411,10939785.531868147
DALYs (Disability-Adjusted Life Years),Global,Both,All ages,Other malignant neoplasms,Number,2022,6746098.958281447,7815585.716804745,5849021.304827729
DALYs (Disability-Adjusted Life Years),Global,Both,All ages,Other neoplasms,Number,2022,3300053.7843295,4059611.936174034,2754065.1657291427
DALYs (Disability-Adjusted Life Years),Global,Both,All ages,Thyroid cancer,Number,2001,901363.5694708865,1066432.4197093556,798267.0044285078
DALYs (Disability-Adjusted Life Years),Global,Both,All ages,Mesothelioma,Number,2001,439665.81845581764,493528.67862744146,396500.97351386177
DALYs (Disability-Adjusted Life Years),Global,Both,All ages,Hodgkin lymphoma,Number,2001,1322710.44038825,1665255.0803613171,1012191.8705099131
DALYs (Disability-Adjusted Life Years),Global,Both,All ages,Non-Hodgkin lymphoma,Number,2001,6178520.242890861,7003849.900311997,5584854.035940435
DALYs (Disability-Adjusted Life Years),Global,Both,All ages,Multiple myeloma,Number,2001,1631485.960617494,1776913.4464017735,1492002.5241876766
DALYs (Disability-Adjusted Life Years),Global,Both,All ages,Leukemia,Number,2001,12848752.157485109,14432466.15398057,11268888.470655363
DALYs (Disability-Adjusted Life Years),Global,Both,All ages,Other malignant neoplasms,Number,2001,5490106.526889577,6178597.151504284,4806785.605699953
DALYs (Disability-Adjusted Life Years),Global,Both,All ages,Other neoplasms,Number,2001,2238035.832372721,2609789.970434755,1860316.2551526832
DALYs (Disability-Adjusted Life Years),Global,Both,All ages,Thyroid cancer,Number,2009,1056837.6554588717,1215164.4515553894,935645.8541806925
DALYs (Disability-Adjusted Life Years),Global,Both,All ages,Mesothelioma,Number,2009,535635.564289868,588007.3107924382,493626.88858621137
DALYs (Disability-Adjusted Life Years),Global,Both,All ages,Hodgkin lymphoma,Number,2009,1233610.4053985858,1595391.4834594622,976458.4767972501
DALYs (Disability-Adjusted Life Years),Global,Both,All ages,Non-Hodgkin lymphoma,Number,2009,6569410.023618744,7428142.418362921,5808477.031014075
DALYs (Disability-Adjusted Life Years),Global,Both,All ages,Multiple myeloma,Number,2009,1896311.9068963127,2058775.6452696575,1749071.6131264153
DALYs (Disability-Adjusted Life Years),Global,Both,All ages,Leukemia,Number,2009,12007399.734616295,13724517.761685759,10817444.459819123
DALYs (Disability-Adjusted Life Years),Global,Both,All ages,Other malignant neoplasms,Number,2009,5641306.685353969,6556038.89599407,4993750.816024887
DALYs (Disability-Adjusted Life Years),Global,Both,All ages,Other neoplasms,Number,2009,2536339.0613003555,2978554.599914114,2132477.771915662
DALYs (Disability-Adjusted Life Years),Global,Both,All ages,Thyroid cancer,Number,2011,1097165.9325494072,1265816.0594767851,973750.2647729524
DALYs (Disability-Adjusted Life Years),Global,Both,All ages,Mesothelioma,Number,2011,567331.05297506,618854.3407519412,519167.0125205751
DALYs (Disability-Adjusted Life Years),Global,Both,All ages,Hodgkin lymphoma,Number,2011,1218545.4213451517,1585304.8064138442,955628.5597299088
DALYs (Disability-Adjusted Life Years),Global,Both,All ages,Non-Hodgkin lymphoma,Number,2011,6788489.320345081,7783082.886482228,5979160.061644152
DALYs (Disability-Adjusted Life Years),Global,Both,All ages,Multiple myeloma,Number,2011,2005138.706803472,2176526.9684385136,1839171.6063066518
DALYs (Disability-Adjusted Life Years),Global,Both,All ages,Leukemia,Number,2011,11817382.856122224,13511049.83646772,10697967.469311403
DALYs (Disability-Adjusted Life Years),Global,Both,All ages,Other malignant neoplasms,Number,2011,5814497.649935117,6823123.853894113,5177830.125756238
DALYs (Disability-Adjusted Life Years),Global,Both,All ages,Other neoplasms,Number,2011,2621203.87718184,3096373.9156197356,2180265.3518140684
DALYs (Disability-Adjusted Life Years),Global,Both,All ages,Thyroid cancer,Number,1997,834344.8070169478,969878.2283005688,728361.5794493868
DALYs (Disability-Adjusted Life Years),Global,Both,All ages,Mesothelioma,Number,1997,404537.76496765245,449974.0698482513,367565.17915059166
DALYs (Disability-Adjusted Life Years),Global,Both,All ages,Hodgkin lymphoma,Number,1997,1372715.7561882143,1728977.3428042836,1053752.054256067
DALYs (Disability-Adjusted Life Years),Global,Both,All ages,Non-Hodgkin lymphoma,Number,1997,6071057.7478513755,6839144.500455837,5440267.424092058
DALYs (Disability-Adjusted Life Years),Global,Both,All ages,Multiple myeloma,Number,1997,1467754.5441084348,1605179.701469809,1342514.2705574275
DALYs (Disability-Adjusted Life Years),Global,Both,All ages,Leukemia,Number,1997,13044289.480368951,14490257.231684756,11237642.780226316
DALYs (Disability-Adjusted Life Years),Global,Both,All ages,Other malignant neoplasms,Number,1997,5862283.037150704,6687260.452789616,5136184.898057915
DALYs (Disability-Adjusted Life Years),Global,Both,All ages,Other neoplasms,Number,1997,2046139.4132714095,2405314.2395811793,1687477.5887058005
DALYs (Disability-Adjusted Life Years),Global,Both,All ages,Thyroid cancer,Number,2010,1082388.4171583608,1261321.8275243174,956027.3117117103
DALYs (Disability-Adjusted Life Years),Global,Both,All ages,Mesothelioma,Number,2010,547484.8156790471,600047.3848264762,502859.9869712256
DALYs (Disability-Adjusted Life Years),Global,Both,All ages,Hodgkin lymphoma,Number,2010,1224632.4181024577,1585140.5215955612,966400.4292574952
DALYs (Disability-Adjusted Life Years),Global,Both,All ages,Non-Hodgkin lymphoma,Number,2010,6675704.994539714,7538963.511839496,5919852.670394708
DALYs (Disability-Adjusted Life Years),Global,Both,All ages,Multiple myeloma,Number,2010,1955429.5353908332,2119336.039493233,1803799.4142255571
DALYs (Disability-Adjusted Life Years),Global,Both,All ages,Leukemia,Number,2010,11908089.213431295,13581598.906458275,10738963.33884068
DALYs (Disability-Adjusted Life Years),Global,Both,All ages,Other malignant neoplasms,Number,2010,5746375.470774268,6720498.01537556,5113714.012425358
DALYs (Disability-Adjusted Life Years),Global,Both,All ages,Other neoplasms,Number,2010,2581602.3521798356,3041185.487100128,2147162.642903607
DALYs (Disability-Adjusted Life Years),Global,Both,All ages,Thyroid cancer,Number,2002,915328.7943899323,1052176.0604152093,812778.6985642114
DALYs (Disability-Adjusted Life Years),Global,Both,All ages,Mesothelioma,Number,2002,449313.75702384353,499495.42151112657,406665.6026807836
DALYs (Disability-Adjusted Life Years),Global,Both,All ages,Hodgkin lymphoma,Number,2002,1310156.5898523727,1634704.0177555468,1009621.2609727241
DALYs (Disability-Adjusted Life Years),Global,Both,All ages,Non-Hodgkin lymphoma,Number,2002,6165788.218446493,7043879.43525661,5545353.784083632
DALYs (Disability-Adjusted Life Years),Global,Both,All ages,Multiple myeloma,Number,2002,1673883.0715236631,1822287.295358484,1534118.68639347
DALYs (Disability-Adjusted Life Years),Global,Both,All ages,Leukemia,Number,2002,12738336.205200369,14424301.934438113,11115404.991954984
DALYs (Disability-Adjusted Life Years),Global,Both,All ages,Other malignant neoplasms,Number,2002,5402019.521867435,6062845.261860018,4750066.907708345
DALYs (Disability-Adjusted Life Years),Global,Both,All ages,Other neoplasms,Number,2002,2272191.2328595296,2660845.3261275785,1901883.1978310137
DALYs (Disability-Adjusted Life Years),Global,Both,All ages,Thyroid cancer,Number,2013,1149990.697510644,1333732.352916926,997177.0930115874
DALYs (Disability-Adjusted Life Years),Global,Both,All ages,Mesothelioma,Number,2013,586378.9206220108,639537.553650077,535149.8073210244
DALYs (Disability-Adjusted Life Years),Global,Both,All ages,Hodgkin lymphoma,Number,2013,1202445.2303984493,1574763.360539707,929934.7083353377
DALYs (Disability-Adjusted Life Years),Global,Both,All ages,Non-Hodgkin lymphoma,Number,2013,6997847.483365598,8104952.300770242,6203706.892533843
DALYs (Disability-Adjusted Life Years),Global,Both,All ages,Multiple myeloma,Number,2013,2112292.6722088587,2304156.116425737,1935544.9966820313
DALYs (Disability-Adjusted Life Years),Global,Both,All ages,Leukemia,Number,2013,11687226.048130246,13369699.469219455,10478066.575408371
DALYs (Disability-Adjusted Life Years),Global,Both,All ages,Other malignant neoplasms,Number,2013,5941053.34513198,6969201.030471779,5286908.370982258
DALYs (Disability-Adjusted Life Years),Global,Both,All ages,Other neoplasms,Number,2013,2700428.6145969373,3222816.1252191956,2275748.2938290117
DALYs (Disability-Adjusted Life Years),Global,Both,All ages,Thyroid cancer,Number,2012,1123334.3302458862,1290017.2635814855,996929.5286307407
DALYs (Disability-Adjusted Life Years),Global,Both,All ages,Mesothelioma,Number,2012,581165.1125099016,633496.4033400147,530643.8937437026
DALYs (Disability-Adjusted Life Years),Global,Both,All ages,Hodgkin lymphoma,Number,2012,1212183.2464351435,1573070.8303479082,946357.9781621753
DALYs (Disability-Adjusted Life Years),Global,Both,All ages,Non-Hodgkin lymphoma,Number,2012,6907590.001453989,7964166.978688287,6048603.135572072
DALYs (Disability-Adjusted Life Years),Global,Both,All ages,Multiple myeloma,Number,2012,2062684.481249506,2243032.362245985,1893967.0373791067
DALYs (Disability-Adjusted Life Years),Global,Both,All ages,Leukemia,Number,2012,11737243.747552406,13435680.970506307,10553761.769893449
DALYs (Disability-Adjusted Life Years),Global,Both,All ages,Other malignant neoplasms,Number,2012,5895842.281702055,6865081.348409431,5217899.263083695
DALYs (Disability-Adjusted Life Years),Global,Both,All ages,Other neoplasms,Number,2012,2659968.4089382556,3161486.966624946,2224411.1793945287
DALYs (Disability-Adjusted Life Years),Global,Both,All ages,Thyroid cancer,Number,1998,847721.7231945468,1019168.9518120484,741537.1633769067
DALYs (Disability-Adjusted Life Years),Global,Both,All ages,Mesothelioma,Number,1998,413756.3257671321,461806.9997138811,374199.7235620543
DALYs (Disability-Adjusted Life Years),Global,Both,All ages,Hodgkin lymphoma,Number,1998,1359646.0418494921,1708874.9512536891,1042292.1403147703
DALYs (Disability-Adjusted Life Years),Global,Both,All ages,Non-Hodgkin lymphoma,Number,1998,6124836.9569466505,6969200.669254265,5522681.09257475
DALYs (Disability-Adjusted Life Years),Global,Both,All ages,Multiple myeloma,Number,1998,1523401.180147112,1663792.5250715904,1389283.4097997036
DALYs (Disability-Adjusted Life Years),Global,Both,All ages,Leukemia,Number,1998,12992318.848460563,14480077.595886787,11255748.648239693
DALYs (Disability-Adjusted Life Years),Global,Both,All ages,Other malignant neoplasms,Number,1998,5773464.581552534,6510086.135146749,5058535.346980784
DALYs (Disability-Adjusted Life Years),Global,Both,All ages,Other neoplasms,Number,1998,2096383.782381575,2458354.8209894504,1732196.4700812772
DALYs (Disability-Adjusted Life Years),Global,Both,All ages,Thyroid cancer,Number,1999,866104.1984722666,1054175.1726486566,759856.8825631052
DALYs (Disability-Adjusted Life Years),Global,Both,All ages,Mesothelioma,Number,1999,426988.641374724,474577.6863331155,384561.7106404092
DALYs (Disability-Adjusted Life Years),Global,Both,All ages,Hodgkin lymphoma,Number,1999,1352431.5056013237,1719225.713743067,1040686.0324587207
DALYs (Disability-Adjusted Life Years),Global,Both,All ages,Non-Hodgkin lymphoma,Number,1999,6177602.269204458,6991154.517904378,5594133.588620922
DALYs (Disability-Adjusted Life Years),Global,Both,All ages,Multiple myeloma,Number,1999,1572141.2133379553,1718084.1552995092,1429649.1925911277
DALYs (Disability-Adjusted Life Years),Global,Both,All ages,Leukemia,Number,1999,12995746.926154671,14517252.60826483,11370652.255815629
DALYs (Disability-Adjusted Life Years),Global,Both,All ages,Other malignant neoplasms,Number,1999,5713956.51368902,6462222.283181693,5026981.299307716
DALYs (Disability-Adjusted Life Years),Global,Both,All ages,Other neoplasms,Number,1999,2159054.5910986057,2527362.073372189,1785554.045771288
DALYs (Disability-Adjusted Life Years),Global,Both,All ages,Thyroid cancer,Number,2008,1035616.7776910383,1198854.22975238,919367.5394745053
DALYs (Disability-Adjusted Life Years),Global,Both,All ages,Mesothelioma,Number,2008,524038.08626046334,573410.1750808936,475905.6415919428
DALYs (Disability-Adjusted Life Years),Global,Both,All ages,Hodgkin lymphoma,Number,2008,1240702.5715352597,1591912.2363655027,981786.3647804477
DALYs (Disability-Adjusted Life Years),Global,Both,All ages,Non-Hodgkin lymphoma,Number,2008,6449960.171179881,7243043.845214811,5725472.554477128
DALYs (Disability-Adjusted Life Years),Global,Both,All ages,Multiple myeloma,Number,2008,1867757.883495875,2029567.2458079401,1723696.9433424184
DALYs (Disability-Adjusted Life Years),Global,Both,All ages,Leukemia,Number,2008,12066310.214180952,13836821.031482391,10788350.949311083
DALYs (Disability-Adjusted Life Years),Global,Both,All ages,Other malignant neoplasms,Number,2008,5534398.559708917,6400336.003556006,4883721.11316153
DALYs (Disability-Adjusted Life Years),Global,Both,All ages,Other neoplasms,Number,2008,2499984.6947829705,2921466.9947873256,2107922.9884792864
DALYs (Disability-Adjusted Life Years),Global,Both,All ages,Esophageal cancer,Number,2023,14067301.948775848,15856075.799755307,12578688.16121734
DALYs (Disability-Adjusted Life Years),Global,Both,All ages,Stomach cancer,Number,2023,22528172.04340558,26030742.576842517,19250834.91612585
DALYs (Disability-Adjusted Life Years),Global,Both,All ages,Liver cancer,Number,2023,13921052.579708064,16106215.761570778,12068593.342762098
DALYs (Disability-Adjusted Life Years),Global,Both,All ages,Thyroid cancer,Number,2006,981402.5755272635,1127808.826804547,867416.2497398285
DALYs (Disability-Adjusted Life Years),Global,Both,All ages,Mesothelioma,Number,2006,491011.1527784405,545808.5324452589,441779.51324785635
DALYs (Disability-Adjusted Life Years),Global,Both,All ages,Hodgkin lymphoma,Number,2006,1251986.6492407245,1588735.5321491794,985546.8795127085
DALYs (Disability-Adjusted Life Years),Global,Both,All ages,Non-Hodgkin lymphoma,Number,2006,6221331.666160532,6923016.039055073,5539168.9537942
DALYs (Disability-Adjusted Life Years),Global,Both,All ages,Multiple myeloma,Number,2006,1770683.3723850262,1919999.373324514,1624553.7951457147
DALYs (Disability-Adjusted Life Years),Global,Both,All ages,Leukemia,Number,2006,12197746.59585288,14015877.91698896,10842703.037334077
DALYs (Disability-Adjusted Life Years),Global,Both,All ages,Other malignant neoplasms,Number,2006,5308488.863225285,6153212.768631604,4663766.956570318
DALYs (Disability-Adjusted Life Years),Global,Both,All ages,Other neoplasms,Number,2006,2423239.7236663625,2831509.7184274993,2023770.2210773714
DALYs (Disability-Adjusted Life Years),Global,Both,All ages,Larynx cancer,Number,2014,2786752.956190443,3290273.221086599,2395533.6603701008
DALYs (Disability-Adjusted Life Years),Global,Both,All ages,"Tracheal, bronchus, and lung cancer",Number,2014,39729118.03479342,42773111.35202543,36533915.80237502
DALYs (Disability-Adjusted Life Years),Global,Both,All ages,Breast cancer,Number,2014,18079298.19414114,19949082.53707048,16473586.040949773
DALYs (Disability-Adjusted Life Years),Global,Both,All ages,Cervical cancer,Number,2014,10203209.234969722,13418098.190128587,8157550.906953034
DALYs (Disability-Adjusted Life Years),Global,Both,All ages,Uterine cancer,Number,2014,2232228.59787954,2592031.4075449775,1938371.4535118754
DALYs (Disability-Adjusted Life Years),Global,Both,All ages,Thyroid cancer,Number,2018,1320828.8721903441,1549503.0517485144,1117566.138801916
DALYs (Disability-Adjusted Life Years),Global,Both,All ages,Mesothelioma,Number,2018,598567.8716241245,662059.496887027,538688.4511423347
DALYs (Disability-Adjusted Life Years),Global,Both,All ages,Hodgkin lymphoma,Number,2018,1190814.4092372265,1606055.6713456842,890522.5985089879
DALYs (Disability-Adjusted Life Years),Global,Both,All ages,Non-Hodgkin lymphoma,Number,2018,7684927.666668873,8773749.372735184,6779306.539665967
DALYs (Disability-Adjusted Life Years),Global,Both,All ages,Multiple myeloma,Number,2018,2453617.1057830136,2691412.967094353,2240535.7166207945
DALYs (Disability-Adjusted Life Years),Global,Both,All ages,Leukemia,Number,2018,11963644.53522037,13752972.586140586,10813501.95841781
DALYs (Disability-Adjusted Life Years),Global,Both,All ages,Other malignant neoplasms,Number,2018,6358590.08255517,7450020.106357179,5517380.3611894315
DALYs (Disability-Adjusted Life Years),Global,Both,All ages,Other neoplasms,Number,2018,3022281.4585609375,3628162.7280795397,2503224.662389819
DALYs (Disability-Adjusted Life Years),Global,Both,All ages,Thyroid cancer,Number,2016,1254954.8021225245,1461352.3266106208,1079905.233456068
DALYs (Disability-Adjusted Life Years),Global,Both,All ages,Mesothelioma,Number,2016,599287.1669140876,659798.4104706238,541672.620714637
DALYs (Disability-Adjusted Life Years),Global,Both,All ages,Hodgkin lymphoma,Number,2016,1201552.2410199353,1626255.1090457349,912496.2100768281
DALYs (Disability-Adjusted Life Years),Global,Both,All ages,Non-Hodgkin lymphoma,Number,2016,7450128.608611874,8558051.098399278,6620185.883800754
DALYs (Disability-Adjusted Life Years),Global,Both,All ages,Multiple myeloma,Number,2016,2337925.560574136,2540555.1066852976,2137799.8291428396
DALYs (Disability-Adjusted Life Years),Global,Both,All ages,Leukemia,Number,2016,11860205.789202178,13758621.680155702,10687026.660966799
DALYs (Disability-Adjusted Life Years),Global,Both,All ages,Other malignant neoplasms,Number,2016,6222627.245424496,7321658.881044509,5474773.492049067
DALYs (Disability-Adjusted Life Years),Global,Both,All ages,Other neoplasms,Number,2016,2884546.8803132633,3435502.9221700253,2402369.1791600366
DALYs (Disability-Adjusted Life Years),Global,Both,All ages,Larynx cancer,Number,2010,2690495.705620575,3108041.6190962386,2368654.104868765
DALYs (Disability-Adjusted Life Years),Global,Both,All ages,"Tracheal, bronchus, and lung cancer",Number,2010,37593107.933210105,40175933.85951247,34594757.76202077
DALYs (Disability-Adjusted Life Years),Global,Both,All ages,Breast cancer,Number,2010,16611697.33003216,18181892.518139493,15147400.192534888
DALYs (Disability-Adjusted Life Years),Global,Both,All ages,Cervical cancer,Number,2010,9396022.451422319,12157555.07974464,7680828.365980694
DALYs (Disability-Adjusted Life Years),Global,Both,All ages,Uterine cancer,Number,2010,2116698.588776316,2431938.7957032523,1817015.3857943793
DALYs (Disability-Adjusted Life Years),Global,Both,All ages,Eye cancer,Number,2005,526717.8249641418,852875.1497606417,319203.4706671988
DALYs (Disability-Adjusted Life Years),Global,Both,All ages,Soft tissue and other extraosseous sarcomas,Number,2005,1628750.0208285626,2076483.794125421,1307464.6391082176
DALYs (Disability-Adjusted Life Years),Global,Both,All ages,Malignant neoplasm of bone and articular cartilage,Number,2005,2520652.7848399156,3228036.5463663647,1981500.83843275
DALYs (Disability-Adjusted Life Years),Global,Both,All ages,Neuroblastoma and other peripheral nervous cell tumors,Number,2005,271761.81728404184,335036.5332237487,226083.52063403768
DALYs (Disability-Adjusted Life Years),Global,Both,All ages,Esophageal cancer,Number,2022,13794027.997028237,15304888.245389652,12351886.531779755
DALYs (Disability-Adjusted Life Years),Global,Both,All ages,Stomach cancer,Number,2022,22545345.1499231,25756704.500614572,19719884.63716012
DALYs (Disability-Adjusted Life Years),Global,Both,All ages,Liver cancer,Number,2022,13313381.895647123,15183663.145057581,11732774.333315559
DALYs (Disability-Adjusted Life Years),Global,Both,All ages,Larynx cancer,Number,2022,3481575.237447462,4250297.039408141,2920160.7317848634
DALYs (Disability-Adjusted Life Years),Global,Both,All ages,"Tracheal, bronchus, and lung cancer",Number,2022,46548763.539031394,51004875.08533923,42360124.96056482
DALYs (Disability-Adjusted Life Years),Global,Both,All ages,Breast cancer,Number,2022,23692563.28028915,26847208.526727818,20892591.282722525
DALYs (Disability-Adjusted Life Years),Global,Both,All ages,Cervical cancer,Number,2022,12754385.528885467,16432564.707651217,9857197.514072722
DALYs (Disability-Adjusted Life Years),Global,Both,All ages,Uterine cancer,Number,2022,2824390.031876947,3287160.6664707437,2403905.6707177768
DALYs (Disability-Adjusted Life Years),Global,Both,All ages,Eye cancer,Number,2007,520259.92870306526,894087.7806125155,319855.46487974527
DALYs (Disability-Adjusted Life Years),Global,Both,All ages,Soft tissue and other extraosseous sarcomas,Number,2007,1670244.6013024084,2145026.8092685686,1334812.8865450697
DALYs (Disability-Adjusted Life Years),Global,Both,All ages,Malignant neoplasm of bone and articular cartilage,Number,2007,2590095.212238862,3374219.115111681,2022897.4484351275
DALYs (Disability-Adjusted Life Years),Global,Both,All ages,Neuroblastoma and other peripheral nervous cell tumors,Number,2007,277213.4895245258,342447.10296448215,229036.10703290172
DALYs (Disability-Adjusted Life Years),Global,Both,All ages,Eye cancer,Number,2000,529633.3041083114,910804.8523207522,309437.57340932614
DALYs (Disability-Adjusted Life Years),Global,Both,All ages,Soft tissue and other extraosseous sarcomas,Number,2000,1579230.7170549023,2132107.3903030264,1247649.3290351648
DALYs (Disability-Adjusted Life Years),Global,Both,All ages,Malignant neoplasm of bone and articular cartilage,Number,2000,2212298.5678475425,2917366.0123413415,1745606.5152153857
DALYs (Disability-Adjusted Life Years),Global,Both,All ages,Neuroblastoma and other peripheral nervous cell tumors,Number,2000,270097.3134697032,325946.7786713434,219872.10055471587
DALYs (Disability-Adjusted Life Years),Global,Both,All ages,Eye cancer,Number,2003,530979.1531714041,814401.5982053913,317115.001155714
DALYs (Disability-Adjusted Life Years),Global,Both,All ages,Soft tissue and other extraosseous sarcomas,Number,2003,1600849.1146187328,2101207.445530121,1285048.1881222872
DALYs (Disability-Adjusted Life Years),Global,Both,All ages,Malignant neoplasm of bone and articular cartilage,Number,2003,2387655.483492454,3076151.912836766,1903703.571214763
DALYs (Disability-Adjusted Life Years),Global,Both,All ages,Neuroblastoma and other peripheral nervous cell tumors,Number,2003,269594.2163656517,329271.88046267064,225528.71109599428
DALYs (Disability-Adjusted Life Years),Global,Both,All ages,Eye cancer,Number,2004,531296.5831579588,846604.6624627423,311969.6497208116
DALYs (Disability-Adjusted Life Years),Global,Both,All ages,Soft tissue and other extraosseous sarcomas,Number,2004,1614631.3930715527,2092491.3371622507,1287758.808516273
DALYs (Disability-Adjusted Life Years),Global,Both,All ages,Malignant neoplasm of bone and articular cartilage,Number,2004,2468083.0582881495,3190833.7582084932,1965455.251976747
DALYs (Disability-Adjusted Life Years),Global,Both,All ages,Neuroblastoma and other peripheral nervous cell tumors,Number,2004,269974.3472781892,332852.68055864994,225244.17730134167
DALYs (Disability-Adjusted Life Years),Global,Both,All ages,Eye cancer,Number,2001,531368.509774363,914049.096653146,318312.33650095796
DALYs (Disability-Adjusted Life Years),Global,Both,All ages,Soft tissue and other extraosseous sarcomas,Number,2001,1582696.6586143891,2085574.8493216243,1251276.3416722855
DALYs (Disability-Adjusted Life Years),Global,Both,All ages,Malignant neoplasm of bone and articular cartilage,Number,2001,2257159.577245307,2933913.4938248955,1784197.93523787
DALYs (Disability-Adjusted Life Years),Global,Both,All ages,Neuroblastoma and other peripheral nervous cell tumors,Number,2001,269692.2522038008,326672.3208477169,222263.15357155516
DALYs (Disability-Adjusted Life Years),Global,Both,All ages,Eye cancer,Number,2022,498108.6615633432,881332.9663667611,303440.89164273534
DALYs (Disability-Adjusted Life Years),Global,Both,All ages,Soft tissue and other extraosseous sarcomas,Number,2022,2215818.730304579,2891417.2019744366,1685775.7433456
DALYs (Disability-Adjusted Life Years),Global,Both,All ages,Malignant neoplasm of bone and articular cartilage,Number,2022,3041423.887693298,3866540.170435663,2348412.8843826726
DALYs (Disability-Adjusted Life Years),Global,Both,All ages,Neuroblastoma and other peripheral nervous cell tumors,Number,2022,334860.45376657887,446119.70557864255,269290.08810332307
DALYs (Disability-Adjusted Life Years),Global,Both,All ages,Larynx cancer,Number,2016,2956027.256150744,3493133.960915126,2527160.830091795
DALYs (Disability-Adjusted Life Years),Global,Both,All ages,"Tracheal, bronchus, and lung cancer",Number,2016,41572547.98030723,45157056.78727834,38403398.7046689
DALYs (Disability-Adjusted Life Years),Global,Both,All ages,Breast cancer,Number,2016,19242560.650248308,21152649.515203536,17303467.740185607
DALYs (Disability-Adjusted Life Years),Global,Both,All ages,Cervical cancer,Number,2016,10790644.61161308,13984358.856295738,8718348.358211335
DALYs (Disability-Adjusted Life Years),Global,Both,All ages,Uterine cancer,Number,2016,2383629.6001455034,2793417.3276888514,2085931.3662542666
DALYs (Disability-Adjusted Life Years),Global,Both,All ages,Eye cancer,Number,1997,542994.7506802368,1079109.5837059356,322305.3313218658
DALYs (Disability-Adjusted Life Years),Global,Both,All ages,Soft tissue and other extraosseous sarcomas,Number,1997,1579990.7499345255,2109376.2321946113,1215131.2593772998
DALYs (Disability-Adjusted Life Years),Global,Both,All ages,Malignant neoplasm of bone and articular cartilage,Number,1997,2091441.5876636915,2765123.9781982005,1643272.689890083
DALYs (Disability-Adjusted Life Years),Global,Both,All ages,Neuroblastoma and other peripheral nervous cell tumors,Number,1997,264011.43260353815,325775.5459988521,208650.85460935874
DALYs (Disability-Adjusted Life Years),Global,Both,All ages,Eye cancer,Number,2009,515479.78137494816,855731.9352543416,308487.7173241277
DALYs (Disability-Adjusted Life Years),Global,Both,All ages,Soft tissue and other extraosseous sarcomas,Number,2009,1706397.8194003187,2161578.6951367306,1359218.5841286452
DALYs (Disability-Adjusted Life Years),Global,Both,All ages,Malignant neoplasm of bone and articular cartilage,Number,2009,2607622.380962453,3360296.8818644797,2021359.790241115
DALYs (Disability-Adjusted Life Years),Global,Both,All ages,Neuroblastoma and other peripheral nervous cell tumors,Number,2009,284673.1882598906,347262.37758986454,231282.87936851248
DALYs (Disability-Adjusted Life Years),Global,Both,All ages,Eye cancer,Number,2011,519123.20400471176,858487.0253045612,335769.7510569695
DALYs (Disability-Adjusted Life Years),Global,Both,All ages,Soft tissue and other extraosseous sarcomas,Number,2011,1744849.7391883512,2178066.620462789,1387559.440490682
DALYs (Disability-Adjusted Life Years),Global,Both,All ages,Malignant neoplasm of bone and articular cartilage,Number,2011,2598444.148041591,3320903.3376990156,2021011.9359081374
DALYs (Disability-Adjusted Life Years),Global,Both,All ages,Neuroblastoma and other peripheral nervous cell tumors,Number,2011,288989.4874254533,353301.03952457546,234014.98227827242
DALYs (Disability-Adjusted Life Years),Global,Both,All ages,Eye cancer,Number,2002,532160.7382015542,885101.971251888,328638.62507263356
DALYs (Disability-Adjusted Life Years),Global,Both,All ages,Soft tissue and other extraosseous sarcomas,Number,2002,1590383.0425028375,2101413.1070956094,1268584.2147512147
DALYs (Disability-Adjusted Life Years),Global,Both,All ages,Malignant neoplasm of bone and articular cartilage,Number,2002,2313473.885069337,2978608.6626170063,1839218.3130978113
DALYs (Disability-Adjusted Life Years),Global,Both,All ages,Neuroblastoma and other peripheral nervous cell tumors,Number,2002,270040.7845746553,329253.57129587623,224091.35350818944
DALYs (Disability-Adjusted Life Years),Global,Both,All ages,Eye cancer,Number,2010,512481.55478983425,838320.3714901028,317064.8447987485
DALYs (Disability-Adjusted Life Years),Global,Both,All ages,Soft tissue and other extraosseous sarcomas,Number,2010,1729460.0950544786,2141982.597759048,1384618.6501930351
DALYs (Disability-Adjusted Life Years),Global,Both,All ages,Malignant neoplasm of bone and articular cartilage,Number,2010,2612675.907721739,3365459.9908895795,2013529.6818067164
DALYs (Disability-Adjusted Life Years),Global,Both,All ages,Neuroblastoma and other peripheral nervous cell tumors,Number,2010,287234.6319345939,347994.91679807217,231152.5362031303
DALYs (Disability-Adjusted Life Years),Global,Both,All ages,Eye cancer,Number,2013,528591.0043639081,862204.8678744363,330729.61168457125
DALYs (Disability-Adjusted Life Years),Global,Both,All ages,Soft tissue and other extraosseous sarcomas,Number,2013,1801749.7417202685,2296189.082096968,1402299.6151751382
DALYs (Disability-Adjusted Life Years),Global,Both,All ages,Malignant neoplasm of bone and articular cartilage,Number,2013,2591213.729273397,3294458.0493511837,2007662.5823975443
DALYs (Disability-Adjusted Life Years),Global,Both,All ages,Neuroblastoma and other peripheral nervous cell tumors,Number,2013,295264.49996272154,367857.0466532376,239872.95358776744
DALYs (Disability-Adjusted Life Years),Global,Both,All ages,Eye cancer,Number,2012,522722.65882257716,840997.4683286754,336415.6332554008
DALYs (Disability-Adjusted Life Years),Global,Both,All ages,Soft tissue and other extraosseous sarcomas,Number,2012,1771634.540678867,2216550.765929812,1395404.695477676
DALYs (Disability-Adjusted Life Years),Global,Both,All ages,Malignant neoplasm of bone and articular cartilage,Number,2012,2592026.774131334,3312499.9339810777,2013507.0436059916
DALYs (Disability-Adjusted Life Years),Global,Both,All ages,Neuroblastoma and other peripheral nervous cell tumors,Number,2012,290946.5827729702,359145.59278239915,235998.14316829367
DALYs (Disability-Adjusted Life Years),Global,Both,All ages,Eye cancer,Number,1998,540545.438288647,1037205.4974326456,326389.8752218105
DALYs (Disability-Adjusted Life Years),Global,Both,All ages,Soft tissue and other extraosseous sarcomas,Number,1998,1577576.4475928394,2136975.402930167,1214902.000257996
DALYs (Disability-Adjusted Life Years),Global,Both,All ages,Malignant neoplasm of bone and articular cartilage,Number,1998,2131629.521425243,2801450.770294679,1676440.6369238973
DALYs (Disability-Adjusted Life Years),Global,Both,All ages,Neuroblastoma and other peripheral nervous cell tumors,Number,1998,266354.489170788,325571.2315199642,213446.4279652626
DALYs (Disability-Adjusted Life Years),Global,Both,All ages,Larynx cancer,Number,2018,3070221.780573515,3688848.841224412,2624459.2830347004
DALYs (Disability-Adjusted Life Years),Global,Both,All ages,"Tracheal, bronchus, and lung cancer",Number,2018,42382408.66188425,46137928.97882881,39181220.47406389
DALYs (Disability-Adjusted Life Years),Global,Both,All ages,Breast cancer,Number,2018,20274084.167901967,22369113.17534159,18232400.786821753
DALYs (Disability-Adjusted Life Years),Global,Both,All ages,Cervical cancer,Number,2018,11129786.315935053,14359523.717688747,8956833.69420414
DALYs (Disability-Adjusted Life Years),Global,Both,All ages,Uterine cancer,Number,2018,2495116.7448512497,2927351.081812703,2169478.406043346
DALYs (Disability-Adjusted Life Years),Global,Both,All ages,Eye cancer,Number,2006,523795.9136639861,877002.1221337338,314703.9961730053
DALYs (Disability-Adjusted Life Years),Global,Both,All ages,Soft tissue and other extraosseous sarcomas,Number,2006,1642728.2272246387,2086031.2229167004,1326197.6656325809
DALYs (Disability-Adjusted Life Years),Global,Both,All ages,Malignant neoplasm of bone and articular cartilage,Number,2006,2546080.5468035927,3258698.262119071,1986821.0419748197
DALYs (Disability-Adjusted Life Years),Global,Both,All ages,Neuroblastoma and other peripheral nervous cell tumors,Number,2006,273451.71035796794,336306.2299564851,225493.77132296312
DALYs (Disability-Adjusted Life Years),Global,Both,All ages,Eye cancer,Number,1999,538710.5895815636,984928.2440694054,323216.42304388614
DALYs (Disability-Adjusted Life Years),Global,Both,All ages,Soft tissue and other extraosseous sarcomas,Number,1999,1573869.8020945897,2128654.1865968355,1222968.2971169753
DALYs (Disability-Adjusted Life Years),Global,Both,All ages,Malignant neoplasm of bone and articular cartilage,Number,1999,2178053.315958769,2894449.013766942,1721899.8794343434
DALYs (Disability-Adjusted Life Years),Global,Both,All ages,Neuroblastoma and other peripheral nervous cell tumors,Number,1999,269451.6822747603,324345.8656061321,217600.70132619457
DALYs (Disability-Adjusted Life Years),Global,Both,All ages,Eye cancer,Number,2018,551972.2450603232,988137.5388920296,348488.0729887259
DALYs (Disability-Adjusted Life Years),Global,Both,All ages,Soft tissue and other extraosseous sarcomas,Number,2018,2038993.418429905,2694829.7094189757,1543351.6224895525
DALYs (Disability-Adjusted Life Years),Global,Both,All ages,Malignant neoplasm of bone and articular cartilage,Number,2018,2779573.5384046747,3669395.146096412,2204962.3349995464
DALYs (Disability-Adjusted Life Years),Global,Both,All ages,Neuroblastoma and other peripheral nervous cell tumors,Number,2018,314184.592835899,404097.42702473135,257211.89542090532
DALYs (Disability-Adjusted Life Years),Global,Both,All ages,Eye cancer,Number,2008,516845.50291410624,884384.5051961233,320040.42232276255
DALYs (Disability-Adjusted Life Years),Global,Both,All ages,Soft tissue and other extraosseous sarcomas,Number,2008,1692976.1387172355,2164537.9784344425,1356886.2320419312
DALYs (Disability-Adjusted Life Years),Global,Both,All ages,Malignant neoplasm of bone and articular cartilage,Number,2008,2606967.870065467,3398416.9116156637,2030278.1916994206
DALYs (Disability-Adjusted Life Years),Global,Both,All ages,Neuroblastoma and other peripheral nervous cell tumors,Number,2008,281491.11210792564,343281.5760153201,229227.1649606825
DALYs (Disability-Adjusted Life Years),Global,Both,All ages,Eye cancer,Number,2016,540254.7536352035,916433.8456132476,341141.3938986991
DALYs (Disability-Adjusted Life Years),Global,Both,All ages,Soft tissue and other extraosseous sarcomas,Number,2016,1945320.8575018167,2538298.6102535767,1494272.0623101883
DALYs (Disability-Adjusted Life Years),Global,Both,All ages,Malignant neoplasm of bone and articular cartilage,Number,2016,2703544.6308117444,3512534.5549722887,2112690.4390268903
DALYs (Disability-Adjusted Life Years),Global,Both,All ages,Neuroblastoma and other peripheral nervous cell tumors,Number,2016,307331.1639500791,392457.7084571236,250224.48997569166
DALYs (Disability-Adjusted Life Years),Global,Both,All ages,Larynx cancer,Number,2013,2760783.297012172,3231861.8945289673,2392016.2534693964
DALYs (Disability-Adjusted Life Years),Global,Both,All ages,"Tracheal, bronchus, and lung cancer",Number,2013,39103809.65617742,41965376.20936969,36416624.79708734
DALYs (Disability-Adjusted Life Years),Global,Both,All ages,Breast cancer,Number,2013,17593990.873391964,19496289.265379503,16033938.209825795
DALYs (Disability-Adjusted Life Years),Global,Both,All ages,Cervical cancer,Number,2013,9889333.7720417,13049701.39420535,8036395.207724407
DALYs (Disability-Adjusted Life Years),Global,Both,All ages,Uterine cancer,Number,2013,2208147.311617829,2571186.986702176,1935213.517726662
DALYs (Disability-Adjusted Life Years),Global,Both,All ages,Larynx cancer,Number,2017,3038406.7945768563,3615787.0905549414,2593647.5956921624
DALYs (Disability-Adjusted Life Years),Global,Both,All ages,"Tracheal, bronchus, and lung cancer",Number,2017,42421610.1285832,46185230.5609344,39452979.92450466
DALYs (Disability-Adjusted Life Years),Global,Both,All ages,Breast cancer,Number,2017,19808557.841186572,21950647.37454114,17801396.36435581
DALYs (Disability-Adjusted Life Years),Global,Both,All ages,Cervical cancer,Number,2017,11002482.773760881,14201189.843853306,8934596.13644223
DALYs (Disability-Adjusted Life Years),Global,Both,All ages,Uterine cancer,Number,2017,2451667.990662755,2889413.0851527937,2139542.546243838
DALYs (Disability-Adjusted Life Years),Global,Both,All ages,Larynx cancer,Number,2019,3108760.232430589,3735259.383162299,2664873.450908345
DALYs (Disability-Adjusted Life Years),Global,Both,All ages,"Tracheal, bronchus, and lung cancer",Number,2019,41844682.914276555,45161507.40266377,38294043.49518382
DALYs (Disability-Adjusted Life Years),Global,Both,All ages,Breast cancer,Number,2019,20750165.52153691,22973032.299519103,18538808.580978647
DALYs (Disability-Adjusted Life Years),Global,Both,All ages,Cervical cancer,Number,2019,11274560.576678513,14520603.10457426,9026527.66414195
DALYs (Disability-Adjusted Life Years),Global,Both,All ages,Uterine cancer,Number,2019,2543682.0290827104,2972013.2651378023,2201462.926667581
DALYs (Disability-Adjusted Life Years),Global,Both,All ages,Esophageal cancer,Number,2021,13167297.30060781,14444647.990566975,11743448.41089596
DALYs (Disability-Adjusted Life Years),Global,Both,All ages,Stomach cancer,Number,2021,21733501.289880697,25079447.79899966,19148334.15093563
DALYs (Disability-Adjusted Life Years),Global,Both,All ages,Liver cancer,Number,2021,12702422.147923635,14423374.435899338,11173301.970144853
DALYs (Disability-Adjusted Life Years),Global,Both,All ages,Larynx cancer,Number,2011,2720456.4199366616,3174866.6704067905,2399870.2768890634
DALYs (Disability-Adjusted Life Years),Global,Both,All ages,"Tracheal, bronchus, and lung cancer",Number,2011,38101192.89936907,40637699.260961615,35315424.74082927
DALYs (Disability-Adjusted Life Years),Global,Both,All ages,Breast cancer,Number,2011,16865132.69526157,18460223.00453917,15345456.205983825
DALYs (Disability-Adjusted Life Years),Global,Both,All ages,Cervical cancer,Number,2011,9512284.248338256,12260991.323488109,7738703.85551817
DALYs (Disability-Adjusted Life Years),Global,Both,All ages,Uterine cancer,Number,2011,2136722.9928322053,2468299.0783684356,1847342.8121258193
DALYs (Disability-Adjusted Life Years),Global,Both,All ages,Larynx cancer,Number,2015,2856106.882585681,3373119.445303561,2441232.9195949445
DALYs (Disability-Adjusted Life Years),Global,Both,All ages,"Tracheal, bronchus, and lung cancer",Number,2015,40486637.114047535,43645294.87861751,37237282.03890123
DALYs (Disability-Adjusted Life Years),Global,Both,All ages,Breast cancer,Number,2015,18717027.196478058,20531223.206877176,16988625.654916618
DALYs (Disability-Adjusted Life Years),Global,Both,All ages,Cervical cancer,Number,2015,10523366.304557964,13630861.067250798,8476123.210253226
DALYs (Disability-Adjusted Life Years),Global,Both,All ages,Uterine cancer,Number,2015,2315308.1920638247,2706646.8231507638,2029204.1154971693
DALYs (Disability-Adjusted Life Years),Global,Both,All ages,Larynx cancer,Number,2023,3562051.6625535167,4287002.103464506,2987598.179167884
DALYs (Disability-Adjusted Life Years),Global,Both,All ages,"Tracheal, bronchus, and lung cancer",Number,2023,46688827.39978732,50879583.620776445,42518368.66474961
DALYs (Disability-Adjusted Life Years),Global,Both,All ages,Breast cancer,Number,2023,24620522.78535469,28109211.13061214,21694860.292472508
DALYs (Disability-Adjusted Life Years),Global,Both,All ages,Cervical cancer,Number,2023,13264679.988922296,17359657.293014172,10121815.883730315
DALYs (Disability-Adjusted Life Years),Global,Both,All ages,Uterine cancer,Number,2023,2901246.721715583,3389057.244195316,2467408.3660484487
DALYs (Disability-Adjusted Life Years),Global,Both,All ages,Larynx cancer,Number,2021,3469508.730085481,4257119.018811092,2940548.382714198
DALYs (Disability-Adjusted Life Years),Global,Both,All ages,"Tracheal, bronchus, and lung cancer",Number,2021,44473445.67978656,48388430.1986384,40639057.16030876
DALYs (Disability-Adjusted Life Years),Global,Both,All ages,Breast cancer,Number,2021,22533018.753391955,25218753.162397094,19986825.55967929
DALYs (Disability-Adjusted Life Years),Global,Both,All ages,Cervical cancer,Number,2021,12109663.046320943,15580435.641834185,9498725.2979893
DALYs (Disability-Adjusted Life Years),Global,Both,All ages,Uterine cancer,Number,2021,2717764.236967309,3142515.0968027003,2329348.3427211307
Prevalence,Global,Both,All ages,Stomach cancer,Number,1990,1793828.8934885417,2017684.5681606,1566915.3933071848
Prevalence,Global,Both,All ages,Stomach cancer,Number,1991,1820295.4513096544,2058710.8312694847,1591749.1529939822
Prevalence,Global,Both,All ages,Stomach cancer,Number,1992,1839639.115479272,2086540.066414424,1604768.273449418
Prevalence,Global,Both,All ages,Stomach cancer,Number,1993,1861557.968258616,2114029.770627902,1631965.5660957915
Prevalence,Global,Both,All ages,Stomach cancer,Number,1994,1880552.3926895943,2129305.731830153,1656442.6410305873
Prevalence,Global,Both,All ages,Stomach cancer,Number,1995,1905729.3691122364,2150880.292206771,1685068.2050946774
Prevalence,Global,Both,All ages,Stomach cancer,Number,1996,1929431.5384727444,2181150.596430388,1706377.2728054763
Prevalence,Global,Both,All ages,Stomach cancer,Number,1997,1952555.8425455587,2231667.783387689,1727744.7928247913
Prevalence,Global,Both,All ages,Stomach cancer,Number,1998,1980986.9844592595,2255041.1352864974,1750361.883199202
Prevalence,Global,Both,All ages,Stomach cancer,Number,1999,2016695.3745520003,2289646.5636837548,1763134.257742498
Prevalence,Global,Both,All ages,Stomach cancer,Number,2000,2027510.907158058,2307862.0231313733,1753135.8173353835
Prevalence,Global,Both,All ages,Stomach cancer,Number,2001,2044182.725473972,2325127.160618541,1760297.8616035157
Prevalence,Global,Both,All ages,Stomach cancer,Number,2002,2060220.8169529748,2339468.7283205865,1754657.9822082506
Prevalence,Global,Both,All ages,Stomach cancer,Number,2003,2088299.7305036045,2377927.577677964,1765661.6881792075
Prevalence,Global,Both,All ages,Stomach cancer,Number,2004,2112849.709324233,2408746.664811217,1777405.8994453666
Prevalence,Global,Both,All ages,Stomach cancer,Number,2005,2144698.0301243784,2421441.5442477,1814936.1048503728
Prevalence,Global,Both,All ages,Stomach cancer,Number,2006,2180563.416472228,2514879.189765831,1853300.758141519
Prevalence,Global,Both,All ages,Stomach cancer,Number,2007,2230788.456184791,2561207.568954845,1886850.0025075555
Prevalence,Global,Both,All ages,Stomach cancer,Number,2008,2246349.306687249,2551868.789515796,1891879.415742937
Prevalence,Global,Both,All ages,Stomach cancer,Number,2009,2243873.3534203223,2547549.51598659,1895987.9788476003
Prevalence,Global,Both,All ages,Stomach cancer,Number,2010,2253060.2204587506,2593860.304970079,1917069.057327629
Prevalence,Global,Both,All ages,Stomach cancer,Number,2011,2247019.399723501,2628124.1562657305,1917737.4081358148
Prevalence,Global,Both,All ages,Stomach cancer,Number,2012,2265144.2799631893,2664210.6521581844,1946364.997049414
Prevalence,Global,Both,All ages,Stomach cancer,Number,2013,2258546.11982478,2667783.6360279936,1947936.53066358
Prevalence,Global,Both,All ages,Stomach cancer,Number,2014,2279842.490884406,2705375.3868385814,1977910.82677215
Prevalence,Global,Both,All ages,Stomach cancer,Number,2015,2323488.7359054964,2765849.182867178,2005797.8749880053
Prevalence,Global,Both,All ages,Stomach cancer,Number,2016,2385264.398084854,2869974.55431387,2037637.2390944548
Prevalence,Global,Both,All ages,Stomach cancer,Number,2017,2438926.456848277,2974242.317909794,2058186.553745855
Prevalence,Global,Both,All ages,Stomach cancer,Number,2018,2440705.7316187792,2984789.858047586,2040740.073342469
Prevalence,Global,Both,All ages,Stomach cancer,Number,2019,2421393.5124303102,2954458.337083996,1999847.5983306635
Prevalence,Global,Both,All ages,Stomach cancer,Number,2020,2419624.7104932186,2999611.7504461734,1981712.6959884227
Prevalence,Global,Both,All ages,Stomach cancer,Number,2021,2534949.582670122,3203146.721140326,2052056.4321003533
Prevalence,Global,Both,All ages,Stomach cancer,Number,2022,2719748.467156906,3440959.741896825,2214430.0368309035
Prevalence,Global,Both,All ages,Stomach cancer,Number,2023,2737615.1812145696,3501724.400778712,2233957.8240280407
Prevalence,Global,Both,All ages,"Tracheal, bronchus, and lung cancer",Number,1990,1481194.534393832,1636556.080760953,1358102.360729604
Prevalence,Global,Both,All ages,"Tracheal, bronchus, and lung cancer",Number,1991,1518204.889439002,1684574.136926592,1386276.395557763
Prevalence,Global,Both,All ages,"Tracheal, bronchus, and lung cancer",Number,1992,1554450.847289306,1735285.936316024,1415158.3689513104
Prevalence,Global,Both,All ages,"Tracheal, bronchus, and lung cancer",Number,1993,1599128.1384822256,1790652.1600048132,1455301.3975597834
Prevalence,Global,Both,All ages,"Tracheal, bronchus, and lung cancer",Number,1994,1625158.919592272,1828676.9609228296,1476416.2041345525
Prevalence,Global,Both,All ages,"Tracheal, bronchus, and lung cancer",Number,1995,1687071.9262558045,1887527.1338191056,1535494.871009369
Prevalence,Global,Both,All ages,"Tracheal, bronchus, and lung cancer",Number,1996,1724710.6230886723,1936161.6422576369,1570789.4909833896
Prevalence,Global,Both,All ages,"Tracheal, bronchus, and lung cancer",Number,1997,1765052.370882447,1981007.276101224,1619996.1678872188
Prevalence,Global,Both,All ages,"Tracheal, bronchus, and lung cancer",Number,1998,1815678.7479667296,2040829.351891424,1664832.9225046434
Prevalence,Global,Both,All ages,"Tracheal, bronchus, and lung cancer",Number,1999,1869969.7803597315,2088088.8537778908,1702236.8384272286
Prevalence,Global,Both,All ages,"Tracheal, bronchus, and lung cancer",Number,2000,1926490.6753879944,2145494.9102936354,1769427.0508168286
Prevalence,Global,Both,All ages,"Tracheal, bronchus, and lung cancer",Number,2001,1967785.4746416465,2186871.1047115894,1808238.433743016
Prevalence,Global,Both,All ages,"Tracheal, bronchus, and lung cancer",Number,2002,2016970.7038387011,2255843.4999525123,1860272.718087956
Prevalence,Global,Both,All ages,"Tracheal, bronchus, and lung cancer",Number,2003,2067951.745285422,2283138.291978478,1889745.819636808
Prevalence,Global,Both,All ages,"Tracheal, bronchus, and lung cancer",Number,2004,2122826.250436419,2383534.213959745,1940835.860601278
Prevalence,Global,Both,All ages,"Tracheal, bronchus, and lung cancer",Number,2005,2188762.9110180703,2419224.790039488,1990629.5826910743
Prevalence,Global,Both,All ages,"Tracheal, bronchus, and lung cancer",Number,2006,2269319.132263782,2505489.261373852,2051396.133110992
Prevalence,Global,Both,All ages,"Tracheal, bronchus, and lung cancer",Number,2007,2362772.095592655,2632886.267992351,2150661.612545659
Prevalence,Global,Both,All ages,"Tracheal, bronchus, and lung cancer",Number,2008,2442278.783730784,2724855.116981376,2225581.240669412
Prevalence,Global,Both,All ages,"Tracheal, bronchus, and lung cancer",Number,2009,2497494.5013462943,2773690.601691478,2266741.2485454665
Prevalence,Global,Both,All ages,"Tracheal, bronchus, and lung cancer",Number,2010,2526861.560681399,2834232.917396289,2287064.729957948
Prevalence,Global,Both,All ages,"Tracheal, bronchus, and lung cancer",Number,2011,2596706.439692704,2936352.5395358074,2349112.993635906
Prevalence,Global,Both,All ages,"Tracheal, bronchus, and lung cancer",Number,2012,2655844.0130210184,3031415.090885028,2392346.627692601
Prevalence,Global,Both,All ages,"Tracheal, bronchus, and lung cancer",Number,2013,2731075.481927216,3092355.6774487984,2435118.8106101397
Prevalence,Global,Both,All ages,"Tracheal, bronchus, and lung cancer",Number,2014,2796153.1188089307,3207944.969597781,2481995.922975236
Prevalence,Global,Both,All ages,"Tracheal, bronchus, and lung cancer",Number,2015,2845882.0878900723,3233742.9691288164,2513376.394372788
Prevalence,Global,Both,All ages,"Tracheal, bronchus, and lung cancer",Number,2016,2920083.60097737,3317148.0130839013,2555336.191169428
Prevalence,Global,Both,All ages,"Tracheal, bronchus, and lung cancer",Number,2017,2999471.887915179,3425922.6554376245,2630087.129521536
Prevalence,Global,Both,All ages,"Tracheal, bronchus, and lung cancer",Number,2018,3023812.182098899,3459780.7299902984,2667369.491270182
Prevalence,Global,Both,All ages,"Tracheal, bronchus, and lung cancer",Number,2019,3023858.431333862,3442211.256608643,2626109.0501661217
Prevalence,Global,Both,All ages,"Tracheal, bronchus, and lung cancer",Number,2020,3043045.33830698,3483387.635592792,2634460.3056118884
Prevalence,Global,Both,All ages,"Tracheal, bronchus, and lung cancer",Number,2021,3192311.3506086543,3652824.030624866,2781016.309222185
Prevalence,Global,Both,All ages,"Tracheal, bronchus, and lung cancer",Number,2022,3406476.803834584,3908702.010622468,2928410.028206656
Prevalence,Global,Both,All ages,"Tracheal, bronchus, and lung cancer",Number,2023,3437634.821087495,3987807.635837729,2929363.3354051434
Prevalence,Global,Both,All ages,Breast cancer,Number,1990,9371039.44116075,10555757.49768888,8337669.396734794
Prevalence,Global,Both,All ages,Breast cancer,Number,1991,9581872.768585889,10692414.05321343,8549526.958822489
Prevalence,Global,Both,All ages,Breast cancer,Number,1992,9771041.972840317,10887561.789434273,8725260.069290519
Prevalence,Global,Both,All ages,Breast cancer,Number,1993,10042013.47873232,11150273.122170974,9010129.821092349
Prevalence,Global,Both,All ages,Breast cancer,Number,1994,10277949.530400123,11403442.458892044,9309513.449054996
Prevalence,Global,Both,All ages,Breast cancer,Number,1995,10583870.276237272,11715376.877386678,9556450.023422828
Prevalence,Global,Both,All ages,Breast cancer,Number,1996,10875481.046472307,12137053.992360502,9818107.1787328
Prevalence,Global,Both,All ages,Breast cancer,Number,1997,11122439.90849414,12435297.837977037,10069895.885064837
Prevalence,Global,Both,All ages,Breast cancer,Number,1998,11404388.781119129,12756919.499774598,10361785.581772327
Prevalence,Global,Both,All ages,Breast cancer,Number,1999,11732282.944293171,13072404.261941452,10676968.2345491
Prevalence,Global,Both,All ages,Breast cancer,Number,2000,12039059.239917006,13314741.043061458,10968798.996874098
Prevalence,Global,Both,All ages,Breast cancer,Number,2001,12326586.217085104,13678724.655419389,11262816.126469351
Prevalence,Global,Both,All ages,Breast cancer,Number,2002,12604403.173206093,13950720.088664643,11550364.824358083
Prevalence,Global,Both,All ages,Breast cancer,Number,2003,12926164.014504325,14244958.749680784,11817707.69260709
Prevalence,Global,Both,All ages,Breast cancer,Number,2004,13195785.398221906,14549253.008953772,12048774.930054383
Prevalence,Global,Both,All ages,Breast cancer,Number,2005,13584107.509872112,14899423.772196164,12470769.561604008
Prevalence,Global,Both,All ages,Breast cancer,Number,2006,13949636.6941324,15264514.773661911,12789535.058844874
Prevalence,Global,Both,All ages,Breast cancer,Number,2007,14372303.32958904,15781623.81765788,13086090.646733548
Prevalence,Global,Both,All ages,Breast cancer,Number,2008,14857923.529899543,16339069.248979524,13499515.818716388
Prevalence,Global,Both,All ages,Breast cancer,Number,2009,15210002.409018992,16630634.838815542,13855100.571696602
Prevalence,Global,Both,All ages,Breast cancer,Number,2010,15641552.230431294,17059635.23481459,14310811.851737203
Prevalence,Global,Both,All ages,Breast cancer,Number,2011,15979008.08563094,17485269.299377408,14637668.29264121
Prevalence,Global,Both,All ages,Breast cancer,Number,2012,16348117.774281748,17823664.194379818,14940333.160214685
Prevalence,Global,Both,All ages,Breast cancer,Number,2013,16747560.606957112,18237275.78848596,15333179.151573231
Prevalence,Global,Both,All ages,Breast cancer,Number,2014,17147887.486099783,18720342.23059402,15749615.008826803
Prevalence,Global,Both,All ages,Breast cancer,Number,2015,17683107.189474955,19370856.777594756,16197699.257881094
Prevalence,Global,Both,All ages,Breast cancer,Number,2016,18132738.138601266,19828429.272028327,16572356.494906344
Prevalence,Global,Both,All ages,Breast cancer,Number,2017,18663603.79306436,20393411.094584107,17108857.980000284
Prevalence,Global,Both,All ages,Breast cancer,Number,2018,19100188.64664323,20783363.99375815,17386849.16767048
Prevalence,Global,Both,All ages,Breast cancer,Number,2019,19542391.91928966,21310021.05064004,17763506.853501562
Prevalence,Global,Both,All ages,Breast cancer,Number,2020,19936203.280142102,21825894.671592627,18037314.30651187
Prevalence,Global,Both,All ages,Breast cancer,Number,2021,20527075.967581663,22606557.12437385,18534889.84636953
Prevalence,Global,Both,All ages,Breast cancer,Number,2022,21744841.21496597,24170836.05390338,19637897.82901659
Prevalence,Global,Both,All ages,Breast cancer,Number,2023,22349828.852536336,24806688.02501392,20021085.915651828
Prevalence,Global,Both,All ages,Prostate cancer,Number,1990,3757728.227911552,4504444.304304676,3134054.5482689408
Prevalence,Global,Both,All ages,Prostate cancer,Number,1991,3941604.233278271,4765564.75940755,3252285.813499508
Prevalence,Global,Both,All ages,Prostate cancer,Number,1992,4115260.327772992,4922455.551676716,3387274.142372334
Prevalence,Global,Both,All ages,Prostate cancer,Number,1993,4302746.618150957,5151371.834673891,3512936.083994757
Prevalence,Global,Both,All ages,Prostate cancer,Number,1994,4446761.403708715,5397247.348692168,3645107.681162095
Prevalence,Global,Both,All ages,Prostate cancer,Number,1995,4629772.756182349,5532633.499086739,3846860.0091289273
Prevalence,Global,Both,All ages,Prostate cancer,Number,1996,4845359.936678259,5817145.412218912,4017862.4130439633
Prevalence,Global,Both,All ages,Prostate cancer,Number,1997,5000347.111649045,6005536.793882614,4140236.505459209
Prevalence,Global,Both,All ages,Prostate cancer,Number,1998,5214919.844928677,6187465.347281581,4356806.129155099
Prevalence,Global,Both,All ages,Prostate cancer,Number,1999,5418618.174896904,6470726.362144877,4615776.344026653
Prevalence,Global,Both,All ages,Prostate cancer,Number,2000,5565758.388748121,6569736.498349283,4720628.898871299
Prevalence,Global,Both,All ages,Prostate cancer,Number,2001,5739679.947072879,6729724.905089091,4878207.947617017
Prevalence,Global,Both,All ages,Prostate cancer,Number,2002,5971462.865936871,7053617.452624302,5096715.460596461
Prevalence,Global,Both,All ages,Prostate cancer,Number,2003,6199167.287041073,7285687.806537639,5303043.141988054
Prevalence,Global,Both,All ages,Prostate cancer,Number,2004,6364926.177363974,7456793.634819555,5444448.688216436
Prevalence,Global,Both,All ages,Prostate cancer,Number,2005,6639020.795298807,7783719.6778725395,5694929.113207849
Prevalence,Global,Both,All ages,Prostate cancer,Number,2006,6861525.12017229,8055878.065655311,5837527.916928487
Prevalence,Global,Both,All ages,Prostate cancer,Number,2007,7124409.725366298,8351472.78205416,5939603.3231317215
Prevalence,Global,Both,All ages,Prostate cancer,Number,2008,7374163.797203257,8616228.92337131,6175434.698331435
Prevalence,Global,Both,All ages,Prostate cancer,Number,2009,7516822.355622703,8780817.378024321,6378344.661474257
Prevalence,Global,Both,All ages,Prostate cancer,Number,2010,7766515.60996073,9078642.052592011,6628879.920174692
Prevalence,Global,Both,All ages,Prostate cancer,Number,2011,7878038.607830572,9215998.611134028,6748716.561125284
Prevalence,Global,Both,All ages,Prostate cancer,Number,2012,8041861.434618501,9400195.251745231,6938982.55468368
Prevalence,Global,Both,All ages,Prostate cancer,Number,2013,8225190.205957132,9596254.255261354,7118988.825251559
Prevalence,Global,Both,All ages,Prostate cancer,Number,2014,8398249.385112694,9798711.112490583,7259403.063719411
Prevalence,Global,Both,All ages,Prostate cancer,Number,2015,8685398.555741923,10101351.31225724,7404760.742165413
Prevalence,Global,Both,All ages,Prostate cancer,Number,2016,8934623.932843706,10353273.09780739,7559785.272407662
Prevalence,Global,Both,All ages,Prostate cancer,Number,2017,9193804.74295889,10585408.727519331,7810315.353677249
Prevalence,Global,Both,All ages,Prostate cancer,Number,2018,9453892.140249832,10990093.93558926,7945353.838999092
Prevalence,Global,Both,All ages,Prostate cancer,Number,2019,9736667.69742982,11503855.68753422,8165850.468178153
Prevalence,Global,Both,All ages,Prostate cancer,Number,2020,9925220.408136,11629453.176082116,8425529.719767861
Prevalence,Global,Both,All ages,Prostate cancer,Number,2021,10129204.562418764,11955489.298306052,8584373.267065635
Prevalence,Global,Both,All ages,Prostate cancer,Number,2022,10788839.821255185,12724205.962897751,9045778.60790312
Prevalence,Global,Both,All ages,Prostate cancer,Number,2023,11071413.09523939,12965156.294582045,9400121.020948509
Prevalence,Global,Both,All ages,Lip and oral cavity cancer,Number,2006,906792.1588717136,1083044.9962382873,766516.7953535905
Prevalence,Global,Both,All ages,Lip and oral cavity cancer,Number,2007,945965.0921347352,1131031.850316257,802495.8857578577
Prevalence,Global,Both,All ages,Lip and oral cavity cancer,Number,2008,978759.0983862868,1162160.1217820533,828805.4826956916
Prevalence,Global,Both,All ages,Lip and oral cavity cancer,Number,2009,1007559.3951833764,1200520.012875843,851715.6381690096
Prevalence,Global,Both,All ages,Lip and oral cavity cancer,Number,2010,1048628.574918087,1241824.5350358072,890452.9911171042
Prevalence,Global,Both,All ages,Lip and oral cavity cancer,Number,2011,1077045.7578765226,1272765.6558770807,917934.788134962
Prevalence,Global,Both,All ages,Lip and oral cavity cancer,Number,2012,1106785.4227669088,1306704.6062867194,943697.3921808498
Prevalence,Global,Both,All ages,Lip and oral cavity cancer,Number,2013,1139099.4710169237,1344462.0552007558,969411.9936149472
Prevalence,Global,Both,All ages,Lip and oral cavity cancer,Number,2014,1167600.2007960058,1364035.3600180896,995113.7310104156
Prevalence,Global,Both,All ages,Lip and oral cavity cancer,Number,2015,1208338.7510204231,1419060.560435805,1019454.9583942564
Prevalence,Global,Both,All ages,Lip and oral cavity cancer,Number,2016,1252220.4589888689,1476742.3746427568,1040505.6347975476
Prevalence,Global,Both,All ages,Lip and oral cavity cancer,Number,2017,1288807.830027677,1516497.0687507251,1063472.299921582
Prevalence,Global,Both,All ages,Lip and oral cavity cancer,Number,2018,1320051.1903005575,1554792.1964145869,1083821.5969134648
Prevalence,Global,Both,All ages,Lip and oral cavity cancer,Number,2019,1361249.3332895362,1625639.5175933065,1123874.4803932763
Prevalence,Global,Both,All ages,Lip and oral cavity cancer,Number,2020,1402270.1201842113,1683607.8495277616,1165943.3783203862
Prevalence,Global,Both,All ages,Lip and oral cavity cancer,Number,2021,1454312.8205057995,1764865.3098670116,1205834.5276799644
Prevalence,Global,Both,All ages,Lip and oral cavity cancer,Number,2022,1555591.9563551876,1887147.9134685611,1265868.0482430449
Prevalence,Global,Both,All ages,Lip and oral cavity cancer,Number,2023,1604664.550189596,1943200.3460181344,1300150.0353231332
Prevalence,Global,Both,All ages,Uterine cancer,Number,1990,1370299.2437210237,1609423.6982583778,1123155.2825378072
Prevalence,Global,Both,All ages,Uterine cancer,Number,1991,1400758.0542965478,1655863.1511143222,1147588.0254192415
Prevalence,Global,Both,All ages,Uterine cancer,Number,1992,1431559.600734762,1696905.0916121593,1173880.420468849
Prevalence,Global,Both,All ages,Uterine cancer,Number,1993,1466470.5191864674,1734346.032626859,1202257.810244877
Prevalence,Global,Both,All ages,Uterine cancer,Number,1994,1496213.135150469,1783857.6142678703,1229523.507465397
Prevalence,Global,Both,All ages,Uterine cancer,Number,1995,1533493.330195685,1833374.718684576,1271202.44804964
Prevalence,Global,Both,All ages,Uterine cancer,Number,1996,1597197.7720360383,1901651.3891533976,1333507.0996380912
Prevalence,Global,Both,All ages,Uterine cancer,Number,1997,1648485.3427477437,1966810.9269603924,1397755.1178390696
Prevalence,Global,Both,All ages,Uterine cancer,Number,1998,1705267.6777397578,2026331.2525878528,1436770.092360686
Prevalence,Global,Both,All ages,Uterine cancer,Number,1999,1765568.876195412,2080584.451595841,1494841.912036118
Prevalence,Global,Both,All ages,Uterine cancer,Number,2000,1817871.0890456785,2142515.865261262,1539233.587284543
Prevalence,Global,Both,All ages,Uterine cancer,Number,2001,1873272.5144598684,2198078.085119768,1590805.769434265
Prevalence,Global,Both,All ages,Uterine cancer,Number,2002,1930993.3614712453,2275175.118903121,1650688.4840065003
Prevalence,Global,Both,All ages,Uterine cancer,Number,2003,2026404.4669342735,2375501.388961302,1716097.115630649
Prevalence,Global,Both,All ages,Uterine cancer,Number,2004,2097598.394217553,2437374.3136961097,1766936.155642556
Prevalence,Global,Both,All ages,Uterine cancer,Number,2005,2177420.681907145,2516820.083329469,1825294.2312227348
Prevalence,Global,Both,All ages,Uterine cancer,Number,2006,2261748.4295993885,2633709.8206187384,1886171.3539473747
Prevalence,Global,Both,All ages,Uterine cancer,Number,2007,2353500.880335504,2751565.192006167,1955553.7855360075
Prevalence,Global,Both,All ages,Uterine cancer,Number,2008,2446588.871818802,2870960.020561734,2044481.3829551456
Prevalence,Global,Both,All ages,Uterine cancer,Number,2009,2510196.594370877,2969366.840608683,2110290.799145401
Prevalence,Global,Both,All ages,Uterine cancer,Number,2010,2605499.744789601,3077867.239099871,2222609.382690121
Prevalence,Global,Both,All ages,Uterine cancer,Number,2011,2673515.0226289006,3149588.9143635845,2287562.390520185
Prevalence,Global,Both,All ages,Uterine cancer,Number,2012,2742767.0484347683,3237077.9424685035,2348152.2521967115
Prevalence,Global,Both,All ages,Uterine cancer,Number,2013,2823744.410136621,3314409.1961580277,2416966.080892968
Prevalence,Global,Both,All ages,Uterine cancer,Number,2014,2872678.542576951,3364324.6421780745,2438328.325064589
Prevalence,Global,Both,All ages,Uterine cancer,Number,2015,2986167.284338746,3514097.6556444517,2523858.029367363
Prevalence,Global,Both,All ages,Uterine cancer,Number,2016,3088088.2455769195,3685523.7683570352,2601581.715959631
Prevalence,Global,Both,All ages,Uterine cancer,Number,2017,3191636.7970808963,3806722.148443313,2671045.324466993
Prevalence,Global,Both,All ages,Uterine cancer,Number,2018,3268855.854448839,3863443.068404307,2714717.0199668403
Prevalence,Global,Both,All ages,Uterine cancer,Number,2019,3359515.4087075745,3968302.237629152,2786267.373043379
Prevalence,Global,Both,All ages,Uterine cancer,Number,2020,3443976.9316232232,4049837.8367065815,2868191.366223688
Prevalence,Global,Both,All ages,Uterine cancer,Number,2021,3567020.1555639445,4201074.813757269,3003675.17856024
Prevalence,Global,Both,All ages,Uterine cancer,Number,2022,3777139.0795536777,4475997.065078756,3195032.4516159776
Prevalence,Global,Both,All ages,Uterine cancer,Number,2023,3865809.924357125,4651074.13600156,3277363.4352285205
Prevalence,Global,Both,All ages,Lip and oral cavity cancer,Number,1990,597407.010076717,718292.076170585,499906.0536914733
Prevalence,Global,Both,All ages,Lip and oral cavity cancer,Number,1991,616435.0683033627,737490.0238120892,522986.9258090573
Prevalence,Global,Both,All ages,Lip and oral cavity cancer,Number,1992,630025.3867246085,755624.0229614887,533682.5417603868
Prevalence,Global,Both,All ages,Lip and oral cavity cancer,Number,1993,646645.8321421704,778653.5771548051,551621.2274040658
Prevalence,Global,Both,All ages,Lip and oral cavity cancer,Number,1994,656889.3647916514,785068.2799846149,556154.6714551435
Prevalence,Global,Both,All ages,Lip and oral cavity cancer,Number,1995,673236.1612411508,794443.0496776944,565108.430545275
Prevalence,Global,Both,All ages,Lip and oral cavity cancer,Number,1996,694072.4428323228,821240.7755753334,583068.8246370748
Prevalence,Global,Both,All ages,Lip and oral cavity cancer,Number,1997,712146.2594402963,841372.0715221975,596481.0012023041
Prevalence,Global,Both,All ages,Lip and oral cavity cancer,Number,1998,732249.5629061499,862793.4280358021,608610.0334956463
Prevalence,Global,Both,All ages,Lip and oral cavity cancer,Number,1999,754663.7817041237,888679.485491827,626540.0139573526
Prevalence,Global,Both,All ages,Lip and oral cavity cancer,Number,2000,775408.396237671,911507.3304091718,649603.6626870206
Prevalence,Global,Both,All ages,Lip and oral cavity cancer,Number,2001,798472.7861700025,942592.4582998912,667409.6958235783
Prevalence,Global,Both,All ages,Lip and oral cavity cancer,Number,2002,819603.2318307237,964245.9445479593,689182.1135245323
Prevalence,Global,Both,All ages,Lip and oral cavity cancer,Number,2003,837248.3987126764,977451.3586123408,705690.1552571306
Prevalence,Global,Both,All ages,Lip and oral cavity cancer,Number,2004,850653.3105639712,1001661.9416882732,714625.3326092062
Prevalence,Global,Both,All ages,Lip and oral cavity cancer,Number,2005,878862.6080083713,1051112.499215142,740382.8241843851
Prevalence,Global,Both,All ages,Gallbladder and biliary tract cancer,Number,1990,135740.8093297501,151053.56473249945,122178.4763377176
Prevalence,Global,Both,All ages,Gallbladder and biliary tract cancer,Number,1991,139944.1000833386,156411.5095812577,126013.06630877854
Prevalence,Global,Both,All ages,Gallbladder and biliary tract cancer,Number,1992,143113.76243012465,160032.69890404615,128166.6120591058
Prevalence,Global,Both,All ages,Gallbladder and biliary tract cancer,Number,1993,146455.5399249645,163581.65330235168,131036.69860755226
Prevalence,Global,Both,All ages,Gallbladder and biliary tract cancer,Number,1994,149175.55324555386,167288.46255068932,133658.15058369667
Prevalence,Global,Both,All ages,Gallbladder and biliary tract cancer,Number,1995,152115.83322184376,169781.34821883685,135190.99219651398
Prevalence,Global,Both,All ages,Gallbladder and biliary tract cancer,Number,1996,155281.10089228814,173653.3316925554,137425.13586451882
Prevalence,Global,Both,All ages,Gallbladder and biliary tract cancer,Number,1997,159140.80685489514,179652.4804224851,139552.70043772832
Prevalence,Global,Both,All ages,Gallbladder and biliary tract cancer,Number,1998,163424.92143323168,185097.33798532607,143688.05236402218
Prevalence,Global,Both,All ages,Gallbladder and biliary tract cancer,Number,1999,170237.26517201963,191469.525974952,150491.8370357515
Prevalence,Global,Both,All ages,Gallbladder and biliary tract cancer,Number,2000,172356.54573526082,193091.91363786932,152349.68682955005
Prevalence,Global,Both,All ages,Gallbladder and biliary tract cancer,Number,2001,174820.24233546306,194748.11627402596,155695.14641824446
Prevalence,Global,Both,All ages,Gallbladder and biliary tract cancer,Number,2002,178159.3763866124,198291.4456229868,159030.5114754255
Prevalence,Global,Both,All ages,Gallbladder and biliary tract cancer,Number,2003,182588.649862486,203893.0232248859,161885.3375401587
Prevalence,Global,Both,All ages,Gallbladder and biliary tract cancer,Number,2004,186382.51672941243,208840.3325010317,164774.07260926563
Prevalence,Global,Both,All ages,Gallbladder and biliary tract cancer,Number,2005,193475.2008644477,216962.21748262213,170652.33491540782
Prevalence,Global,Both,All ages,Gallbladder and biliary tract cancer,Number,2006,199016.0229022735,225164.13895536476,175571.78958220137
Prevalence,Global,Both,All ages,Gallbladder and biliary tract cancer,Number,2007,206937.30421753303,233948.39874889137,178792.04068363723
Prevalence,Global,Both,All ages,Gallbladder and biliary tract cancer,Number,2008,212509.834706908,243243.84818755728,184182.7560762922
Prevalence,Global,Both,All ages,Gallbladder and biliary tract cancer,Number,2009,216765.8060485652,251755.60879951145,189771.67118734063
Prevalence,Global,Both,All ages,Gallbladder and biliary tract cancer,Number,2010,224152.5773652156,258734.51405389185,196516.23371724735
Prevalence,Global,Both,All ages,Gallbladder and biliary tract cancer,Number,2011,229047.7342847184,264226.1317384647,198605.5124877304
Prevalence,Global,Both,All ages,Gallbladder and biliary tract cancer,Number,2012,235441.97223019,276157.64348534564,204553.7702232378
Prevalence,Global,Both,All ages,Gallbladder and biliary tract cancer,Number,2013,241073.28396123755,283038.1205289286,210919.2135644079
Prevalence,Global,Both,All ages,Gallbladder and biliary tract cancer,Number,2014,247405.38833988097,292050.3431432927,215186.4993111484
Prevalence,Global,Both,All ages,Gallbladder and biliary tract cancer,Number,2015,255020.5620004428,299938.4257598999,221052.01558287497
Prevalence,Global,Both,All ages,Gallbladder and biliary tract cancer,Number,2016,263395.58025755925,310354.7385209696,227232.1681265314
Prevalence,Global,Both,All ages,Gallbladder and biliary tract cancer,Number,2017,272700.0126195786,324341.494388624,235871.24415664712
Prevalence,Global,Both,All ages,Gallbladder and biliary tract cancer,Number,2018,278079.8991267021,330514.7407162072,239814.53882094816
Prevalence,Global,Both,All ages,Gallbladder and biliary tract cancer,Number,2019,282892.9941925745,335793.7605598226,239846.4119007315
Prevalence,Global,Both,All ages,Gallbladder and biliary tract cancer,Number,2020,288275.0575250969,340524.5376315557,245844.84704391132
Prevalence,Global,Both,All ages,Gallbladder and biliary tract cancer,Number,2021,298666.733969692,349208.295940303,257851.3097805628
Prevalence,Global,Both,All ages,Gallbladder and biliary tract cancer,Number,2022,316663.23187529267,375317.99865021737,269673.28959870903
Prevalence,Global,Both,All ages,Gallbladder and biliary tract cancer,Number,2023,325186.37960661645,382535.6715031223,272816.14299966954
Prevalence,Global,Both,All ages,Malignant skin melanoma,Number,1990,910113.6255400184,1168818.2478415065,683495.7880005925
Prevalence,Global,Both,All ages,Malignant skin melanoma,Number,1991,946627.4903536466,1223146.6870318137,707417.136820295
Prevalence,Global,Both,All ages,Malignant skin melanoma,Number,1992,993695.2884835936,1304757.215668396,734096.6682375359
Prevalence,Global,Both,All ages,Malignant skin melanoma,Number,1993,1047815.0826284472,1380118.7723075417,776218.3390755606
Prevalence,Global,Both,All ages,Malignant skin melanoma,Number,1994,1099629.2522000852,1432299.6892626132,825878.6599869234
Prevalence,Global,Both,All ages,Malignant skin melanoma,Number,1995,1169408.62419052,1491303.888507051,881247.0587277754
Prevalence,Global,Both,All ages,Malignant skin melanoma,Number,1996,1229454.861717452,1589920.0132876132,935908.0048575456
Prevalence,Global,Both,All ages,Malignant skin melanoma,Number,1997,1275943.8583042985,1639394.46627553,970921.8401029584
Prevalence,Global,Both,All ages,Malignant skin melanoma,Number,1998,1334409.0694551312,1677596.1451220063,1025543.858854238
Prevalence,Global,Both,All ages,Malignant skin melanoma,Number,1999,1390873.292825892,1782040.5226286107,1078577.0659157704
Prevalence,Global,Both,All ages,Malignant skin melanoma,Number,2000,1453935.9494444297,1879905.6837081625,1143055.9793347288
Prevalence,Global,Both,All ages,Malignant skin melanoma,Number,2001,1504359.0586841633,1913404.3234197148,1187482.2542407082
Prevalence,Global,Both,All ages,Malignant skin melanoma,Number,2002,1540921.578112662,1954533.170683176,1211118.0386653943
Prevalence,Global,Both,All ages,Malignant skin melanoma,Number,2003,1610884.7045189473,2020759.5138115813,1259700.0747236025
Prevalence,Global,Both,All ages,Malignant skin melanoma,Number,2004,1670195.959093677,2098139.1629363606,1320322.631181535
Prevalence,Global,Both,All ages,Malignant skin melanoma,Number,2005,1769339.1338100045,2182298.396119624,1402588.617993025
Prevalence,Global,Both,All ages,Malignant skin melanoma,Number,2006,1830135.491713468,2242789.079570306,1415266.8541317547
Prevalence,Global,Both,All ages,Malignant skin melanoma,Number,2007,1904814.9179965355,2353385.3513607546,1473726.2263114487
Prevalence,Global,Both,All ages,Malignant skin melanoma,Number,2008,1985316.129605496,2468251.9991745963,1541904.6974648633
Prevalence,Global,Both,All ages,Malignant skin melanoma,Number,2009,2060333.8875782676,2545239.243031724,1602076.012078833
Prevalence,Global,Both,All ages,Malignant skin melanoma,Number,2010,2118310.95341839,2640581.4900603816,1678797.911505516
Prevalence,Global,Both,All ages,Malignant skin melanoma,Number,2011,2139501.198446747,2695680.448457183,1689214.290582323
Prevalence,Global,Both,All ages,Malignant skin melanoma,Number,2012,2169780.35497312,2752503.3067879397,1717427.122322554
Prevalence,Global,Both,All ages,Malignant skin melanoma,Number,2013,2219764.686655625,2793945.2255662773,1753835.045253995
Prevalence,Global,Both,All ages,Malignant skin melanoma,Number,2014,2229044.7806480294,2811165.346689188,1772580.406341841
Prevalence,Global,Both,All ages,Malignant skin melanoma,Number,2015,2216592.6458990406,2800444.1220066524,1749852.2508383542
Prevalence,Global,Both,All ages,Malignant skin melanoma,Number,2016,2158188.8362645702,2716129.344873405,1658661.1400523824
Prevalence,Global,Both,All ages,Malignant skin melanoma,Number,2017,2159265.942990429,2752474.3688564226,1645762.8049816072
Prevalence,Global,Both,All ages,Malignant skin melanoma,Number,2018,2170258.798399012,2716794.1383702336,1634258.4389768415
Prevalence,Global,Both,All ages,Malignant skin melanoma,Number,2019,2194613.6074699475,2716473.4841436576,1666577.0127468193
Prevalence,Global,Both,All ages,Malignant skin melanoma,Number,2020,2213580.278737073,2741004.384555531,1703080.2903928966
Prevalence,Global,Both,All ages,Malignant skin melanoma,Number,2021,2237721.45244914,2792964.787940425,1715184.739605983
Prevalence,Global,Both,All ages,Malignant skin melanoma,Number,2022,2355359.986132302,2983128.866825713,1796167.8862762663
Prevalence,Global,Both,All ages,Malignant skin melanoma,Number,2023,2388995.3322196524,3045918.7073095683,1787638.0450838548
Prevalence,Global,Both,All ages,Other pharynx cancer,Number,1990,91211.01166749398,109353.93392636448,77173.54838251919
Prevalence,Global,Both,All ages,Other pharynx cancer,Number,1991,94799.85899662157,112750.19338443244,80127.4635142591
Prevalence,Global,Both,All ages,Other pharynx cancer,Number,1992,97940.1615359526,116147.14015437926,82145.24745730261
Prevalence,Global,Both,All ages,Other pharynx cancer,Number,1993,101953.04018456156,120929.95235483596,85451.90038442488
Prevalence,Global,Both,All ages,Other pharynx cancer,Number,1994,105654.93165566772,124975.04606415132,88778.82292953273
Prevalence,Global,Both,All ages,Other pharynx cancer,Number,1995,110340.56346392458,130353.35727225416,92171.73376617578
Prevalence,Global,Both,All ages,Other pharynx cancer,Number,1996,115714.94391339352,136539.1574718254,96854.4917811976
Prevalence,Global,Both,All ages,Other pharynx cancer,Number,1997,121382.85598237909,144809.3836333983,100908.55431400756
Prevalence,Global,Both,All ages,Other pharynx cancer,Number,1998,127564.43987181794,153624.00245124864,106107.33390416496
Prevalence,Global,Both,All ages,Other pharynx cancer,Number,1999,132501.45973969676,159363.7298570466,111092.0177983896
Prevalence,Global,Both,All ages,Other pharynx cancer,Number,2000,135585.39215841872,162073.90916365883,114576.85692923024
Prevalence,Global,Both,All ages,Other pharynx cancer,Number,2001,141099.95764344424,168592.60281924254,119702.51912516318
Prevalence,Global,Both,All ages,Other pharynx cancer,Number,2002,147465.3076560359,174705.63228784973,125123.4861866232
Prevalence,Global,Both,All ages,Other pharynx cancer,Number,2003,153316.33060343354,181729.46081617344,130123.55839808256
Prevalence,Global,Both,All ages,Other pharynx cancer,Number,2004,158153.73044294264,185764.63518997605,133624.3758891042
Prevalence,Global,Both,All ages,Other pharynx cancer,Number,2005,167051.10323007326,195331.2024608723,142200.8269490907
Prevalence,Global,Both,All ages,Other pharynx cancer,Number,2006,174303.84396162684,204633.00988869625,147022.4022295198
Prevalence,Global,Both,All ages,Other pharynx cancer,Number,2007,184477.6291420365,216006.30057986305,155542.25181740132
Prevalence,Global,Both,All ages,Other pharynx cancer,Number,2008,193792.45196068744,227091.15903500485,163368.49803518038
Prevalence,Global,Both,All ages,Other pharynx cancer,Number,2009,201311.4775335028,234742.6605985657,169024.17185374617
Prevalence,Global,Both,All ages,Other pharynx cancer,Number,2010,213254.7154707849,248961.1996903881,181585.1058335705
Prevalence,Global,Both,All ages,Other pharynx cancer,Number,2011,221902.1709143341,258934.5888091004,188514.926581512
Prevalence,Global,Both,All ages,Other pharynx cancer,Number,2012,229885.66361810005,269597.8284818646,193141.39101211363
Prevalence,Global,Both,All ages,Other pharynx cancer,Number,2013,237144.999837796,278100.6764093858,197850.45633697105
Prevalence,Global,Both,All ages,Other pharynx cancer,Number,2014,243691.21836489587,285494.5905807797,203377.6415390219
Prevalence,Global,Both,All ages,Other pharynx cancer,Number,2015,253092.51252915768,296933.82589361235,212192.8994646281
Prevalence,Global,Both,All ages,Other pharynx cancer,Number,2016,264153.5802448995,310922.9899092668,215713.2139894837
Prevalence,Global,Both,All ages,Other pharynx cancer,Number,2017,271246.7975941692,317799.7478378281,220196.0483230257
Prevalence,Global,Both,All ages,Other pharynx cancer,Number,2018,278724.4066953655,326158.7834949086,227106.4174530632
Prevalence,Global,Both,All ages,Other pharynx cancer,Number,2019,285832.6889440467,336557.62602824986,234262.51542971676
Prevalence,Global,Both,All ages,Other pharynx cancer,Number,2020,295227.54525566887,350718.58024202107,243515.4345187785
Prevalence,Global,Both,All ages,Other pharynx cancer,Number,2021,307051.04456566536,365280.7361096846,251673.5199837392
Prevalence,Global,Both,All ages,Other pharynx cancer,Number,2022,326657.1183602789,385500.8548883968,267435.0417489122
Prevalence,Global,Both,All ages,Other pharynx cancer,Number,2023,337343.2462715155,395948.7541265895,276059.0943051412
Prevalence,Global,Both,All ages,Testicular cancer,Number,1990,294036.6893576619,414444.3171988881,203445.89297771297
Prevalence,Global,Both,All ages,Testicular cancer,Number,1991,299180.51799800096,427312.6094018223,204163.14439837035
Prevalence,Global,Both,All ages,Testicular cancer,Number,1992,302948.7715583036,429503.8741892638,206466.65925026016
Prevalence,Global,Both,All ages,Testicular cancer,Number,1993,307710.04208617663,441510.3362489888,208455.78927811075
Prevalence,Global,Both,All ages,Testicular cancer,Number,1994,316887.74092749495,446254.4516168365,212419.08589790424
Prevalence,Global,Both,All ages,Testicular cancer,Number,1995,336766.80397260614,468929.6416989395,224139.8957265674
Prevalence,Global,Both,All ages,Testicular cancer,Number,1996,359153.51754833834,516334.3373043983,241804.4634133231
Prevalence,Global,Both,All ages,Testicular cancer,Number,1997,365165.5282799303,517884.9770809236,247883.09470907823
Prevalence,Global,Both,All ages,Testicular cancer,Number,1998,383139.07398781454,546541.1022631236,264190.7718243862
Prevalence,Global,Both,All ages,Testicular cancer,Number,1999,404762.6031557898,581405.3370437473,278946.75740858563
Prevalence,Global,Both,All ages,Testicular cancer,Number,2000,417412.8630650844,604597.777574059,292029.9142185285
Prevalence,Global,Both,All ages,Testicular cancer,Number,2001,420307.4485122497,613386.0934588278,292625.67516426323
Prevalence,Global,Both,All ages,Testicular cancer,Number,2002,438962.0512818767,642426.6315049094,301139.49489861063
Prevalence,Global,Both,All ages,Testicular cancer,Number,2003,446796.514818186,640255.6109205508,309370.4582125627
Prevalence,Global,Both,All ages,Testicular cancer,Number,2004,461993.0507471473,649579.917352594,323564.2783014396
Prevalence,Global,Both,All ages,Testicular cancer,Number,2005,473704.8159984214,647700.24599957,336007.79239856533
Prevalence,Global,Both,All ages,Testicular cancer,Number,2006,489040.4981616051,667915.1143255015,345365.4249444534
Prevalence,Global,Both,All ages,Testicular cancer,Number,2007,506244.9508052616,695837.9025762242,356762.5331594955
Prevalence,Global,Both,All ages,Testicular cancer,Number,2008,515342.0545672832,705620.053087611,364895.64390914026
Prevalence,Global,Both,All ages,Testicular cancer,Number,2009,534535.1630025263,744500.7809099054,379848.4628618223
Prevalence,Global,Both,All ages,Testicular cancer,Number,2010,549376.9741488089,763364.2380436582,390448.7758404553
Prevalence,Global,Both,All ages,Testicular cancer,Number,2011,551147.5413649927,766796.927329399,385850.82665597793
Prevalence,Global,Both,All ages,Testicular cancer,Number,2012,561146.1512312248,772441.20583888,389834.0041284504
Prevalence,Global,Both,All ages,Testicular cancer,Number,2013,571858.2563614078,782601.2707931893,393781.76096242655
Prevalence,Global,Both,All ages,Testicular cancer,Number,2014,583191.4208688382,809944.7526477368,402333.08084107714
Prevalence,Global,Both,All ages,Testicular cancer,Number,2015,592713.3575664718,822144.7906108015,400475.7716425693
Prevalence,Global,Both,All ages,Testicular cancer,Number,2016,604018.4718065539,829982.9652261755,413936.5197149448
Prevalence,Global,Both,All ages,Testicular cancer,Number,2017,623659.750042265,862259.0499688056,434555.6978042652
Prevalence,Global,Both,All ages,Testicular cancer,Number,2018,644593.931990726,881721.3567301575,443471.6000404898
Prevalence,Global,Both,All ages,Testicular cancer,Number,2019,661944.0225439306,895531.8104710428,456123.5735332668
Prevalence,Global,Both,All ages,Testicular cancer,Number,2020,683482.0217784992,930667.5812909696,475402.27560983086
Prevalence,Global,Both,All ages,Testicular cancer,Number,2021,713550.2190752883,961153.2860805524,495982.7219766955
Prevalence,Global,Both,All ages,Testicular cancer,Number,2022,755782.2034642535,1011785.5036842774,533983.6020462634
Prevalence,Global,Both,All ages,Testicular cancer,Number,2023,750365.7475880885,1017682.7757708807,526821.4475335976
Prevalence,Global,Both,All ages,Ovarian cancer,Number,1990,640428.4564649201,741950.3689991588,560565.6631498534
Prevalence,Global,Both,All ages,Ovarian cancer,Number,1991,659786.6104000267,764979.4481865809,578835.8981971216
Prevalence,Global,Both,All ages,Ovarian cancer,Number,1992,675439.5471559612,776958.4103719778,589312.0910532478
Prevalence,Global,Both,All ages,Ovarian cancer,Number,1993,695072.1270648378,799343.3947888846,605905.8645310288
Prevalence,Global,Both,All ages,Ovarian cancer,Number,1994,713089.7736370725,818806.6166711724,619337.7285662967
Prevalence,Global,Both,All ages,Ovarian cancer,Number,1995,732935.1017652757,838267.322771013,635917.2333315194
Prevalence,Global,Both,All ages,Ovarian cancer,Number,1996,751978.1255704486,871754.772674094,652842.7085566139
Prevalence,Global,Both,All ages,Ovarian cancer,Number,1997,768159.1138380115,889601.9479802833,669277.3373657877
Prevalence,Global,Both,All ages,Ovarian cancer,Number,1998,781784.3405472592,906717.9975065317,683014.6202400837
Prevalence,Global,Both,All ages,Ovarian cancer,Number,1999,797962.4705242751,917988.5110811652,695696.0725157682
Prevalence,Global,Both,All ages,Ovarian cancer,Number,2000,818818.9016744089,947984.7960203612,712482.5760718898
Prevalence,Global,Both,All ages,Ovarian cancer,Number,2001,838112.5758551891,968697.0830872745,726885.0523393932
Prevalence,Global,Both,All ages,Ovarian cancer,Number,2002,856833.0462450371,983227.6593933778,750701.4596930749
Prevalence,Global,Both,All ages,Ovarian cancer,Number,2003,867789.1989085393,994745.2084738752,761506.3062101046
Prevalence,Global,Both,All ages,Ovarian cancer,Number,2004,876456.9224996659,1005953.8076687668,768201.66765018
Prevalence,Global,Both,All ages,Ovarian cancer,Number,2005,894187.587036952,1031459.7886916234,776815.4228324764
Prevalence,Global,Both,All ages,Ovarian cancer,Number,2006,908507.58653848,1055489.4234973288,786991.1785400951
Prevalence,Global,Both,All ages,Ovarian cancer,Number,2007,924766.3511779744,1073697.4355702684,795282.7269887201
Prevalence,Global,Both,All ages,Ovarian cancer,Number,2008,945238.0901854458,1095621.7955683754,824409.5347607572
Prevalence,Global,Both,All ages,Ovarian cancer,Number,2009,961535.280045923,1113466.9736901445,843243.7828355485
Prevalence,Global,Both,All ages,Ovarian cancer,Number,2010,982463.01040173,1141251.977909227,856908.3446498385
Prevalence,Global,Both,All ages,Ovarian cancer,Number,2011,994963.1642044114,1167430.5194370144,869858.7510616583
Prevalence,Global,Both,All ages,Ovarian cancer,Number,2012,1008644.0483595252,1193986.233771088,869507.463942867
Prevalence,Global,Both,All ages,Ovarian cancer,Number,2013,1026913.4635502294,1223901.417360958,880725.4223336162
Prevalence,Global,Both,All ages,Ovarian cancer,Number,2014,1052319.4302482929,1254208.3636201608,900129.8055639582
Prevalence,Global,Both,All ages,Ovarian cancer,Number,2015,1081885.043315149,1276808.4867985798,924896.7462162634
Prevalence,Global,Both,All ages,Ovarian cancer,Number,2016,1112251.981508037,1326575.2943850406,962640.5436667168
Prevalence,Global,Both,All ages,Ovarian cancer,Number,2017,1143788.6659145814,1362214.636850696,996566.1644222534
Prevalence,Global,Both,All ages,Ovarian cancer,Number,2018,1169782.9141052584,1381525.5195755549,1016049.0618703248
Prevalence,Global,Both,All ages,Ovarian cancer,Number,2019,1199663.989232476,1412117.8736034927,1027343.7714856812
Prevalence,Global,Both,All ages,Ovarian cancer,Number,2020,1223364.5022682962,1459096.9163970998,1053556.116841651
Prevalence,Global,Both,All ages,Ovarian cancer,Number,2021,1262772.1909328655,1501124.514963034,1080614.1938711824
Prevalence,Global,Both,All ages,Ovarian cancer,Number,2022,1349205.7774445545,1637670.66652352,1141940.658938354
Prevalence,Global,Both,All ages,Ovarian cancer,Number,2023,1394835.851338917,1694026.5688495776,1160293.8923705274
Prevalence,Global,Both,All ages,Mesothelioma,Number,1990,21810.59056545628,25741.00631405333,18612.397701425554
Prevalence,Global,Both,All ages,Mesothelioma,Number,1991,22433.044127208566,26800.10233590152,19005.900137877503
Prevalence,Global,Both,All ages,Mesothelioma,Number,1992,22843.630568543547,27747.000417547108,19411.687073269663
Prevalence,Global,Both,All ages,Mesothelioma,Number,1993,24103.657383012407,29085.02768355565,20492.56479634172
Prevalence,Global,Both,All ages,Mesothelioma,Number,1994,24187.140320072936,29074.04636351468,20660.16964863757
Prevalence,Global,Both,All ages,Mesothelioma,Number,1995,25372.88356431525,31002.583092905283,21244.561412904462
Prevalence,Global,Both,All ages,Mesothelioma,Number,1996,25461.314091612865,30524.33609809977,21471.329723811228
Prevalence,Global,Both,All ages,Mesothelioma,Number,1997,25594.14146308687,30212.75883744866,21602.955400801988
Prevalence,Global,Both,All ages,Mesothelioma,Number,1998,26082.852756145818,30441.849714045773,22129.827862174585
Prevalence,Global,Both,All ages,Mesothelioma,Number,1999,26793.480701112898,31491.04083652413,22844.01144609871
Prevalence,Global,Both,All ages,Mesothelioma,Number,2000,26960.97721529802,31863.10046392967,23168.769159365227
Prevalence,Global,Both,All ages,Mesothelioma,Number,2001,27363.86739261696,32175.44035546871,23572.193693990943
Prevalence,Global,Both,All ages,Mesothelioma,Number,2002,28021.18801246656,32489.33097905566,24365.726899520887
Prevalence,Global,Both,All ages,Mesothelioma,Number,2003,28907.30233942083,33025.95594982097,25051.91244300288
Prevalence,Global,Both,All ages,Mesothelioma,Number,2004,29034.20901625366,33217.728858062386,25260.508979707756
Prevalence,Global,Both,All ages,Mesothelioma,Number,2005,30077.636505373863,35074.89202277954,25983.71582250722
Prevalence,Global,Both,All ages,Mesothelioma,Number,2006,31195.36187759697,36516.58386655408,26981.180896867663
Prevalence,Global,Both,All ages,Mesothelioma,Number,2007,32233.30911515771,37451.889451828494,27781.11848848075
Prevalence,Global,Both,All ages,Mesothelioma,Number,2008,33856.6932834134,39483.81132495216,29286.094488386083
Prevalence,Global,Both,All ages,Mesothelioma,Number,2009,34818.34327114438,41056.13394982523,30216.25356483889
Prevalence,Global,Both,All ages,Mesothelioma,Number,2010,35680.6740139121,42369.44617637501,30834.889849701158
Prevalence,Global,Both,All ages,Mesothelioma,Number,2011,37088.56934240495,43886.05427984187,32222.644672254297
Prevalence,Global,Both,All ages,Mesothelioma,Number,2012,38408.898973363,45586.882239417086,33468.18767022535
Prevalence,Global,Both,All ages,Mesothelioma,Number,2013,39108.425786786735,46508.9102434855,34101.35318981392
Prevalence,Global,Both,All ages,Mesothelioma,Number,2014,39469.15665235523,46683.33464478812,33851.72800052408
Prevalence,Global,Both,All ages,Mesothelioma,Number,2015,40058.3167255494,47844.896112924005,34052.41037038194
Prevalence,Global,Both,All ages,Mesothelioma,Number,2016,40449.2386261836,48241.32564627222,34197.934746171646
Prevalence,Global,Both,All ages,Mesothelioma,Number,2017,40730.09404818676,48410.4681382674,34565.736674256994
Prevalence,Global,Both,All ages,Mesothelioma,Number,2018,40583.61831389163,47956.10614139081,34220.89608667461
Prevalence,Global,Both,All ages,Mesothelioma,Number,2019,40454.69133877912,47383.53258911827,33761.25948068017
Prevalence,Global,Both,All ages,Mesothelioma,Number,2020,40527.73799771362,47284.96201290965,33959.06642927739
Prevalence,Global,Both,All ages,Mesothelioma,Number,2021,39990.22523403285,46309.608521562586,33795.83831699872
Prevalence,Global,Both,All ages,Mesothelioma,Number,2022,41707.0408623715,48260.30468846641,35033.04731770971
Prevalence,Global,Both,All ages,Mesothelioma,Number,2023,42644.48362902004,49212.0627696163,35925.02765109263
Prevalence,Global,Both,All ages,Bladder cancer,Number,1990,1458315.656895893,1729957.041434527,1224265.7569074847
Prevalence,Global,Both,All ages,Bladder cancer,Number,1991,1508013.108604119,1786221.241852629,1270198.1841904717
Prevalence,Global,Both,All ages,Bladder cancer,Number,1992,1551341.109948797,1832424.7160097137,1297262.9420047908
Prevalence,Global,Both,All ages,Bladder cancer,Number,1993,1602026.1113406497,1898725.710207824,1331147.7497458977
Prevalence,Global,Both,All ages,Bladder cancer,Number,1994,1641491.9781602088,1952849.972112564,1369076.277051171
Prevalence,Global,Both,All ages,Bladder cancer,Number,1995,1685743.0894713306,1988219.177761305,1404024.9064135589
Prevalence,Global,Both,All ages,Bladder cancer,Number,1996,1734268.7242811995,2061809.4577853277,1445497.4706317014
Prevalence,Global,Both,All ages,Bladder cancer,Number,1997,1775372.3383566695,2099545.830854593,1478633.575882167
Prevalence,Global,Both,All ages,Bladder cancer,Number,1998,1821452.5455038503,2151386.983416164,1535098.7948228796
Prevalence,Global,Both,All ages,Bladder cancer,Number,1999,1880453.03269058,2197710.7563524763,1595575.0685698856
Prevalence,Global,Both,All ages,Bladder cancer,Number,2000,1912522.0352877856,2235280.1041042954,1614135.1781406442
Prevalence,Global,Both,All ages,Bladder cancer,Number,2001,1949167.5546667008,2299266.9044893733,1655180.7240429274
Prevalence,Global,Both,All ages,Bladder cancer,Number,2002,1992081.279088575,2337782.4194242666,1709929.2402494214
Prevalence,Global,Both,All ages,Bladder cancer,Number,2003,2036482.2149104015,2376485.263468344,1746264.9491137192
Prevalence,Global,Both,All ages,Bladder cancer,Number,2004,2061021.7766267369,2380974.090307858,1766552.8770931996
Prevalence,Global,Both,All ages,Bladder cancer,Number,2005,2124076.195060309,2429703.3447663654,1814742.8736395189
Prevalence,Global,Both,All ages,Bladder cancer,Number,2006,2172755.861877875,2497947.057357448,1853009.343578458
Prevalence,Global,Both,All ages,Bladder cancer,Number,2007,2237254.4425048945,2574705.3090892346,1896496.5672315937
Prevalence,Global,Both,All ages,Bladder cancer,Number,2008,2295940.7033040724,2624538.424063717,1949361.7009758565
Prevalence,Global,Both,All ages,Bladder cancer,Number,2009,2326327.9437049874,2672389.5790250343,1993740.18889064
Prevalence,Global,Both,All ages,Bladder cancer,Number,2010,2388149.657450384,2742379.004367854,2044707.7347541656
Prevalence,Global,Both,All ages,Bladder cancer,Number,2011,2438889.594891518,2788357.741557903,2101296.8616594714
Prevalence,Global,Both,All ages,Bladder cancer,Number,2012,2494749.741985667,2871246.331170016,2158149.1232122565
Prevalence,Global,Both,All ages,Bladder cancer,Number,2013,2534025.803984077,2931814.912457016,2196698.031197826
Prevalence,Global,Both,All ages,Bladder cancer,Number,2014,2577510.8518866864,2970062.700297056,2221666.636807837
Prevalence,Global,Both,All ages,Bladder cancer,Number,2015,2662679.5555294524,3071516.094795095,2291078.856516082
Prevalence,Global,Both,All ages,Bladder cancer,Number,2016,2730800.91129802,3149297.527098586,2337323.912776083
Prevalence,Global,Both,All ages,Bladder cancer,Number,2017,2794636.2621614314,3215372.175882425,2385536.9864487527
Prevalence,Global,Both,All ages,Bladder cancer,Number,2018,2823963.35134068,3236635.895282246,2435014.4023520574
Prevalence,Global,Both,All ages,Bladder cancer,Number,2019,2864684.59714044,3293346.543713563,2466708.0859908387
Prevalence,Global,Both,All ages,Bladder cancer,Number,2020,2893209.7717259666,3338765.733286507,2493534.603639445
Prevalence,Global,Both,All ages,Bladder cancer,Number,2021,2972383.1235294878,3421629.8210160546,2557487.635561584
Prevalence,Global,Both,All ages,Bladder cancer,Number,2022,3175374.9700713838,3691410.46161038,2723740.2615382406
Prevalence,Global,Both,All ages,Bladder cancer,Number,2023,3227726.263597737,3763594.2326517375,2734504.918395304
Prevalence,Global,Both,All ages,Other malignant neoplasms,Number,1990,903886.1705844002,1128938.5384903902,735208.0920964988
Prevalence,Global,Both,All ages,Other malignant neoplasms,Number,1991,931309.3928304276,1174247.1509695684,750443.5518392147
Prevalence,Global,Both,All ages,Other malignant neoplasms,Number,1992,952290.077272598,1191411.668995012,769513.2529835724
Prevalence,Global,Both,All ages,Other malignant neoplasms,Number,1993,968590.4923857437,1199371.067864075,782123.7689171401
Prevalence,Global,Both,All ages,Other malignant neoplasms,Number,1994,988757.4006352804,1233197.130512074,799209.9481936564
Prevalence,Global,Both,All ages,Other malignant neoplasms,Number,1995,1021949.9495049532,1301116.8059624175,828931.5793635693
Prevalence,Global,Both,All ages,Other malignant neoplasms,Number,1996,1048405.714694256,1313139.582532616,852403.9292052872
Prevalence,Global,Both,All ages,Other malignant neoplasms,Number,1997,1068178.4375959588,1332446.1873498752,864501.834671664
Prevalence,Global,Both,All ages,Other malignant neoplasms,Number,1998,1082231.222976452,1355823.288201976,874352.037359641
Prevalence,Global,Both,All ages,Other malignant neoplasms,Number,1999,1095151.9089503563,1365253.9080403978,888003.0591219355
Prevalence,Global,Both,All ages,Other malignant neoplasms,Number,2000,1086097.7031366082,1359750.7360124893,877992.2567221797
Prevalence,Global,Both,All ages,Other malignant neoplasms,Number,2001,1087384.192432309,1358106.4272757196,877020.7528044032
Prevalence,Global,Both,All ages,Other malignant neoplasms,Number,2002,1083023.7323953728,1342534.5270097726,873162.7727670206
Prevalence,Global,Both,All ages,Other malignant neoplasms,Number,2003,1072104.212027477,1324858.5957170718,870046.9642577809
Prevalence,Global,Both,All ages,Other malignant neoplasms,Number,2004,1088040.0791970948,1326967.3778156338,884458.4684932538
Prevalence,Global,Both,All ages,Other malignant neoplasms,Number,2005,1126058.5522550647,1362747.0358597804,926508.4196572556
Prevalence,Global,Both,All ages,Other malignant neoplasms,Number,2006,1164815.0131142607,1407434.7815683235,939670.6784184464
Prevalence,Global,Both,All ages,Other malignant neoplasms,Number,2007,1214945.5345795278,1470699.3682805414,972398.56596358
Prevalence,Global,Both,All ages,Other malignant neoplasms,Number,2008,1270535.770544445,1553390.6534396145,1020174.8800171704
Prevalence,Global,Both,All ages,Other malignant neoplasms,Number,2009,1318823.8328908323,1629423.8463116211,1056810.3191519715
Prevalence,Global,Both,All ages,Other malignant neoplasms,Number,2010,1368026.2197415351,1693033.3507073105,1110599.0861238225
Prevalence,Global,Both,All ages,Other malignant neoplasms,Number,2011,1418255.6919548477,1759934.1050325334,1140934.0805625196
Prevalence,Global,Both,All ages,Other malignant neoplasms,Number,2012,1473614.7512632012,1820074.25144369,1174464.395909131
Prevalence,Global,Both,All ages,Other malignant neoplasms,Number,2013,1515312.7237731763,1852717.8675384503,1217412.242611809
Prevalence,Global,Both,All ages,Other malignant neoplasms,Number,2014,1567469.6944067732,1911753.7305643088,1252655.6200263198
Prevalence,Global,Both,All ages,Other malignant neoplasms,Number,2015,1614702.4066468298,1983023.742147524,1286347.4627077118
Prevalence,Global,Both,All ages,Other malignant neoplasms,Number,2016,1667115.9785361064,2059783.3003331376,1323773.489838163
Prevalence,Global,Both,All ages,Other malignant neoplasms,Number,2017,1721907.6108186163,2126116.503297944,1359603.953743879
Prevalence,Global,Both,All ages,Other malignant neoplasms,Number,2018,1772986.4668251022,2180707.143120285,1392394.2303700282
Prevalence,Global,Both,All ages,Other malignant neoplasms,Number,2019,1831527.0010398056,2236426.3829387706,1442067.831492851
Prevalence,Global,Both,All ages,Other malignant neoplasms,Number,2020,1891127.1682825224,2348210.23783027,1502218.0666335884
Prevalence,Global,Both,All ages,Other malignant neoplasms,Number,2021,1939276.784972065,2416388.7080462314,1553591.136528932
Prevalence,Global,Both,All ages,Other malignant neoplasms,Number,2022,2027919.711464075,2525535.51900148,1604171.0729750723
Prevalence,Global,Both,All ages,Other malignant neoplasms,Number,2023,2022764.2953804464,2521221.353019968,1608293.914434325
Prevalence,Global,Both,All ages,Non-Hodgkin lymphoma,Number,1990,1180564.4952908726,1915657.968676295,728953.2518543254
Prevalence,Global,Both,All ages,Non-Hodgkin lymphoma,Number,1991,1256126.535657921,2002218.9183279136,762593.3133949756
Prevalence,Global,Both,All ages,Non-Hodgkin lymphoma,Number,1992,1325446.771490601,2138396.9375620326,797350.3832318989
Prevalence,Global,Both,All ages,Non-Hodgkin lymphoma,Number,1993,1399507.164451592,2284146.20102017,863068.7698523042
Prevalence,Global,Both,All ages,Non-Hodgkin lymphoma,Number,1994,1496696.65806461,2447460.7735404554,893265.7330964784
Prevalence,Global,Both,All ages,Non-Hodgkin lymphoma,Number,1995,1605877.4819224689,2504406.7226677123,948065.3897598664
Prevalence,Global,Both,All ages,Non-Hodgkin lymphoma,Number,1996,1705595.9792689038,2750002.725074572,1023109.6889803164
Prevalence,Global,Both,All ages,Non-Hodgkin lymphoma,Number,1997,1793569.2668615186,2896696.7352512404,1096652.4431847492
Prevalence,Global,Both,All ages,Non-Hodgkin lymphoma,Number,1998,1866911.12010038,2949801.8187342887,1179177.281113042
Prevalence,Global,Both,All ages,Non-Hodgkin lymphoma,Number,1999,1936202.8537301112,3147144.0852488657,1208019.706186211
Prevalence,Global,Both,All ages,Non-Hodgkin lymphoma,Number,2000,1988220.911485204,3124581.9396930104,1271107.811860213
Prevalence,Global,Both,All ages,Non-Hodgkin lymphoma,Number,2001,2007840.1768191236,3190518.72967704,1247729.3451150276
Prevalence,Global,Both,All ages,Non-Hodgkin lymphoma,Number,2002,2028337.8437834312,3196622.7369382866,1298756.3517197007
Prevalence,Global,Both,All ages,Non-Hodgkin lymphoma,Number,2003,2066185.1105638256,3230358.515375642,1319318.6040009456
Prevalence,Global,Both,All ages,Non-Hodgkin lymphoma,Number,2004,2102029.599657209,3210152.011931456,1290312.2896676185
Prevalence,Global,Both,All ages,Non-Hodgkin lymphoma,Number,2005,2169506.785054115,3336162.88014757,1348572.8118872107
Prevalence,Global,Both,All ages,Non-Hodgkin lymphoma,Number,2006,2242598.325564728,3414130.4482739666,1396239.726685086
Prevalence,Global,Both,All ages,Non-Hodgkin lymphoma,Number,2007,2326248.2052291557,3513480.332443631,1395893.9116741682
Prevalence,Global,Both,All ages,Non-Hodgkin lymphoma,Number,2008,2409735.642518841,3620117.5014215168,1436095.9298537038
Prevalence,Global,Both,All ages,Non-Hodgkin lymphoma,Number,2009,2478447.974952381,3814901.1443673647,1525359.0381170677
Prevalence,Global,Both,All ages,Non-Hodgkin lymphoma,Number,2010,2543570.7850537794,3921310.758651135,1560949.528392599
Prevalence,Global,Both,All ages,Non-Hodgkin lymphoma,Number,2011,2612532.495246289,4199661.349012224,1618623.048273025
Prevalence,Global,Both,All ages,Non-Hodgkin lymphoma,Number,2012,2694408.5425375504,4387025.483413779,1679547.5046536718
Prevalence,Global,Both,All ages,Non-Hodgkin lymphoma,Number,2013,2768825.319297909,4386043.191541417,1682085.2305007968
Prevalence,Global,Both,All ages,Non-Hodgkin lymphoma,Number,2014,2846480.6470792154,4434975.340336678,1685275.136994396
Prevalence,Global,Both,All ages,Non-Hodgkin lymphoma,Number,2015,2929702.7681768425,4522004.274512042,1714217.6658056243
Prevalence,Global,Both,All ages,Non-Hodgkin lymphoma,Number,2016,3009590.0408875723,4820031.091794193,1724596.5479167665
Prevalence,Global,Both,All ages,Non-Hodgkin lymphoma,Number,2017,3099423.6023523817,5031833.075985098,1855049.0121041257
Prevalence,Global,Both,All ages,Non-Hodgkin lymphoma,Number,2018,3182140.941081854,5124443.485288436,1857888.479867772
Prevalence,Global,Both,All ages,Non-Hodgkin lymphoma,Number,2019,3285569.8196273004,5284268.777953189,1931084.722246969
Prevalence,Global,Both,All ages,Non-Hodgkin lymphoma,Number,2020,3370293.7493402404,5370016.543363342,1979199.7350757208
Prevalence,Global,Both,All ages,Non-Hodgkin lymphoma,Number,2021,3456779.572916808,5469796.058249442,2027843.228677479
Prevalence,Global,Both,All ages,Non-Hodgkin lymphoma,Number,2022,3633238.311606105,5675657.221037878,2046668.2800461897
Prevalence,Global,Both,All ages,Non-Hodgkin lymphoma,Number,2023,3668496.96651218,5633078.038982095,2102823.7364981286
Prevalence,Global,Both,All ages,Cervical cancer,Number,1990,2430947.830364765,3183292.9795541386,1859128.990145458
Prevalence,Global,Both,All ages,Cervical cancer,Number,1991,2473624.8357292274,3248493.0924765705,1894224.189113583
Prevalence,Global,Both,All ages,Cervical cancer,Number,1992,2503817.370937348,3299331.8340285765,1930718.9436041128
Prevalence,Global,Both,All ages,Cervical cancer,Number,1993,2528751.535234707,3321746.813615711,1943253.2634859944
Prevalence,Global,Both,All ages,Cervical cancer,Number,1994,2549753.93023924,3319264.4522634684,1954560.832640289
Prevalence,Global,Both,All ages,Cervical cancer,Number,1995,2581672.9487896506,3311357.636932465,1989836.30474505
Prevalence,Global,Both,All ages,Cervical cancer,Number,1996,2619447.920945823,3419349.596892451,2028697.1443789955
Prevalence,Global,Both,All ages,Cervical cancer,Number,1997,2650117.264532522,3378055.9747675564,2045941.6313448888
Prevalence,Global,Both,All ages,Cervical cancer,Number,1998,2686315.2236859887,3447281.125812754,2079241.5186163737
Prevalence,Global,Both,All ages,Cervical cancer,Number,1999,2733836.678145689,3535143.9042828158,2124614.884977818
Prevalence,Global,Both,All ages,Cervical cancer,Number,2000,2767700.0329480167,3643551.6888804887,2109979.461519891
Prevalence,Global,Both,All ages,Cervical cancer,Number,2001,2803898.0077822357,3682528.357336937,2147502.350075907
Prevalence,Global,Both,All ages,Cervical cancer,Number,2002,2830696.1680809557,3806122.1563798296,2131365.599811956
Prevalence,Global,Both,All ages,Cervical cancer,Number,2003,2878819.0246403087,3897598.6252656006,2165879.0531370104
Prevalence,Global,Both,All ages,Cervical cancer,Number,2004,2920525.4681785284,3954127.3147372575,2202734.7564998087
Prevalence,Global,Both,All ages,Cervical cancer,Number,2005,2968759.225744106,3996297.641272631,2239837.634300785
Prevalence,Global,Both,All ages,Cervical cancer,Number,2006,3031206.99333237,4079336.8242164254,2281143.163941308
Prevalence,Global,Both,All ages,Cervical cancer,Number,2007,3118562.72087786,4257242.229734871,2347428.165387413
Prevalence,Global,Both,All ages,Cervical cancer,Number,2008,3190104.019408917,4354807.3992848005,2375958.514677478
Prevalence,Global,Both,All ages,Cervical cancer,Number,2009,3259091.5923366025,4396343.005263603,2435913.0714907297
Prevalence,Global,Both,All ages,Cervical cancer,Number,2010,3340707.2109622983,4486510.372797008,2505201.2982923365
Prevalence,Global,Both,All ages,Cervical cancer,Number,2011,3414930.726520869,4543234.059226344,2577455.8347877543
Prevalence,Global,Both,All ages,Cervical cancer,Number,2012,3501546.7742816447,4680611.003716749,2662865.332220994
Prevalence,Global,Both,All ages,Cervical cancer,Number,2013,3602621.8402646533,4819514.176348608,2772921.926146484
Prevalence,Global,Both,All ages,Cervical cancer,Number,2014,3725382.09277544,4942643.144397521,2839904.2986326013
Prevalence,Global,Both,All ages,Cervical cancer,Number,2015,3856729.2057923246,5131280.047195344,2959824.296425597
Prevalence,Global,Both,All ages,Cervical cancer,Number,2016,3971792.8658660366,5352008.662465679,3070545.372451844
Prevalence,Global,Both,All ages,Cervical cancer,Number,2017,4069933.956444314,5570937.558967088,3147225.9467938305
Prevalence,Global,Both,All ages,Cervical cancer,Number,2018,4136701.8760623536,5637800.315043328,3149739.5308826016
Prevalence,Global,Both,All ages,Cervical cancer,Number,2019,4224279.780262306,5646970.2995447405,3218612.3431589585
Prevalence,Global,Both,All ages,Cervical cancer,Number,2020,4260135.6740708295,5633423.703669585,3276104.5772051094
Prevalence,Global,Both,All ages,Cervical cancer,Number,2021,4398712.611013236,5878060.485469289,3371229.2302070013
Prevalence,Global,Both,All ages,Cervical cancer,Number,2022,4781582.069295653,6478733.284234001,3568751.6897748457
Prevalence,Global,Both,All ages,Cervical cancer,Number,2023,4954685.593156144,6623497.772168781,3695278.1693135872
Prevalence,Global,Both,All ages,Colon and rectum cancer,Number,1990,4386816.915914956,5023069.444375483,3901120.988145216
Prevalence,Global,Both,All ages,Colon and rectum cancer,Number,1991,4541095.264243433,5177630.601556014,4039109.3335833503
Prevalence,Global,Both,All ages,Colon and rectum cancer,Number,1992,4691403.187520544,5329398.761796781,4172254.056090664
Prevalence,Global,Both,All ages,Colon and rectum cancer,Number,1993,4866357.753353699,5500858.152394967,4310450.912166883
Prevalence,Global,Both,All ages,Colon and rectum cancer,Number,1994,5004663.080390392,5639581.775247052,4448482.780010904
Prevalence,Global,Both,All ages,Colon and rectum cancer,Number,1995,5192801.021239476,5887779.063628576,4627535.945541414
Prevalence,Global,Both,All ages,Colon and rectum cancer,Number,1996,5381073.207341957,6082467.261903816,4821294.057801652
Prevalence,Global,Both,All ages,Colon and rectum cancer,Number,1997,5549139.1319213705,6275396.690744803,4990372.203977213
Prevalence,Global,Both,All ages,Colon and rectum cancer,Number,1998,5744183.826357854,6442968.949577295,5159033.632393459
Prevalence,Global,Both,All ages,Colon and rectum cancer,Number,1999,5954256.130144897,6707018.867841586,5317525.52095085
Prevalence,Global,Both,All ages,Colon and rectum cancer,Number,2000,6101570.426771107,6894903.067740993,5475839.706146155
Prevalence,Global,Both,All ages,Colon and rectum cancer,Number,2001,6258767.47167865,7005896.8402223205,5682431.820459825
Prevalence,Global,Both,All ages,Colon and rectum cancer,Number,2002,6436349.249541776,7172209.309773216,5824500.476638269
Prevalence,Global,Both,All ages,Colon and rectum cancer,Number,2003,6634542.701802272,7394757.762799529,5962644.741151468
Prevalence,Global,Both,All ages,Colon and rectum cancer,Number,2004,6788336.388081747,7594943.56211237,6141098.610390164
Prevalence,Global,Both,All ages,Colon and rectum cancer,Number,2005,7069461.962124221,7897082.735014465,6372987.8473348105
Prevalence,Global,Both,All ages,Colon and rectum cancer,Number,2006,7330690.886577312,8136664.159539062,6600354.352863058
Prevalence,Global,Both,All ages,Colon and rectum cancer,Number,2007,7647418.887783447,8496280.975232437,6828999.951988122
Prevalence,Global,Both,All ages,Colon and rectum cancer,Number,2008,7926336.198997684,8817040.032527912,7082207.592963668
Prevalence,Global,Both,All ages,Colon and rectum cancer,Number,2009,8082391.454224104,9009516.734060748,7261987.685742232
Prevalence,Global,Both,All ages,Colon and rectum cancer,Number,2010,8333307.934942498,9291890.88412642,7509549.726900378
Prevalence,Global,Both,All ages,Colon and rectum cancer,Number,2011,8532606.402214909,9580469.406142972,7653892.88631642
Prevalence,Global,Both,All ages,Colon and rectum cancer,Number,2012,8788996.709682036,9942485.647315364,7831383.354693579
Prevalence,Global,Both,All ages,Colon and rectum cancer,Number,2013,8977250.245350914,10068272.498683251,7963437.944648197
Prevalence,Global,Both,All ages,Colon and rectum cancer,Number,2014,9186050.888420306,10238699.262353718,8173851.820583473
Prevalence,Global,Both,All ages,Colon and rectum cancer,Number,2015,9515379.021573637,10694652.369508533,8397038.09050911
Prevalence,Global,Both,All ages,Colon and rectum cancer,Number,2016,9807158.454861736,11053521.28202473,8573639.997635696
Prevalence,Global,Both,All ages,Colon and rectum cancer,Number,2017,10126950.769028064,11372240.506006662,8830360.746844638
Prevalence,Global,Both,All ages,Colon and rectum cancer,Number,2018,10339183.620814938,11586434.220391355,9076676.53821374
Prevalence,Global,Both,All ages,Colon and rectum cancer,Number,2019,10531617.606525922,11846372.379877731,9213537.611653974
Prevalence,Global,Both,All ages,Colon and rectum cancer,Number,2020,10720429.594455238,12168397.449704155,9332040.807722874
Prevalence,Global,Both,All ages,Colon and rectum cancer,Number,2021,11191055.807812808,12793021.76537264,9694609.27029702
Prevalence,Global,Both,All ages,Colon and rectum cancer,Number,2022,12009745.420818096,13710771.235575132,10380138.240463177
Prevalence,Global,Both,All ages,Colon and rectum cancer,Number,2023,12268240.233702734,13992685.184923958,10501225.687885609
Prevalence,Global,Both,All ages,Pancreatic cancer,Number,1990,201067.8571266518,217484.18281640185,187632.7391318059
Prevalence,Global,Both,All ages,Pancreatic cancer,Number,1991,207023.867112382,223694.57115504795,192882.35734587844
Prevalence,Global,Both,All ages,Pancreatic cancer,Number,1992,212689.64603909824,228740.37935751476,197371.00538190248
Prevalence,Global,Both,All ages,Pancreatic cancer,Number,1993,220111.6618059482,236896.0020660674,202998.40249892144
Prevalence,Global,Both,All ages,Pancreatic cancer,Number,1994,225278.7484631225,242701.5443210405,208541.20306109847
Prevalence,Global,Both,All ages,Pancreatic cancer,Number,1995,230973.812589219,249641.09446400948,214217.5859988132
Prevalence,Global,Both,All ages,Pancreatic cancer,Number,1996,236760.664628182,256442.5832657018,218657.06787989323
Prevalence,Global,Both,All ages,Pancreatic cancer,Number,1997,242370.23587889405,263483.6743511351,223742.20392947577
Prevalence,Global,Both,All ages,Pancreatic cancer,Number,1998,248762.87638796103,270339.62469773775,230546.6283417414
Prevalence,Global,Both,All ages,Pancreatic cancer,Number,1999,256608.59974573177,278356.1626397855,237632.46408879885
Prevalence,Global,Both,All ages,Pancreatic cancer,Number,2000,263454.0648215915,286416.8031436332,244701.3780971837
Prevalence,Global,Both,All ages,Pancreatic cancer,Number,2001,270511.9019508141,295747.44073957205,250543.65890897217
Prevalence,Global,Both,All ages,Pancreatic cancer,Number,2002,278719.1410857944,306964.8499698561,257699.60555984927
Prevalence,Global,Both,All ages,Pancreatic cancer,Number,2003,287239.64358705346,317225.0644848093,263944.79264095944
Prevalence,Global,Both,All ages,Pancreatic cancer,Number,2004,294289.794047585,323842.1526848291,269484.48693761346
Prevalence,Global,Both,All ages,Pancreatic cancer,Number,2005,306506.3617617783,335430.52114049345,281161.1202535416
Prevalence,Global,Both,All ages,Pancreatic cancer,Number,2006,317001.3051592895,343673.0114570238,290256.41721194424
Prevalence,Global,Both,All ages,Pancreatic cancer,Number,2007,330798.5407611823,360853.1874210123,302384.9732705114
Prevalence,Global,Both,All ages,Pancreatic cancer,Number,2008,343452.1694756954,374030.5225293471,314642.9352117337
Prevalence,Global,Both,All ages,Pancreatic cancer,Number,2009,351023.17876455816,385556.3589937984,321531.12840387004
Prevalence,Global,Both,All ages,Pancreatic cancer,Number,2010,362912.1621721928,401830.6956432976,332609.5202114553
Prevalence,Global,Both,All ages,Pancreatic cancer,Number,2011,371803.58124193945,413349.2520046156,340185.3370317615
Prevalence,Global,Both,All ages,Pancreatic cancer,Number,2012,383664.4462177604,428066.17275529454,350640.39569608984
Prevalence,Global,Both,All ages,Pancreatic cancer,Number,2013,392155.9533200612,436279.6470182419,356492.99587666086
Prevalence,Global,Both,All ages,Pancreatic cancer,Number,2014,403188.92156387726,447316.8191699119,364657.4880611631
Prevalence,Global,Both,All ages,Pancreatic cancer,Number,2015,420199.356125034,465919.0121015121,377523.9190392726
Prevalence,Global,Both,All ages,Pancreatic cancer,Number,2016,436018.6860906994,482018.893997064,391397.37035927695
Prevalence,Global,Both,All ages,Pancreatic cancer,Number,2017,452301.6794022442,497208.4839230874,405913.1946498115
Prevalence,Global,Both,All ages,Pancreatic cancer,Number,2018,464577.0907950103,510557.9455777403,416009.7588814033
Prevalence,Global,Both,All ages,Pancreatic cancer,Number,2019,476386.6830821043,523611.1706060446,425863.63840208366
Prevalence,Global,Both,All ages,Pancreatic cancer,Number,2020,487633.01664991886,538510.756784415,434463.0711719394
Prevalence,Global,Both,All ages,Pancreatic cancer,Number,2021,506242.11504779867,564070.8713579811,448861.5519532068
Prevalence,Global,Both,All ages,Pancreatic cancer,Number,2022,537707.7351262564,600998.6804267971,471476.97178685776
Prevalence,Global,Both,All ages,Pancreatic cancer,Number,2023,549846.246606555,616823.6126124167,480748.6490709556
Prevalence,Global,Both,All ages,Thyroid cancer,Number,1990,767226.2246699588,1002580.4195616484,567378.2228351292
Prevalence,Global,Both,All ages,Thyroid cancer,Number,1991,793828.048452841,1058428.2363236535,590866.1730792361
Prevalence,Global,Both,All ages,Thyroid cancer,Number,1992,820344.9337519258,1070424.5601078523,620619.9691352206
Prevalence,Global,Both,All ages,Thyroid cancer,Number,1993,845276.8674468835,1121987.1150658063,633865.7176138733
Prevalence,Global,Both,All ages,Thyroid cancer,Number,1994,872145.4994124743,1166989.5085874118,647351.261751993
Prevalence,Global,Both,All ages,Thyroid cancer,Number,1995,908254.2657322373,1218698.043098236,656931.5176191619
Prevalence,Global,Both,All ages,Thyroid cancer,Number,1996,949959.4636508934,1293148.1512407693,683370.1738384834
Prevalence,Global,Both,All ages,Thyroid cancer,Number,1997,975135.0583770286,1316546.821208015,719212.2819202391
Prevalence,Global,Both,All ages,Thyroid cancer,Number,1998,1005085.2558054728,1370913.2448737605,749554.702240533
Prevalence,Global,Both,All ages,Thyroid cancer,Number,1999,1047309.3832734604,1419386.5193489748,777682.4887596406
Prevalence,Global,Both,All ages,Thyroid cancer,Number,2000,1099680.8546382445,1453771.1174605864,811504.8509656521
Prevalence,Global,Both,All ages,Thyroid cancer,Number,2001,1141778.8371310933,1499763.06486166,846245.3262261492
Prevalence,Global,Both,All ages,Thyroid cancer,Number,2002,1177638.8248643735,1574567.8730165537,867418.5017300751
Prevalence,Global,Both,All ages,Thyroid cancer,Number,2003,1211182.2373810296,1619722.6262682225,900084.409445351
Prevalence,Global,Both,All ages,Thyroid cancer,Number,2004,1249632.8160033107,1620921.6135072398,925602.5893503852
Prevalence,Global,Both,All ages,Thyroid cancer,Number,2005,1312716.0076872858,1703440.1056155353,969537.905176376
Prevalence,Global,Both,All ages,Thyroid cancer,Number,2006,1378158.0985756456,1828425.311742426,1024588.8510568208
Prevalence,Global,Both,All ages,Thyroid cancer,Number,2007,1433406.354187548,1899839.9943432424,1063716.614611938
Prevalence,Global,Both,All ages,Thyroid cancer,Number,2008,1491284.4397469135,1940228.4279965416,1089880.2986734598
Prevalence,Global,Both,All ages,Thyroid cancer,Number,2009,1543098.6078899342,2016627.2238789396,1154948.1690765144
Prevalence,Global,Both,All ages,Thyroid cancer,Number,2010,1586441.6148805632,2076643.869432111,1174919.4440762587
Prevalence,Global,Both,All ages,Thyroid cancer,Number,2011,1611994.3158970436,2145526.926248602,1185190.3899450088
Prevalence,Global,Both,All ages,Thyroid cancer,Number,2012,1658744.1707100458,2226330.0658487584,1242153.0354639152
Prevalence,Global,Both,All ages,Thyroid cancer,Number,2013,1709514.0012777396,2289362.7382302,1262713.638515897
Prevalence,Global,Both,All ages,Thyroid cancer,Number,2014,1754729.5327799988,2339220.0493087657,1301960.0348142977
Prevalence,Global,Both,All ages,Thyroid cancer,Number,2015,1806639.537634466,2400221.2620960274,1350047.5076431918
Prevalence,Global,Both,All ages,Thyroid cancer,Number,2016,1864322.0600562869,2521816.3614704367,1396637.547032165
Prevalence,Global,Both,All ages,Thyroid cancer,Number,2017,1916907.929753651,2575712.334589518,1414649.0355840256
Prevalence,Global,Both,All ages,Thyroid cancer,Number,2018,1973296.1767004489,2595948.078348933,1471175.207168017
Prevalence,Global,Both,All ages,Thyroid cancer,Number,2019,2016458.162468163,2633713.875163786,1512670.1109036724
Prevalence,Global,Both,All ages,Thyroid cancer,Number,2020,2038308.7015983327,2656018.6001072945,1493009.959254458
Prevalence,Global,Both,All ages,Thyroid cancer,Number,2021,2124968.465110968,2746395.49727494,1528520.0667171266
Prevalence,Global,Both,All ages,Thyroid cancer,Number,2022,2307723.4952889755,2977075.898222864,1669452.906775473
Prevalence,Global,Both,All ages,Thyroid cancer,Number,2023,2384137.458930528,3071316.215510784,1722512.0332698785
Prevalence,Global,Both,All ages,Hodgkin lymphoma,Number,1990,278857.63978727604,323357.67213399906,229459.37334473143
Prevalence,Global,Both,All ages,Hodgkin lymphoma,Number,1991,285207.45407813,333107.192609127,234421.69790075667
Prevalence,Global,Both,All ages,Hodgkin lymphoma,Number,1992,290495.7014375467,338521.65191163134,241625.76069080332
Prevalence,Global,Both,All ages,Hodgkin lymphoma,Number,1993,290262.5034703396,340816.8097324932,244207.6954616314
Prevalence,Global,Both,All ages,Hodgkin lymphoma,Number,1994,288612.6197712164,339909.82080127345,241200.92941112517
Prevalence,Global,Both,All ages,Hodgkin lymphoma,Number,1995,297682.2385304712,353909.56038443174,250286.8494352116
Prevalence,Global,Both,All ages,Hodgkin lymphoma,Number,1996,305046.51045531273,364557.47995478,252490.59245331227
Prevalence,Global,Both,All ages,Hodgkin lymphoma,Number,1997,309105.2807869628,367571.88775965886,256242.51256235837
Prevalence,Global,Both,All ages,Hodgkin lymphoma,Number,1998,308638.988039719,367733.1526786056,253455.4637855249
Prevalence,Global,Both,All ages,Hodgkin lymphoma,Number,1999,315943.72584176227,380477.8866873443,261292.38220729644
Prevalence,Global,Both,All ages,Hodgkin lymphoma,Number,2000,318495.9666703212,386516.2812598039,263680.3009378836
Prevalence,Global,Both,All ages,Hodgkin lymphoma,Number,2001,321272.80760939536,387044.5972297834,266356.5157702951
Prevalence,Global,Both,All ages,Hodgkin lymphoma,Number,2002,326663.8342215796,391025.9762354927,268313.82841224375
Prevalence,Global,Both,All ages,Hodgkin lymphoma,Number,2003,332699.17777867086,396696.8579972491,271672.18380992644
Prevalence,Global,Both,All ages,Hodgkin lymphoma,Number,2004,338571.70499691693,404150.0314443293,276679.12783740234
Prevalence,Global,Both,All ages,Hodgkin lymphoma,Number,2005,345163.37990531034,415394.3125288089,283911.5917307426
Prevalence,Global,Both,All ages,Hodgkin lymphoma,Number,2006,354717.2737884791,419692.1214459537,289229.66903701186
Prevalence,Global,Both,All ages,Hodgkin lymphoma,Number,2007,360389.1930320283,430436.770553099,295744.8113528707
Prevalence,Global,Both,All ages,Hodgkin lymphoma,Number,2008,366099.3495132376,429942.88762548345,305671.3295766187
Prevalence,Global,Both,All ages,Hodgkin lymphoma,Number,2009,371019.6030986048,439379.7856731135,311910.4036596917
Prevalence,Global,Both,All ages,Hodgkin lymphoma,Number,2010,373564.6905693091,446139.24204164906,314476.28723779623
Prevalence,Global,Both,All ages,Hodgkin lymphoma,Number,2011,372607.8162739929,443731.6995280928,311884.92440037767
Prevalence,Global,Both,All ages,Hodgkin lymphoma,Number,2012,374767.6560459133,446926.00861107965,316409.3716675259
Prevalence,Global,Both,All ages,Hodgkin lymphoma,Number,2013,371371.4976660679,445287.109969399,313631.0085591702
Prevalence,Global,Both,All ages,Hodgkin lymphoma,Number,2014,372370.33543443226,445522.08427738736,315625.5905498058
Prevalence,Global,Both,All ages,Hodgkin lymphoma,Number,2015,366945.6562292664,432903.8029610523,308549.1228540986
Prevalence,Global,Both,All ages,Hodgkin lymphoma,Number,2016,359758.6526728026,425417.9972487964,302557.71242606983
Prevalence,Global,Both,All ages,Hodgkin lymphoma,Number,2017,358702.3015249823,431081.4046019046,303848.8092143722
Prevalence,Global,Both,All ages,Hodgkin lymphoma,Number,2018,358449.9665758865,432216.4876774959,301295.64838606096
Prevalence,Global,Both,All ages,Hodgkin lymphoma,Number,2019,357862.4010810108,428276.7537530855,297322.9400917196
Prevalence,Global,Both,All ages,Hodgkin lymphoma,Number,2020,362180.1873691827,441599.5084889882,300343.422457617
Prevalence,Global,Both,All ages,Hodgkin lymphoma,Number,2021,366534.30595825234,452222.9088510116,301670.45758071425
Prevalence,Global,Both,All ages,Hodgkin lymphoma,Number,2022,379893.0629524958,468149.13724690094,310488.39842770016
Prevalence,Global,Both,All ages,Hodgkin lymphoma,Number,2023,379194.8869952394,468397.7419664601,310410.3167243539
Prevalence,Global,Both,All ages,Other neoplasms,Number,1990,111170982.35414322,130759697.85119627,92999553.40481748
Prevalence,Global,Both,All ages,Other neoplasms,Number,1991,113617115.70667912,133546671.30817872,95069737.94023374
Prevalence,Global,Both,All ages,Other neoplasms,Number,1992,115943081.68500245,136267056.27684402,97050018.6489322
Prevalence,Global,Both,All ages,Other neoplasms,Number,1993,118192526.14610684,138924006.9617716,99186791.36041796
Prevalence,Global,Both,All ages,Other neoplasms,Number,1994,120264872.53758034,141352691.63179973,101061473.76494464
Prevalence,Global,Both,All ages,Other neoplasms,Number,1995,122217100.8349605,143798163.9445898,102875674.72201844
Prevalence,Global,Both,All ages,Other neoplasms,Number,1996,123974318.75753744,146247424.73873258,104229979.67009676
Prevalence,Global,Both,All ages,Other neoplasms,Number,1997,125574249.6261218,148517939.87895232,105376031.21826243
Prevalence,Global,Both,All ages,Other neoplasms,Number,1998,127196819.64493118,150918342.75817254,106742779.7281737
Prevalence,Global,Both,All ages,Other neoplasms,Number,1999,128838889.35608444,153025152.96136358,108224026.26863834
Prevalence,Global,Both,All ages,Other neoplasms,Number,2000,130599977.94696006,155121568.31920695,109837913.6397194
Prevalence,Global,Both,All ages,Other neoplasms,Number,2001,132455539.15633228,157228055.01372647,111548309.07152829
Prevalence,Global,Both,All ages,Other neoplasms,Number,2002,134377224.1699578,159430681.38736773,113280763.75573494
Prevalence,Global,Both,All ages,Other neoplasms,Number,2003,136442671.06892622,161874949.35487336,115133059.71835688
Prevalence,Global,Both,All ages,Other neoplasms,Number,2004,138520092.21531188,164369843.12247396,116959809.59763128
Prevalence,Global,Both,All ages,Other neoplasms,Number,2005,140694446.40024573,167118448.53728145,118851618.6956782
Prevalence,Global,Both,All ages,Other neoplasms,Number,2006,142829453.64674923,169457000.41535577,121086006.81734824
Prevalence,Global,Both,All ages,Other neoplasms,Number,2007,144916841.18290836,170552956.19165277,124164735.55152623
Prevalence,Global,Both,All ages,Other neoplasms,Number,2008,147036701.71440423,171338546.66820478,126157959.82495137
Prevalence,Global,Both,All ages,Other neoplasms,Number,2009,149148000.74787894,173135572.15449506,127829419.82487068
Prevalence,Global,Both,All ages,Other neoplasms,Number,2010,151255031.80053154,175969212.12109172,130094667.51424389
Prevalence,Global,Both,All ages,Other neoplasms,Number,2011,153232437.33622754,178312441.88009924,131865397.87624349
Prevalence,Global,Both,All ages,Other neoplasms,Number,2012,155082071.14378297,180302261.1738833,133558548.52740812
Prevalence,Global,Both,All ages,Other neoplasms,Number,2013,156919532.12484047,181905290.0691789,135348514.31928235
Prevalence,Global,Both,All ages,Other neoplasms,Number,2014,158654294.31902003,183349335.94526413,137116593.8048549
Prevalence,Global,Both,All ages,Other neoplasms,Number,2015,160316321.2893481,184862650.7369897,138708687.80648825
Prevalence,Global,Both,All ages,Other neoplasms,Number,2016,161848755.05840227,186423374.39551985,139784160.28413942
Prevalence,Global,Both,All ages,Other neoplasms,Number,2017,163359521.2460919,188218210.02617824,140862619.89779478
Prevalence,Global,Both,All ages,Other neoplasms,Number,2018,164806370.97595033,190184041.294282,142188538.73064238
Prevalence,Global,Both,All ages,Other neoplasms,Number,2019,166214761.16027966,192183439.13536084,143459049.2484836
Prevalence,Global,Both,All ages,Other neoplasms,Number,2020,167584448.28156716,193991513.6898521,144634097.4788345
Prevalence,Global,Both,All ages,Other neoplasms,Number,2021,168457533.88086808,195174930.01924533,144843372.09588614
Prevalence,Global,Both,All ages,Other neoplasms,Number,2022,169276405.12482584,196236641.22470176,144939117.90813178
Prevalence,Global,Both,All ages,Other neoplasms,Number,2023,171876815.58782884,204155176.74430877,143863554.46182346
Prevalence,Global,Both,All ages,Soft tissue and other extraosseous sarcomas,Number,1990,328701.4672276446,429472.0171157264,258312.57946243975
Prevalence,Global,Both,All ages,Soft tissue and other extraosseous sarcomas,Number,1991,341623.2208850029,446245.208553327,269246.4972811297
Prevalence,Global,Both,All ages,Soft tissue and other extraosseous sarcomas,Number,1992,352052.04194242443,460653.8396017275,275641.76221875794
Prevalence,Global,Both,All ages,Soft tissue and other extraosseous sarcomas,Number,1993,367014.4584472993,483397.6929091325,289802.3858466504
Prevalence,Global,Both,All ages,Soft tissue and other extraosseous sarcomas,Number,1994,379144.796069489,492895.8473299883,300457.4735208604
Prevalence,Global,Both,All ages,Soft tissue and other extraosseous sarcomas,Number,1995,391140.76001961343,508623.0234598708,313435.4767292028
Prevalence,Global,Both,All ages,Soft tissue and other extraosseous sarcomas,Number,1996,400926.59527832415,514390.2042753906,322991.11765540193
Prevalence,Global,Both,All ages,Soft tissue and other extraosseous sarcomas,Number,1997,406729.2223860359,519578.0481035717,326931.6924908061
Prevalence,Global,Both,All ages,Soft tissue and other extraosseous sarcomas,Number,1998,409722.8845486136,516756.6314219469,330216.40971474414
Prevalence,Global,Both,All ages,Soft tissue and other extraosseous sarcomas,Number,1999,410237.9423958813,520508.1133233392,331443.87713296514
Prevalence,Global,Both,All ages,Soft tissue and other extraosseous sarcomas,Number,2000,415505.3526510649,523390.9473607652,335213.98315434094
Prevalence,Global,Both,All ages,Soft tissue and other extraosseous sarcomas,Number,2001,418510.8073412004,525330.7945107978,334930.91442961054
Prevalence,Global,Both,All ages,Soft tissue and other extraosseous sarcomas,Number,2002,423430.6381635916,531489.8840659243,343734.92810790974
Prevalence,Global,Both,All ages,Soft tissue and other extraosseous sarcomas,Number,2003,431987.57596868137,541435.9111132363,356013.69796323625
Prevalence,Global,Both,All ages,Soft tissue and other extraosseous sarcomas,Number,2004,440918.2688202201,546440.7090946649,365767.6191602637
Prevalence,Global,Both,All ages,Soft tissue and other extraosseous sarcomas,Number,2005,452971.4361828499,560431.0646651004,374038.8707630849
Prevalence,Global,Both,All ages,Soft tissue and other extraosseous sarcomas,Number,2006,463869.7527832393,578596.4107076642,379524.12719683454
Prevalence,Global,Both,All ages,Soft tissue and other extraosseous sarcomas,Number,2007,477695.5615870994,599988.351315849,387985.2046737847
Prevalence,Global,Both,All ages,Soft tissue and other extraosseous sarcomas,Number,2008,490308.670468848,613276.7293872228,399348.891696391
Prevalence,Global,Both,All ages,Soft tissue and other extraosseous sarcomas,Number,2009,500760.9053523977,627198.7076371614,405824.261109304
Prevalence,Global,Both,All ages,Soft tissue and other extraosseous sarcomas,Number,2010,512380.4028626652,653201.0677539202,415092.0633452532
Prevalence,Global,Both,All ages,Soft tissue and other extraosseous sarcomas,Number,2011,522226.7437143505,659915.6764584079,421349.5949923293
Prevalence,Global,Both,All ages,Soft tissue and other extraosseous sarcomas,Number,2012,535934.9956477114,668125.2158917938,436283.5735501525
Prevalence,Global,Both,All ages,Soft tissue and other extraosseous sarcomas,Number,2013,547408.0623229414,702409.2433550161,444555.5412009616
Prevalence,Global,Both,All ages,Soft tissue and other extraosseous sarcomas,Number,2014,561615.8708503501,722512.3454719139,460415.464110744
Prevalence,Global,Both,All ages,Soft tissue and other extraosseous sarcomas,Number,2015,580615.2799139044,748400.5779999186,481787.3208651413
Prevalence,Global,Both,All ages,Soft tissue and other extraosseous sarcomas,Number,2016,598912.5306792748,775945.4633043099,487118.05126824434
Prevalence,Global,Both,All ages,Soft tissue and other extraosseous sarcomas,Number,2017,617714.8340238169,799375.6478272087,496053.75463519926
Prevalence,Global,Both,All ages,Soft tissue and other extraosseous sarcomas,Number,2018,633576.9969649685,809526.1479866852,515294.1073101493
Prevalence,Global,Both,All ages,Soft tissue and other extraosseous sarcomas,Number,2019,646849.1043289113,814295.825199161,517881.6779054763
Prevalence,Global,Both,All ages,Soft tissue and other extraosseous sarcomas,Number,2020,658913.7352982946,835753.2387696102,520485.3964330591
Prevalence,Global,Both,All ages,Soft tissue and other extraosseous sarcomas,Number,2021,669595.2344304834,852554.574249014,525645.0190749808
Prevalence,Global,Both,All ages,Soft tissue and other extraosseous sarcomas,Number,2022,700282.6918038318,897834.6749298343,534167.2788293082
Prevalence,Global,Both,All ages,Soft tissue and other extraosseous sarcomas,Number,2023,701537.1253045831,884188.5577564088,541363.9434734479
Prevalence,Global,Both,All ages,Leukemia,Number,1990,1345163.2012047935,2057502.5598215256,976112.039601202
Prevalence,Global,Both,All ages,Leukemia,Number,1991,1387425.1922204865,2059283.9413614604,1000731.5160326372
Prevalence,Global,Both,All ages,Leukemia,Number,1992,1425976.8024532697,2178987.0222038585,1026415.767870868
Prevalence,Global,Both,All ages,Leukemia,Number,1993,1464946.846639991,2288759.585751475,1069078.5811679666
Prevalence,Global,Both,All ages,Leukemia,Number,1994,1508978.048978817,2306661.7241003863,1098327.8620154962
Prevalence,Global,Both,All ages,Leukemia,Number,1995,1561026.450292355,2356853.90807677,1119904.167579442
Prevalence,Global,Both,All ages,Leukemia,Number,1996,1612825.7845983948,2482177.5281977183,1143442.7336233892
Prevalence,Global,Both,All ages,Leukemia,Number,1997,1653128.5065249994,2524814.4487864813,1151740.7833841091
Prevalence,Global,Both,All ages,Leukemia,Number,1998,1692863.8151826193,2465310.999231805,1177596.4381269251
Prevalence,Global,Both,All ages,Leukemia,Number,1999,1735900.3166937106,2507695.537954064,1209712.6752137914
Prevalence,Global,Both,All ages,Leukemia,Number,2000,1762197.8521464888,2685785.236060774,1224513.9487646013
Prevalence,Global,Both,All ages,Leukemia,Number,2001,1780957.8090443711,2775236.880901939,1238955.7212436576
Prevalence,Global,Both,All ages,Leukemia,Number,2002,1800703.727331908,2795494.296296618,1282201.522553217
Prevalence,Global,Both,All ages,Leukemia,Number,2003,1825125.4436885929,2760090.864465616,1290266.6142470809
Prevalence,Global,Both,All ages,Leukemia,Number,2004,1854634.409447948,2764699.584137233,1293499.739142282
Prevalence,Global,Both,All ages,Leukemia,Number,2005,1900141.8366899416,2822125.169167643,1318089.880236853
Prevalence,Global,Both,All ages,Leukemia,Number,2006,1936661.2740470872,2912537.217321138,1327597.6812490677
Prevalence,Global,Both,All ages,Leukemia,Number,2007,1971030.8407720164,2987939.652078083,1352783.081202532
Prevalence,Global,Both,All ages,Leukemia,Number,2008,2014905.800132983,3062754.9694086253,1387357.96372505
Prevalence,Global,Both,All ages,Leukemia,Number,2009,2036659.2458460128,3104618.968097626,1409596.4404961471
Prevalence,Global,Both,All ages,Leukemia,Number,2010,2048662.5333273984,3241911.722345673,1408062.800057931
Prevalence,Global,Both,All ages,Leukemia,Number,2011,2059516.9872092283,3230535.3760099835,1437203.9216063174
Prevalence,Global,Both,All ages,Leukemia,Number,2012,2076140.30249294,3152122.63403169,1473814.8802678627
Prevalence,Global,Both,All ages,Leukemia,Number,2013,2090828.813330328,3177536.836909217,1453618.1353465165
Prevalence,Global,Both,All ages,Leukemia,Number,2014,2088107.536032648,3197439.0325223003,1444602.546456471
Prevalence,Global,Both,All ages,Leukemia,Number,2015,2096017.9069532168,3266714.324503633,1417077.3241218748
Prevalence,Global,Both,All ages,Leukemia,Number,2016,2119121.9562306968,3327935.570001953,1428034.6874890071
Prevalence,Global,Both,All ages,Leukemia,Number,2017,2149288.4956679293,3329101.3161394983,1434168.3748818294
Prevalence,Global,Both,All ages,Leukemia,Number,2018,2187796.2790334923,3251839.402615364,1510837.5554824157
Prevalence,Global,Both,All ages,Leukemia,Number,2019,2228371.9985829825,3333077.334145097,1538866.6179154995
Prevalence,Global,Both,All ages,Leukemia,Number,2020,2266048.579762805,3382911.7556450814,1550441.7441513755
Prevalence,Global,Both,All ages,Leukemia,Number,2021,2291324.992887629,3432064.8588106115,1508571.580659586
Prevalence,Global,Both,All ages,Leukemia,Number,2022,2365552.293164742,3604723.1426821626,1534078.4022628288
Prevalence,Global,Both,All ages,Leukemia,Number,2023,2345942.775834701,3584124.760481534,1531337.2636853491
Prevalence,Global,Both,All ages,Eye cancer,Number,1990,103636.249021367,141257.59824400133,75450.11319502656
Prevalence,Global,Both,All ages,Eye cancer,Number,1991,105102.60721624873,147808.51197923673,76428.73490383168
Prevalence,Global,Both,All ages,Eye cancer,Number,1992,106208.320399355,146954.21004891358,77173.71495870073
Prevalence,Global,Both,All ages,Eye cancer,Number,1993,108362.42875724335,149653.0009211505,77816.1271993003
Prevalence,Global,Both,All ages,Eye cancer,Number,1994,110143.50452871554,152260.77472694937,78995.54627685912
Prevalence,Global,Both,All ages,Eye cancer,Number,1995,111552.30041263974,153481.54487879417,82221.13143994263
Prevalence,Global,Both,All ages,Eye cancer,Number,1996,112633.04898364832,154346.53514679993,82550.88449387922
Prevalence,Global,Both,All ages,Eye cancer,Number,1997,112839.55328849638,154944.20106949523,82102.87177861396
Prevalence,Global,Both,All ages,Eye cancer,Number,1998,114046.0134252037,153988.54740265512,82836.53835722635
Prevalence,Global,Both,All ages,Eye cancer,Number,1999,115335.52581862168,155656.50562410112,84177.51053080262
Prevalence,Global,Both,All ages,Eye cancer,Number,2000,116396.97314693106,157100.10774875374,84434.93558652187
Prevalence,Global,Both,All ages,Eye cancer,Number,2001,117466.16278790472,156271.05289204145,85970.96544285055
Prevalence,Global,Both,All ages,Eye cancer,Number,2002,118916.29271355936,160731.7992890774,89196.99286049345
Prevalence,Global,Both,All ages,Eye cancer,Number,2003,120246.0741290927,161287.55229769106,90632.72661714896
Prevalence,Global,Both,All ages,Eye cancer,Number,2004,121544.73656432866,166148.87740583264,89458.86626312479
Prevalence,Global,Both,All ages,Eye cancer,Number,2005,124195.341558729,165595.97278524275,90408.28179640516
Prevalence,Global,Both,All ages,Eye cancer,Number,2006,126627.70204356391,168379.37604312014,90727.27179643784
Prevalence,Global,Both,All ages,Eye cancer,Number,2007,128699.01631209276,168686.2246800414,90366.36501682807
Prevalence,Global,Both,All ages,Eye cancer,Number,2008,131127.9516749359,171444.0087503831,92753.79791594662
Prevalence,Global,Both,All ages,Eye cancer,Number,2009,133542.36267485953,176316.65462493332,94984.38441810358
Prevalence,Global,Both,All ages,Eye cancer,Number,2010,136081.47852261577,181995.42273345529,97877.2389255464
Prevalence,Global,Both,All ages,Eye cancer,Number,2011,139309.30990791472,189290.9936658545,100939.85197019042
Prevalence,Global,Both,All ages,Eye cancer,Number,2012,143219.8940984477,195064.74506523996,104496.9476425816
Prevalence,Global,Both,All ages,Eye cancer,Number,2013,147090.01465614795,199750.4331371232,107212.3355493184
Prevalence,Global,Both,All ages,Eye cancer,Number,2014,150479.98264930374,200028.17445118295,110785.27464434432
Prevalence,Global,Both,All ages,Eye cancer,Number,2015,155219.88174466186,206188.9547448731,113770.72279029562
Prevalence,Global,Both,All ages,Eye cancer,Number,2016,159063.9464774419,217178.2978775724,116421.97412853662
Prevalence,Global,Both,All ages,Eye cancer,Number,2017,163097.7840330081,221806.02658619627,120410.35985480133
Prevalence,Global,Both,All ages,Eye cancer,Number,2018,165152.55381280548,225748.42669975615,121399.71868660866
Prevalence,Global,Both,All ages,Eye cancer,Number,2019,168394.9105224685,229142.76908996064,123214.3629724176
Prevalence,Global,Both,All ages,Eye cancer,Number,2020,172253.84703851357,232692.42874629417,124508.57910592218
Prevalence,Global,Both,All ages,Eye cancer,Number,2021,171838.9774044658,233372.95402594807,124587.03910705193
Prevalence,Global,Both,All ages,Eye cancer,Number,2022,156968.8102560806,215339.18932029748,112939.71827252934
Prevalence,Global,Both,All ages,Eye cancer,Number,2023,153091.9708860902,217680.21035982727,109463.62543314502
Prevalence,Global,Both,All ages,Malignant neoplasm of bone and articular cartilage,Number,1990,386447.3965729986,546136.1596800098,290859.99660795834
Prevalence,Global,Both,All ages,Malignant neoplasm of bone and articular cartilage,Number,1991,389741.07946358446,547906.5823797223,292483.0847071941
Prevalence,Global,Both,All ages,Malignant neoplasm of bone and articular cartilage,Number,1992,396514.6307397475,553360.0755435354,299184.38388327975
Prevalence,Global,Both,All ages,Malignant neoplasm of bone and articular cartilage,Number,1993,405045.5717513389,571438.1577716182,304715.4913240059
Prevalence,Global,Both,All ages,Malignant neoplasm of bone and articular cartilage,Number,1994,413627.4581876494,590541.542905409,310645.7695765142
Prevalence,Global,Both,All ages,Malignant neoplasm of bone and articular cartilage,Number,1995,419912.5347729482,583253.4057040622,310026.1927123016
Prevalence,Global,Both,All ages,Malignant neoplasm of bone and articular cartilage,Number,1996,428426.04453188175,597074.236122376,315389.41754310526
Prevalence,Global,Both,All ages,Malignant neoplasm of bone and articular cartilage,Number,1997,435732.8877369719,606940.0117346633,321315.0303164636
Prevalence,Global,Both,All ages,Malignant neoplasm of bone and articular cartilage,Number,1998,444715.8985226869,623612.2682103395,329601.061494626
Prevalence,Global,Both,All ages,Malignant neoplasm of bone and articular cartilage,Number,1999,455227.1518259104,648836.3150180273,336487.38605662034
Prevalence,Global,Both,All ages,Malignant neoplasm of bone and articular cartilage,Number,2000,463022.836680831,656797.9773358455,342311.30578215595
Prevalence,Global,Both,All ages,Malignant neoplasm of bone and articular cartilage,Number,2001,473149.7444642196,652446.7500016207,351124.9279180408
Prevalence,Global,Both,All ages,Malignant neoplasm of bone and articular cartilage,Number,2002,486548.73726576666,663638.623991296,365215.868854619
Prevalence,Global,Both,All ages,Malignant neoplasm of bone and articular cartilage,Number,2003,506149.9018810105,704145.1182415514,383814.94095152046
Prevalence,Global,Both,All ages,Malignant neoplasm of bone and articular cartilage,Number,2004,528588.6306081578,711808.8863416343,395720.3855836362
Prevalence,Global,Both,All ages,Malignant neoplasm of bone and articular cartilage,Number,2005,543752.9346052763,733921.1788942888,408019.21973303193
Prevalence,Global,Both,All ages,Malignant neoplasm of bone and articular cartilage,Number,2006,551980.7666887225,750860.8347049777,420481.57754939527
Prevalence,Global,Both,All ages,Malignant neoplasm of bone and articular cartilage,Number,2007,563842.276149555,773725.5756089662,435083.0561935149
Prevalence,Global,Both,All ages,Malignant neoplasm of bone and articular cartilage,Number,2008,571697.9313437109,782379.6936452793,443702.4129836674
Prevalence,Global,Both,All ages,Malignant neoplasm of bone and articular cartilage,Number,2009,575443.1274688395,788822.4186801756,441162.4987028475
Prevalence,Global,Both,All ages,Malignant neoplasm of bone and articular cartilage,Number,2010,579813.0996547918,793599.6871227243,447333.9308474042
Prevalence,Global,Both,All ages,Malignant neoplasm of bone and articular cartilage,Number,2011,578814.053825532,798714.8635353689,446065.5270781679
Prevalence,Global,Both,All ages,Malignant neoplasm of bone and articular cartilage,Number,2012,580881.1399187534,784731.3250921168,451706.7399001123
Prevalence,Global,Both,All ages,Malignant neoplasm of bone and articular cartilage,Number,2013,584215.3777276152,788465.4217076097,455739.49496559775
Prevalence,Global,Both,All ages,Malignant neoplasm of bone and articular cartilage,Number,2014,595232.9776048725,810360.924976924,459838.5126506304
Prevalence,Global,Both,All ages,Malignant neoplasm of bone and articular cartilage,Number,2015,606361.7119509405,827228.6489495886,460471.7769377498
Prevalence,Global,Both,All ages,Malignant neoplasm of bone and articular cartilage,Number,2016,621782.7232547223,845152.5133376985,471178.3612470576
Prevalence,Global,Both,All ages,Malignant neoplasm of bone and articular cartilage,Number,2017,634688.5248099358,883267.2748454402,476741.21875781607
Prevalence,Global,Both,All ages,Malignant neoplasm of bone and articular cartilage,Number,2018,647528.3102525551,882249.5659906603,490570.7452646197
Prevalence,Global,Both,All ages,Malignant neoplasm of bone and articular cartilage,Number,2019,660958.9715254891,891239.2759239826,494099.5673685088
Prevalence,Global,Both,All ages,Malignant neoplasm of bone and articular cartilage,Number,2020,678792.5600895314,914233.2429910788,516654.1651719839
Prevalence,Global,Both,All ages,Malignant neoplasm of bone and articular cartilage,Number,2021,692847.5328232319,955455.2697841802,527263.7487706989
Prevalence,Global,Both,All ages,Malignant neoplasm of bone and articular cartilage,Number,2022,727331.3683859239,1005930.4588347548,548736.9936890496
Prevalence,Global,Both,All ages,Malignant neoplasm of bone and articular cartilage,Number,2023,718900.7759133878,1049391.1569781215,534798.7054830302
Prevalence,Global,Both,All ages,Esophageal cancer,Number,1990,642426.3411524915,706164.1415412105,523170.73123993806
Prevalence,Global,Both,All ages,Esophageal cancer,Number,1991,658874.9283764671,728665.406914996,535968.9150367987
Prevalence,Global,Both,All ages,Esophageal cancer,Number,1992,670942.7626299694,740006.778816178,543536.3616554532
Prevalence,Global,Both,All ages,Esophageal cancer,Number,1993,682464.4295862578,753180.7270241419,556536.9345991877
Prevalence,Global,Both,All ages,Esophageal cancer,Number,1994,692147.6291907481,764143.9535125459,573495.4172797856
Prevalence,Global,Both,All ages,Esophageal cancer,Number,1995,702512.6139126773,773730.5718619991,588941.8033506098
Prevalence,Global,Both,All ages,Esophageal cancer,Number,1996,715573.367267186,785974.8863138484,605810.555170242
Prevalence,Global,Both,All ages,Esophageal cancer,Number,1997,729411.0286817631,796645.2955893725,621590.0324383143
Prevalence,Global,Both,All ages,Esophageal cancer,Number,1998,744705.7900702101,818170.7122689842,632799.2825694942
Prevalence,Global,Both,All ages,Esophageal cancer,Number,1999,764719.3178121311,834633.6366805148,655134.7087197553
Prevalence,Global,Both,All ages,Esophageal cancer,Number,2000,781357.9633874969,853160.3000648532,667324.26546198
Prevalence,Global,Both,All ages,Esophageal cancer,Number,2001,798656.7653833888,872419.9555991216,681297.2086451666
Prevalence,Global,Both,All ages,Esophageal cancer,Number,2002,810349.5145168774,877396.9526281571,691922.720521499
Prevalence,Global,Both,All ages,Esophageal cancer,Number,2003,820042.7107598105,891727.4272979832,695961.8584430136
Prevalence,Global,Both,All ages,Esophageal cancer,Number,2004,825754.5598450785,899481.0473550187,700349.7810919783
Prevalence,Global,Both,All ages,Esophageal cancer,Number,2005,833210.4114919903,905333.330815378,713234.2151135111
Prevalence,Global,Both,All ages,Esophageal cancer,Number,2006,840183.4023447229,915760.594469512,730309.1446193412
Prevalence,Global,Both,All ages,Esophageal cancer,Number,2007,850087.0102536044,925525.2146442712,753154.5598033494
Prevalence,Global,Both,All ages,Esophageal cancer,Number,2008,845005.6555937283,924814.5346191344,761360.9888458499
Prevalence,Global,Both,All ages,Esophageal cancer,Number,2009,838896.88178041,910577.7621036884,759465.3617368864
Prevalence,Global,Both,All ages,Esophageal cancer,Number,2010,832717.9287123991,899716.3432751896,753950.26947814
Prevalence,Global,Both,All ages,Esophageal cancer,Number,2011,820522.3964402778,888013.9025944503,739000.6307274807
Prevalence,Global,Both,All ages,Esophageal cancer,Number,2012,817319.9447901145,885071.3161193741,741268.166103403
Prevalence,Global,Both,All ages,Esophageal cancer,Number,2013,812510.3339123693,879972.9167391682,742663.3684992569
Prevalence,Global,Both,All ages,Esophageal cancer,Number,2014,823744.5574433656,895276.7069019119,750149.0940639938
Prevalence,Global,Both,All ages,Esophageal cancer,Number,2015,846861.7516468613,917435.0315716123,771201.8632902756
Prevalence,Global,Both,All ages,Esophageal cancer,Number,2016,877362.440538058,951938.2409759938,801625.7411044176
Prevalence,Global,Both,All ages,Esophageal cancer,Number,2017,903933.863327204,983912.4242656436,824557.3480607611
Prevalence,Global,Both,All ages,Esophageal cancer,Number,2018,915651.8107248168,1001293.8215042616,836862.1684509479
Prevalence,Global,Both,All ages,Esophageal cancer,Number,2019,922628.3314511554,1004972.221221846,843589.8042888948
Prevalence,Global,Both,All ages,Esophageal cancer,Number,2020,931773.7760872572,1015196.4988562508,844451.152868181
Prevalence,Global,Both,All ages,Esophageal cancer,Number,2021,981437.1399398688,1068432.078754451,887874.2463146336
Prevalence,Global,Both,All ages,Esophageal cancer,Number,2022,1054353.894673025,1166675.7109191208,949798.6809421591
Prevalence,Global,Both,All ages,Esophageal cancer,Number,2023,1075606.3584684895,1197675.8450545038,959478.268891206
Prevalence,Global,Both,All ages,Liver cancer,Number,1990,348253.5768333877,398417.7625830461,308980.32143929345
Prevalence,Global,Both,All ages,Liver cancer,Number,1991,364165.84135361615,413176.53417777264,326873.55818266363
Prevalence,Global,Both,All ages,Liver cancer,Number,1992,380213.3459077568,429392.4737171226,343066.97275500884
Prevalence,Global,Both,All ages,Liver cancer,Number,1993,395745.6311580565,448442.8636106756,355592.9474795678
Prevalence,Global,Both,All ages,Liver cancer,Number,1994,410831.67942761135,461635.6753220218,369091.64185497
Prevalence,Global,Both,All ages,Liver cancer,Number,1995,424555.67604235193,477210.3625540099,380274.36429221067
Prevalence,Global,Both,All ages,Liver cancer,Number,1996,438048.1138696321,491027.4588793237,394081.4208543499
Prevalence,Global,Both,All ages,Liver cancer,Number,1997,451926.1735421314,508058.2647024924,409867.2125814429
Prevalence,Global,Both,All ages,Liver cancer,Number,1998,465532.10223485006,525189.8786758725,421287.9456652299
Prevalence,Global,Both,All ages,Liver cancer,Number,1999,478995.5103278282,538479.9644360098,431617.5635677418
Prevalence,Global,Both,All ages,Liver cancer,Number,2000,491399.1844800472,552615.6224343079,440903.55734851095
Prevalence,Global,Both,All ages,Liver cancer,Number,2001,501661.6366307335,560079.1845527845,454618.82937659614
Prevalence,Global,Both,All ages,Liver cancer,Number,2002,510180.2995310164,564881.6355646326,468924.0258390199
Prevalence,Global,Both,All ages,Liver cancer,Number,2003,517652.9058542177,570659.0560551462,474810.8089736224
Prevalence,Global,Both,All ages,Liver cancer,Number,2004,526347.5433780856,582006.4818439777,474615.4852656152
Prevalence,Global,Both,All ages,Liver cancer,Number,2005,538340.244989197,592343.0189417391,482829.2907194262
Prevalence,Global,Both,All ages,Liver cancer,Number,2006,554501.2153918191,606408.9027513072,501906.1684824133
Prevalence,Global,Both,All ages,Liver cancer,Number,2007,574375.306481129,626131.2795679156,522933.9348278856
Prevalence,Global,Both,All ages,Liver cancer,Number,2008,595413.0366863325,656574.6532337191,536298.367868322
Prevalence,Global,Both,All ages,Liver cancer,Number,2009,616373.1057414497,684530.0036150821,554495.9218287165
Prevalence,Global,Both,All ages,Liver cancer,Number,2010,635244.6283292368,723892.8762157653,566153.5737521843
Prevalence,Global,Both,All ages,Liver cancer,Number,2011,652028.6235346041,727767.335803807,584364.0900409024
Prevalence,Global,Both,All ages,Liver cancer,Number,2012,668289.4204386206,750322.7116175388,598056.9434101165
Prevalence,Global,Both,All ages,Liver cancer,Number,2013,683892.6094305806,763282.4443332485,612281.490757588
Prevalence,Global,Both,All ages,Liver cancer,Number,2014,698640.9702646654,788075.5814642017,621588.1809970206
Prevalence,Global,Both,All ages,Liver cancer,Number,2015,711845.1196472491,813379.6288397157,631269.9517167164
Prevalence,Global,Both,All ages,Liver cancer,Number,2016,719551.5888970278,813223.0711320785,634844.1211241108
Prevalence,Global,Both,All ages,Liver cancer,Number,2017,721346.9895769218,811610.4503641285,634175.569299847
Prevalence,Global,Both,All ages,Liver cancer,Number,2018,720698.1997427742,816303.911759274,633687.7128771371
Prevalence,Global,Both,All ages,Liver cancer,Number,2019,722844.168517719,820762.7975990355,628249.9466038985
Prevalence,Global,Both,All ages,Liver cancer,Number,2020,732787.6156723826,842593.8874568848,637580.249191317
Prevalence,Global,Both,All ages,Liver cancer,Number,2021,762788.9908397982,873076.8425486763,665743.2673309792
Prevalence,Global,Both,All ages,Liver cancer,Number,2022,801310.9214789042,925085.5803785512,687210.6820125945
Prevalence,Global,Both,All ages,Liver cancer,Number,2023,836854.0318840994,962847.4389839337,711770.5739146052
Prevalence,Global,Both,All ages,Neuroblastoma and other peripheral nervous cell tumors,Number,1990,50962.42039712955,91991.73933670911,21660.59828796412
Prevalence,Global,Both,All ages,Neuroblastoma and other peripheral nervous cell tumors,Number,1991,51189.02442829702,94497.44606557488,22540.877934684613
Prevalence,Global,Both,All ages,Neuroblastoma and other peripheral nervous cell tumors,Number,1992,51597.99088633306,93463.770008268,22482.24966094064
Prevalence,Global,Both,All ages,Neuroblastoma and other peripheral nervous cell tumors,Number,1993,52609.66256042333,96452.4505534572,22370.89805039541
Prevalence,Global,Both,All ages,Neuroblastoma and other peripheral nervous cell tumors,Number,1994,53513.16734573963,99612.36988000388,22420.495987257767
Prevalence,Global,Both,All ages,Neuroblastoma and other peripheral nervous cell tumors,Number,1995,54493.22681482161,101968.55330645382,23227.603497438184
Prevalence,Global,Both,All ages,Neuroblastoma and other peripheral nervous cell tumors,Number,1996,56386.93643144776,108482.48486886206,24153.241348318574
Prevalence,Global,Both,All ages,Neuroblastoma and other peripheral nervous cell tumors,Number,1997,58520.62116883147,112092.44773877056,24508.486306880983
Prevalence,Global,Both,All ages,Neuroblastoma and other peripheral nervous cell tumors,Number,1998,60866.1669574996,114686.043909683,26487.80709591889
Prevalence,Global,Both,All ages,Neuroblastoma and other peripheral nervous cell tumors,Number,1999,63657.70524237731,118574.12176492556,29255.67789630296
Prevalence,Global,Both,All ages,Neuroblastoma and other peripheral nervous cell tumors,Number,2000,65797.76941903912,122311.54842519456,30425.79579722928
Prevalence,Global,Both,All ages,Neuroblastoma and other peripheral nervous cell tumors,Number,2001,67689.10657207888,128193.97137210036,31606.35494054468
Prevalence,Global,Both,All ages,Neuroblastoma and other peripheral nervous cell tumors,Number,2002,70116.76410757916,132523.95763739693,33616.69462334017
Prevalence,Global,Both,All ages,Neuroblastoma and other peripheral nervous cell tumors,Number,2003,72404.46742016224,138477.52926453267,34294.14984407747
Prevalence,Global,Both,All ages,Neuroblastoma and other peripheral nervous cell tumors,Number,2004,75369.92713620933,140641.3017619369,34774.02208852014
Prevalence,Global,Both,All ages,Neuroblastoma and other peripheral nervous cell tumors,Number,2005,77932.27356881212,144442.05888946907,35887.24071647978
Prevalence,Global,Both,All ages,Neuroblastoma and other peripheral nervous cell tumors,Number,2006,80422.76166765558,152537.8649388584,36109.66742240818
Prevalence,Global,Both,All ages,Neuroblastoma and other peripheral nervous cell tumors,Number,2007,83142.4385593237,159696.0656986155,36943.083920997175
Prevalence,Global,Both,All ages,Neuroblastoma and other peripheral nervous cell tumors,Number,2008,84699.79111937051,161179.25936057552,39869.79948297915
Prevalence,Global,Both,All ages,Neuroblastoma and other peripheral nervous cell tumors,Number,2009,85052.2194851272,164771.39500884173,39444.63379148073
Prevalence,Global,Both,All ages,Neuroblastoma and other peripheral nervous cell tumors,Number,2010,84890.39822622956,169179.5302667949,39263.45795815138
Prevalence,Global,Both,All ages,Neuroblastoma and other peripheral nervous cell tumors,Number,2011,83724.62312702891,167111.99353435292,38769.38927186878
Prevalence,Global,Both,All ages,Neuroblastoma and other peripheral nervous cell tumors,Number,2012,82747.27922588086,161393.45927774117,38671.0788115208
Prevalence,Global,Both,All ages,Neuroblastoma and other peripheral nervous cell tumors,Number,2013,81916.4017159646,157903.773034945,36546.735988852764
Prevalence,Global,Both,All ages,Neuroblastoma and other peripheral nervous cell tumors,Number,2014,81427.01124692186,162831.65613464144,35820.11660389966
Prevalence,Global,Both,All ages,Neuroblastoma and other peripheral nervous cell tumors,Number,2015,80661.641117005,160462.0688270541,34272.962229176825
Prevalence,Global,Both,All ages,Neuroblastoma and other peripheral nervous cell tumors,Number,2016,80153.68881622438,165901.71289635345,33823.43996248404
Prevalence,Global,Both,All ages,Neuroblastoma and other peripheral nervous cell tumors,Number,2017,80228.26741458254,160269.84836511183,33612.98428291323
Prevalence,Global,Both,All ages,Neuroblastoma and other peripheral nervous cell tumors,Number,2018,79985.01823119551,153340.34650973533,32949.29600125827
Prevalence,Global,Both,All ages,Neuroblastoma and other peripheral nervous cell tumors,Number,2019,79008.16162100302,156961.35481473184,32216.59984645988
Prevalence,Global,Both,All ages,Neuroblastoma and other peripheral nervous cell tumors,Number,2020,80475.28095549336,159342.9921703855,33693.543365354955
Prevalence,Global,Both,All ages,Neuroblastoma and other peripheral nervous cell tumors,Number,2021,79789.78649153573,150861.41564071993,34402.62209632421
Prevalence,Global,Both,All ages,Neuroblastoma and other peripheral nervous cell tumors,Number,2022,80026.4965918596,152902.8459503107,34713.022307481246
Prevalence,Global,Both,All ages,Neuroblastoma and other peripheral nervous cell tumors,Number,2023,78432.79089826216,150849.43704786085,34074.08284172611
Prevalence,Global,Both,All ages,Larynx cancer,Number,1990,666846.6134898372,769030.5937500598,581803.5842398866
Prevalence,Global,Both,All ages,Larynx cancer,Number,1991,685766.8067576014,794149.6751909226,591443.9047422264
Prevalence,Global,Both,All ages,Larynx cancer,Number,1992,699389.3465476824,805692.3824561569,604582.4406032452
Prevalence,Global,Both,All ages,Larynx cancer,Number,1993,716042.7101010906,824194.3803436941,620934.1963176983
Prevalence,Global,Both,All ages,Larynx cancer,Number,1994,723409.6236686904,834370.4917227414,631527.0499750258
Prevalence,Global,Both,All ages,Larynx cancer,Number,1995,738530.6560816967,851658.9691351049,646734.4512859925
Prevalence,Global,Both,All ages,Larynx cancer,Number,1996,751124.0601822623,864301.5636234598,659263.7293385912
Prevalence,Global,Both,All ages,Larynx cancer,Number,1997,761188.7976602126,878692.0527608499,667242.7106976155
Prevalence,Global,Both,All ages,Larynx cancer,Number,1998,770427.2949753441,889266.2853697069,669137.5309506755
Prevalence,Global,Both,All ages,Larynx cancer,Number,1999,777153.7393221251,894317.2391760941,669675.5506892898
Prevalence,Global,Both,All ages,Larynx cancer,Number,2000,783181.7541602734,904246.7200951634,679323.4837115625
Prevalence,Global,Both,All ages,Larynx cancer,Number,2001,788691.6739898478,912675.7351873496,681684.073053723
Prevalence,Global,Both,All ages,Larynx cancer,Number,2002,799830.3357353042,913514.4506852438,690792.2636067427
Prevalence,Global,Both,All ages,Larynx cancer,Number,2003,810588.9100395626,928058.098132695,707941.5962878057
Prevalence,Global,Both,All ages,Larynx cancer,Number,2004,817179.8766507831,929937.5110264672,713963.8784434042
Prevalence,Global,Both,All ages,Larynx cancer,Number,2005,834827.5809532094,953487.7610915232,730376.2796955386
Prevalence,Global,Both,All ages,Larynx cancer,Number,2006,853394.2681940828,980755.3659385944,740472.4212775542
Prevalence,Global,Both,All ages,Larynx cancer,Number,2007,874564.0908202124,1010796.7875429494,760659.2186939868
Prevalence,Global,Both,All ages,Larynx cancer,Number,2008,894980.0355951099,1035065.5046487292,780071.0407255555
Prevalence,Global,Both,All ages,Larynx cancer,Number,2009,908519.3976899944,1067783.8215712798,791799.0139599959
Prevalence,Global,Both,All ages,Larynx cancer,Number,2010,925753.4429552238,1096511.7061353032,815009.9502021489
Prevalence,Global,Both,All ages,Larynx cancer,Number,2011,948111.2926184406,1125308.4697254256,826735.0882421883
Prevalence,Global,Both,All ages,Larynx cancer,Number,2012,968938.7466986744,1154843.8598847797,837245.4937991623
Prevalence,Global,Both,All ages,Larynx cancer,Number,2013,982599.8307384484,1159617.4626919357,850399.7270978763
Prevalence,Global,Both,All ages,Larynx cancer,Number,2014,997969.5351737648,1176572.8174167995,855794.0733404595
Prevalence,Global,Both,All ages,Larynx cancer,Number,2015,1021714.1032191868,1196712.6673591482,869128.6894726416
Prevalence,Global,Both,All ages,Larynx cancer,Number,2016,1057037.0145293344,1243615.269634792,886349.4273481134
Prevalence,Global,Both,All ages,Larynx cancer,Number,2017,1086889.7597389517,1279455.2581167473,916337.247580214
Prevalence,Global,Both,All ages,Larynx cancer,Number,2018,1107945.2580188718,1320272.653086478,943343.5375818944
Prevalence,Global,Both,All ages,Larynx cancer,Number,2019,1133882.346275682,1357177.2284849838,966590.822872294
Prevalence,Global,Both,All ages,Larynx cancer,Number,2020,1154768.9142289057,1382566.4977651231,978467.9815814618
Prevalence,Global,Both,All ages,Larynx cancer,Number,2021,1195032.038958887,1434407.18699904,1007363.2780918508
Prevalence,Global,Both,All ages,Larynx cancer,Number,2022,1281634.8561746017,1527007.790852089,1080044.7401479352
Prevalence,Global,Both,All ages,Larynx cancer,Number,2023,1311814.268556782,1576083.1369887155,1113372.2969817128
Prevalence,Global,Both,All ages,Nasopharynx cancer,Number,1990,356486.9049834315,481167.5439123912,277531.20767410455
Prevalence,Global,Both,All ages,Nasopharynx cancer,Number,1991,372186.7723078961,500443.2335639711,288263.2572993941
Prevalence,Global,Both,All ages,Nasopharynx cancer,Number,1992,381876.5394391253,519718.5536136674,293465.3848550542
Prevalence,Global,Both,All ages,Nasopharynx cancer,Number,1993,392312.32202446274,544903.1373441312,298519.2138651493
Prevalence,Global,Both,All ages,Nasopharynx cancer,Number,1994,401219.4243268441,554139.0395397347,306817.52992000297
Prevalence,Global,Both,All ages,Nasopharynx cancer,Number,1995,412305.6187637692,569792.931563721,315056.8503547197
Prevalence,Global,Both,All ages,Nasopharynx cancer,Number,1996,423261.0136515702,592817.7349121291,321955.40233150974
Prevalence,Global,Both,All ages,Nasopharynx cancer,Number,1997,433382.4312455438,616513.2402426804,325743.5164127776
Prevalence,Global,Both,All ages,Nasopharynx cancer,Number,1998,442383.803728549,618799.3615742584,330816.5941117776
Prevalence,Global,Both,All ages,Nasopharynx cancer,Number,1999,447405.2939202433,611726.877172776,339816.3815112124
Prevalence,Global,Both,All ages,Nasopharynx cancer,Number,2000,447719.835157486,606492.1868585043,337623.1831339813
Prevalence,Global,Both,All ages,Nasopharynx cancer,Number,2001,445021.2426920665,604632.2453715377,330770.47263152327
Prevalence,Global,Both,All ages,Nasopharynx cancer,Number,2002,441938.1687060368,584339.4423759369,335458.9466511257
Prevalence,Global,Both,All ages,Nasopharynx cancer,Number,2003,438273.3054739415,579243.2866798154,337602.5709378411
Prevalence,Global,Both,All ages,Nasopharynx cancer,Number,2004,439163.3042725527,569858.3873100283,341927.9897051839
Prevalence,Global,Both,All ages,Nasopharynx cancer,Number,2005,453755.12958532886,590282.971182313,354800.5222406123
Prevalence,Global,Both,All ages,Nasopharynx cancer,Number,2006,473225.77597476647,621971.5671330763,359875.41605032014
Prevalence,Global,Both,All ages,Nasopharynx cancer,Number,2007,495790.2961420622,643107.094815156,373715.1935001283
Prevalence,Global,Both,All ages,Nasopharynx cancer,Number,2008,507527.0819588734,647445.0193595572,381863.1180708527
Prevalence,Global,Both,All ages,Nasopharynx cancer,Number,2009,514511.88446381147,660419.4916872206,398098.6296406803
Prevalence,Global,Both,All ages,Nasopharynx cancer,Number,2010,527017.2298353013,686366.2351159337,406534.78485034726
Prevalence,Global,Both,All ages,Nasopharynx cancer,Number,2011,539145.9669004695,723093.3869070811,416307.1770556646
Prevalence,Global,Both,All ages,Nasopharynx cancer,Number,2012,555761.2979396783,741751.1795520596,432776.3073169165
Prevalence,Global,Both,All ages,Nasopharynx cancer,Number,2013,573023.2595029536,769237.1484286484,445647.7086726567
Prevalence,Global,Both,All ages,Nasopharynx cancer,Number,2014,593644.5434924915,790499.8154275402,455832.0216147944
Prevalence,Global,Both,All ages,Nasopharynx cancer,Number,2015,619481.9959242879,816394.5242958408,482502.0592602014
Prevalence,Global,Both,All ages,Nasopharynx cancer,Number,2016,650094.4830078968,862245.2068217782,506794.1174948529
Prevalence,Global,Both,All ages,Nasopharynx cancer,Number,2017,682598.3116574162,887844.848936964,524703.2612382575
Prevalence,Global,Both,All ages,Nasopharynx cancer,Number,2018,702919.090703865,909547.3070223976,535124.3317305993
Prevalence,Global,Both,All ages,Nasopharynx cancer,Number,2019,718140.7143899266,926149.053701516,547166.2213399427
Prevalence,Global,Both,All ages,Nasopharynx cancer,Number,2020,735630.4455109541,986838.7655239851,560086.4677679182
Prevalence,Global,Both,All ages,Nasopharynx cancer,Number,2021,785041.4773901061,1036575.3164390064,591319.2560255736
Prevalence,Global,Both,All ages,Nasopharynx cancer,Number,2022,862276.5352794202,1174692.511042352,639053.30211278
Prevalence,Global,Both,All ages,Nasopharynx cancer,Number,2023,875774.4303911326,1210740.4276195755,634407.5108839583
Prevalence,Global,Both,All ages,Non-melanoma skin cancer,Number,1990,838436.2701721134,950257.7021880968,737526.8485268084
Prevalence,Global,Both,All ages,Non-melanoma skin cancer,Number,1991,777939.0793513594,879910.7442941656,687736.6302135158
Prevalence,Global,Both,All ages,Non-melanoma skin cancer,Number,1992,721856.21679439,815755.5172056197,641313.089911239
Prevalence,Global,Both,All ages,Non-melanoma skin cancer,Number,1993,677146.8467004754,763112.5250521412,603600.6634098906
Prevalence,Global,Both,All ages,Non-melanoma skin cancer,Number,1994,646623.34878299,726125.3490749963,578082.6081946947
Prevalence,Global,Both,All ages,Non-melanoma skin cancer,Number,1995,640136.4291842488,718006.5989395712,573518.1813375938
Prevalence,Global,Both,All ages,Non-melanoma skin cancer,Number,1996,650067.5235712965,728289.7801602611,582225.6411788322
Prevalence,Global,Both,All ages,Non-melanoma skin cancer,Number,1997,665067.4949813222,744453.0913835876,595593.7110554491
Prevalence,Global,Both,All ages,Non-melanoma skin cancer,Number,1998,682376.2739536176,762726.0913082086,612284.3678865238
Prevalence,Global,Both,All ages,Non-melanoma skin cancer,Number,1999,699281.968041988,780853.6156514703,629439.9815601301
Prevalence,Global,Both,All ages,Non-melanoma skin cancer,Number,2000,712209.0855214433,792704.3062206198,642734.2905777185
Prevalence,Global,Both,All ages,Non-melanoma skin cancer,Number,2001,707748.506570072,787017.3752226789,640069.0025843793
Prevalence,Global,Both,All ages,Non-melanoma skin cancer,Number,2002,685005.6350192372,759701.7335351434,621534.3511881623
Prevalence,Global,Both,All ages,Non-melanoma skin cancer,Number,2003,654718.9296430344,723720.3518329645,595292.4365209457
Prevalence,Global,Both,All ages,Non-melanoma skin cancer,Number,2004,630298.6209037991,698039.1505203836,573261.2334031252
Prevalence,Global,Both,All ages,Non-melanoma skin cancer,Number,2005,631453.8416951074,700538.4263327316,573098.9224525951
Prevalence,Global,Both,All ages,Non-melanoma skin cancer,Number,2006,765914.2893584761,849719.378823697,695251.8676111945
Prevalence,Global,Both,All ages,Non-melanoma skin cancer,Number,2007,1076400.370183957,1193203.2229626295,977342.5537698442
Prevalence,Global,Both,All ages,Non-melanoma skin cancer,Number,2008,1467596.295746986,1629768.1941393595,1324925.5217334917
Prevalence,Global,Both,All ages,Non-melanoma skin cancer,Number,2009,1824951.5910607392,2028693.7302211544,1639269.8738750475
Prevalence,Global,Both,All ages,Non-melanoma skin cancer,Number,2010,2046770.6432667968,2277024.752800024,1833009.5093475936
Prevalence,Global,Both,All ages,Non-melanoma skin cancer,Number,2011,2154710.283035855,2386903.6006227257,1936106.504361666
Prevalence,Global,Both,All ages,Non-melanoma skin cancer,Number,2012,2270653.9003209816,2507447.292758678,2042633.7564056672
Prevalence,Global,Both,All ages,Non-melanoma skin cancer,Number,2013,2387632.717501466,2631159.436859149,2159339.4495873745
Prevalence,Global,Both,All ages,Non-melanoma skin cancer,Number,2014,2497165.131570088,2746979.8173733344,2264523.207537245
Prevalence,Global,Both,All ages,Non-melanoma skin cancer,Number,2015,2603995.7199036013,2864561.1730164606,2363276.558005742
Prevalence,Global,Both,All ages,Non-melanoma skin cancer,Number,2016,2687962.356412312,2954250.563278363,2441263.5786035075
Prevalence,Global,Both,All ages,Non-melanoma skin cancer,Number,2017,2773496.5066400804,3053960.808839628,2505739.336845612
Prevalence,Global,Both,All ages,Non-melanoma skin cancer,Number,2018,2845991.9482151065,3139578.208135417,2562455.5394046726
Prevalence,Global,Both,All ages,Non-melanoma skin cancer,Number,2019,2912697.365767516,3223787.5488717025,2617686.369094886
Prevalence,Global,Both,All ages,Non-melanoma skin cancer,Number,2020,2978635.6389208133,3306614.469729283,2669488.4187943805
Prevalence,Global,Both,All ages,Non-melanoma skin cancer,Number,2021,2952988.0642059515,3279867.308815432,2629809.16056586
Prevalence,Global,Both,All ages,Non-melanoma skin cancer,Number,2022,2925968.3620137693,3305173.848646603,2581778.907122367
Prevalence,Global,Both,All ages,Non-melanoma skin cancer,Number,2023,2997563.4456089246,3428138.181162718,2631341.6722425213
Prevalence,Global,Both,All ages,Kidney cancer,Number,1990,813661.6846295419,982957.6413543284,671833.6754369426
Prevalence,Global,Both,All ages,Kidney cancer,Number,1991,845818.1760210313,1026913.4191071626,704478.9790818426
Prevalence,Global,Both,All ages,Kidney cancer,Number,1992,877073.1755760703,1064525.3567971033,723578.2499940846
Prevalence,Global,Both,All ages,Kidney cancer,Number,1993,910093.0229029392,1108745.1144750242,747744.3469032485
Prevalence,Global,Both,All ages,Kidney cancer,Number,1994,945079.7885277166,1132905.448610162,774065.7558811783
Prevalence,Global,Both,All ages,Kidney cancer,Number,1995,983861.3159085674,1174369.2274707202,804660.7203641186
Prevalence,Global,Both,All ages,Kidney cancer,Number,1996,1016802.6071351554,1209989.194781681,835044.454722841
Prevalence,Global,Both,All ages,Kidney cancer,Number,1997,1048885.8540341766,1267148.254404166,873540.4573443027
Prevalence,Global,Both,All ages,Kidney cancer,Number,1998,1087998.760630136,1299432.8744640644,913905.6013743395
Prevalence,Global,Both,All ages,Kidney cancer,Number,1999,1121777.6406081608,1322988.189980669,953378.10349237
Prevalence,Global,Both,All ages,Kidney cancer,Number,2000,1165165.917099318,1386640.4762751944,964802.8909054928
Prevalence,Global,Both,All ages,Kidney cancer,Number,2001,1210320.5547744862,1455761.7898466827,987972.9656541822
Prevalence,Global,Both,All ages,Kidney cancer,Number,2002,1253547.5844520356,1522062.1569482358,1045943.6084383392
Prevalence,Global,Both,All ages,Kidney cancer,Number,2003,1306115.6030036495,1585520.0632127456,1089736.4718547116
Prevalence,Global,Both,All ages,Kidney cancer,Number,2004,1352468.6465779291,1620964.6908229787,1135806.8940628883
Prevalence,Global,Both,All ages,Kidney cancer,Number,2005,1416269.086567058,1704626.3920096778,1191105.7660368024
Prevalence,Global,Both,All ages,Kidney cancer,Number,2006,1458684.2610333047,1767698.025391072,1215275.2128796494
Prevalence,Global,Both,All ages,Kidney cancer,Number,2007,1508963.3673428595,1823113.071538909,1269112.707009732
Prevalence,Global,Both,All ages,Kidney cancer,Number,2008,1568330.4120951097,1884749.8178954527,1327887.5487231547
Prevalence,Global,Both,All ages,Kidney cancer,Number,2009,1616903.335021501,1912678.2215450003,1372632.266534425
Prevalence,Global,Both,All ages,Kidney cancer,Number,2010,1666625.6683128066,1989122.945550329,1417861.8167338013
Prevalence,Global,Both,All ages,Kidney cancer,Number,2011,1707260.0108249004,2036127.3214616787,1450116.3739936028
Prevalence,Global,Both,All ages,Kidney cancer,Number,2012,1743545.779535663,2083184.7311938445,1479583.5989368823
Prevalence,Global,Both,All ages,Kidney cancer,Number,2013,1780381.101378422,2119133.119699538,1489882.1169926762
Prevalence,Global,Both,All ages,Kidney cancer,Number,2014,1808874.6547088893,2142546.542409193,1510974.677540192
Prevalence,Global,Both,All ages,Kidney cancer,Number,2015,1846869.9916579523,2187711.0436259536,1525707.582644511
Prevalence,Global,Both,All ages,Kidney cancer,Number,2016,1874989.318382479,2229830.3004493923,1543390.027378252
Prevalence,Global,Both,All ages,Kidney cancer,Number,2017,1893696.851497877,2285231.493230185,1554220.3831048284
Prevalence,Global,Both,All ages,Kidney cancer,Number,2018,1917694.7640080624,2320900.22804668,1591884.7003961594
Prevalence,Global,Both,All ages,Kidney cancer,Number,2019,1948008.9809020967,2356495.952502383,1618385.199559183
Prevalence,Global,Both,All ages,Kidney cancer,Number,2020,1972436.3994774756,2401792.5979641853,1634485.5141655367
Prevalence,Global,Both,All ages,Kidney cancer,Number,2021,1997026.948030462,2445296.62189762,1659061.445030281
Prevalence,Global,Both,All ages,Kidney cancer,Number,2022,2073860.8659993792,2519171.950767402,1717441.7182213974
Prevalence,Global,Both,All ages,Kidney cancer,Number,2023,2081786.508436306,2522688.2943631774,1723889.3848567645
Prevalence,Global,Both,All ages,Brain and central nervous system cancer,Number,1990,570281.0219623742,796275.3331270451,394581.41881299927
Prevalence,Global,Both,All ages,Brain and central nervous system cancer,Number,1991,585657.7931626195,838610.4401262226,405537.1003231094
Prevalence,Global,Both,All ages,Brain and central nervous system cancer,Number,1992,598552.9125617369,867342.9442175957,403213.1922903176
Prevalence,Global,Both,All ages,Brain and central nervous system cancer,Number,1993,610060.9731332555,885517.1936476495,417870.64219918346
Prevalence,Global,Both,All ages,Brain and central nervous system cancer,Number,1994,627554.787976027,925877.1155709762,427636.8641212945
Prevalence,Global,Both,All ages,Brain and central nervous system cancer,Number,1995,644646.6851984371,970028.077587972,430653.5662684078
Prevalence,Global,Both,All ages,Brain and central nervous system cancer,Number,1996,660843.4260085264,982430.018707398,451165.77179388655
Prevalence,Global,Both,All ages,Brain and central nervous system cancer,Number,1997,673118.3007951584,1033847.3920527304,454284.1940684394
Prevalence,Global,Both,All ages,Brain and central nervous system cancer,Number,1998,684626.9911268081,1049358.0951857285,472571.1604195083
Prevalence,Global,Both,All ages,Brain and central nervous system cancer,Number,1999,699535.9842084948,1045484.7213556378,486011.62123864895
Prevalence,Global,Both,All ages,Brain and central nervous system cancer,Number,2000,716372.2681646476,1065672.8406162434,497912.6461627566
Prevalence,Global,Both,All ages,Brain and central nervous system cancer,Number,2001,727154.0324957903,1078571.0271661272,507426.2526286996
Prevalence,Global,Both,All ages,Brain and central nervous system cancer,Number,2002,739807.3440262639,1146622.601935581,528590.8909482482
Prevalence,Global,Both,All ages,Brain and central nervous system cancer,Number,2003,753304.9343357331,1136469.5248196083,534544.5522249036
Prevalence,Global,Both,All ages,Brain and central nervous system cancer,Number,2004,769510.582189053,1132443.29826226,544082.4799824404
Prevalence,Global,Both,All ages,Brain and central nervous system cancer,Number,2005,790263.280246655,1126555.2463112688,558158.115293144
Prevalence,Global,Both,All ages,Brain and central nervous system cancer,Number,2006,807590.3039143676,1132997.4784924693,554134.2117211699
Prevalence,Global,Both,All ages,Brain and central nervous system cancer,Number,2007,826417.5644490203,1177173.0631017303,559226.9010715166
Prevalence,Global,Both,All ages,Brain and central nervous system cancer,Number,2008,851535.2387943078,1227909.0584556574,584452.4349088075
Prevalence,Global,Both,All ages,Brain and central nervous system cancer,Number,2009,870350.0153970328,1248972.5039200485,604958.9896440586
Prevalence,Global,Both,All ages,Brain and central nervous system cancer,Number,2010,888884.6355017476,1309194.6449430296,626773.3138525477
Prevalence,Global,Both,All ages,Brain and central nervous system cancer,Number,2011,904146.9960501032,1325582.2268198316,634526.2740633569
Prevalence,Global,Both,All ages,Brain and central nervous system cancer,Number,2012,922458.6442140632,1385358.041157344,650270.055507366
Prevalence,Global,Both,All ages,Brain and central nervous system cancer,Number,2013,937307.7659238436,1392925.9552825554,662646.6616193223
Prevalence,Global,Both,All ages,Brain and central nervous system cancer,Number,2014,958972.874494124,1439876.520596452,671653.3912330341
Prevalence,Global,Both,All ages,Brain and central nervous system cancer,Number,2015,980769.752431132,1437222.1810468282,684206.2649758677
Prevalence,Global,Both,All ages,Brain and central nervous system cancer,Number,2016,1007247.3999110006,1475019.857081429,702633.730700586
Prevalence,Global,Both,All ages,Brain and central nervous system cancer,Number,2017,1031922.0234610336,1516789.458945768,709302.702025242
Prevalence,Global,Both,All ages,Brain and central nervous system cancer,Number,2018,1053049.574499203,1556242.1411556432,709299.9542020484
Prevalence,Global,Both,All ages,Brain and central nervous system cancer,Number,2019,1076762.8227319932,1619238.0836776446,722327.2709535509
Prevalence,Global,Both,All ages,Brain and central nervous system cancer,Number,2020,1107899.186071279,1679443.5766604354,749657.273588642
Prevalence,Global,Both,All ages,Brain and central nervous system cancer,Number,2021,1132445.997545228,1720273.9652563315,752939.2404419263
Prevalence,Global,Both,All ages,Brain and central nervous system cancer,Number,2022,1174657.195044297,1764702.480101991,769810.4441403394
Prevalence,Global,Both,All ages,Brain and central nervous system cancer,Number,2023,1169497.5332305362,1750460.4123239776,773585.3988080954
Prevalence,Global,Both,All ages,Multiple myeloma,Number,1990,154336.41943788648,271723.1565916439,100459.32681984227
Prevalence,Global,Both,All ages,Multiple myeloma,Number,1991,160625.77993693517,280522.629664658,104557.12982535482
Prevalence,Global,Both,All ages,Multiple myeloma,Number,1992,167126.1245984535,293059.1162934838,107396.4904391627
Prevalence,Global,Both,All ages,Multiple myeloma,Number,1993,177883.8654795192,309401.0438194269,114775.5748840087
Prevalence,Global,Both,All ages,Multiple myeloma,Number,1994,188000.99365050244,332800.4054196943,122653.34393651257
Prevalence,Global,Both,All ages,Multiple myeloma,Number,1995,200431.60727716383,343806.2721764683,130338.50806237354
Prevalence,Global,Both,All ages,Multiple myeloma,Number,1996,211253.3731118212,357827.0122066449,138606.23665764325
Prevalence,Global,Both,All ages,Multiple myeloma,Number,1997,222204.89085653916,380473.4262374643,145314.6310642936
Prevalence,Global,Both,All ages,Multiple myeloma,Number,1998,235928.21797145891,394896.9426608068,159282.61424147277
Prevalence,Global,Both,All ages,Multiple myeloma,Number,1999,247850.12029461272,412019.3719367645,165792.04771629005
Prevalence,Global,Both,All ages,Multiple myeloma,Number,2000,257363.6970123001,436603.6970825803,174782.6775307135
Prevalence,Global,Both,All ages,Multiple myeloma,Number,2001,266458.70318404766,442843.4373409807,183050.14440191956
Prevalence,Global,Both,All ages,Multiple myeloma,Number,2002,278309.376191583,466867.89007713215,190844.142313423
Prevalence,Global,Both,All ages,Multiple myeloma,Number,2003,290924.71910022217,474860.4482758936,193542.50541687655
Prevalence,Global,Both,All ages,Multiple myeloma,Number,2004,299059.81773627823,477573.9314128991,202062.90771652813
Prevalence,Global,Both,All ages,Multiple myeloma,Number,2005,314460.950041413,501918.92770443857,213204.96598227893
Prevalence,Global,Both,All ages,Multiple myeloma,Number,2006,327178.3880309173,515391.0555753164,222044.37600117616
Prevalence,Global,Both,All ages,Multiple myeloma,Number,2007,343547.36892648315,534187.8132704878,229485.544470972
Prevalence,Global,Both,All ages,Multiple myeloma,Number,2008,357936.63312468264,539253.6002918461,245935.00689858675
Prevalence,Global,Both,All ages,Multiple myeloma,Number,2009,366021.3375229039,558817.4536414279,257255.07362224848
Prevalence,Global,Both,All ages,Multiple myeloma,Number,2010,380652.9505135933,568541.6552361709,271693.7185754002
Prevalence,Global,Both,All ages,Multiple myeloma,Number,2011,392071.3156983013,607143.9055981509,286579.5836933708
Prevalence,Global,Both,All ages,Multiple myeloma,Number,2012,405070.5847139393,631872.3001274089,296784.23003484105
Prevalence,Global,Both,All ages,Multiple myeloma,Number,2013,417136.6784137864,654002.6176740043,301023.8157720727
Prevalence,Global,Both,All ages,Multiple myeloma,Number,2014,429169.4358278793,670431.1263532691,311649.5746347019
Prevalence,Global,Both,All ages,Multiple myeloma,Number,2015,447891.67141717975,697364.2183853004,326872.1803424993
Prevalence,Global,Both,All ages,Multiple myeloma,Number,2016,460038.6410462137,720611.5582772212,334020.30215525004
Prevalence,Global,Both,All ages,Multiple myeloma,Number,2017,473955.6848626567,735662.6199478847,339236.8897513347
Prevalence,Global,Both,All ages,Multiple myeloma,Number,2018,484037.7397620983,733665.3667352623,337459.5045202311
Prevalence,Global,Both,All ages,Multiple myeloma,Number,2019,494434.3028659856,742811.1305057502,346678.9475584185
Prevalence,Global,Both,All ages,Multiple myeloma,Number,2020,500669.8553562212,748292.9892099494,355379.7312282914
Prevalence,Global,Both,All ages,Multiple myeloma,Number,2021,511746.0523342007,764889.565245991,355742.991058965
Prevalence,Global,Both,All ages,Multiple myeloma,Number,2022,542724.7979106741,850125.9016383031,369205.1696641067
Prevalence,Global,Both,All ages,Multiple myeloma,Number,2023,558546.4316304915,855770.9020512032,358176.8759102465
Incidence,Global,Both,All ages,Eye cancer,Number,1990,15276.415511830966,21745.779077868217,11498.755350543512
Incidence,Global,Both,All ages,Eye cancer,Number,1991,15450.945556334276,23385.25667291132,11825.1240760314
Incidence,Global,Both,All ages,Eye cancer,Number,1992,15531.201067295931,22766.29297357302,11838.097163842864
Incidence,Global,Both,All ages,Eye cancer,Number,1993,15774.287581757506,22379.369951201086,11859.34499736681
Incidence,Global,Both,All ages,Eye cancer,Number,1994,16019.619711829328,22122.76386317381,12155.396478227522
Incidence,Global,Both,All ages,Eye cancer,Number,1995,16169.657646969365,21530.08174271827,12127.737585788676
Incidence,Global,Both,All ages,Eye cancer,Number,1996,16316.403622737687,22173.96523340635,12480.303424158812
Incidence,Global,Both,All ages,Eye cancer,Number,1997,16343.652352503592,22322.06759242921,12589.986694400826
Incidence,Global,Both,All ages,Eye cancer,Number,1998,16498.285666891716,22628.334834866026,12793.701536384831
Incidence,Global,Both,All ages,Eye cancer,Number,1999,16669.655536386137,22678.111237491685,12798.010287866393
Incidence,Global,Both,All ages,Eye cancer,Number,2000,16773.24436682298,22294.21732267523,12939.237028116231
Incidence,Global,Both,All ages,Eye cancer,Number,2001,16930.519097823784,22287.364874066145,13240.899461068211
Incidence,Global,Both,All ages,Eye cancer,Number,2002,17147.610563734608,21720.30188709859,13564.839447523284
Incidence,Global,Both,All ages,Eye cancer,Number,2003,17308.627965975913,22302.391480295708,13886.257231160527
Incidence,Global,Both,All ages,Eye cancer,Number,2004,17452.97360806852,22399.37942960681,13828.485987570824
Incidence,Global,Both,All ages,Eye cancer,Number,2005,17744.017348869154,22500.057530104004,14044.80912976538
Incidence,Global,Both,All ages,Eye cancer,Number,2006,17983.97524488012,23080.54252542679,13873.237886435
Incidence,Global,Both,All ages,Eye cancer,Number,2007,18218.52694996217,23606.75569993016,13910.36480879342
Incidence,Global,Both,All ages,Eye cancer,Number,2008,18530.40351726672,23482.173965738144,14203.101571642996
Incidence,Global,Both,All ages,Eye cancer,Number,2009,18832.99174761336,24259.275963021995,14593.905815962184
Incidence,Global,Both,All ages,Eye cancer,Number,2010,19175.116615871902,25149.01275814012,14978.161722475264
Incidence,Global,Both,All ages,Eye cancer,Number,2011,19616.66251992035,25542.16586999229,15210.413595744272
Incidence,Global,Both,All ages,Eye cancer,Number,2012,20128.867995563007,26682.937680423274,15414.00657480702
Incidence,Global,Both,All ages,Eye cancer,Number,2013,20632.15395903103,27111.213245003724,15958.727826896858
Incidence,Global,Both,All ages,Eye cancer,Number,2014,21071.675709209205,27796.616852705607,16164.721947358492
Incidence,Global,Both,All ages,Eye cancer,Number,2015,21732.69083899613,28289.788764806093,16434.508272238065
Incidence,Global,Both,All ages,Eye cancer,Number,2016,22247.11423668623,29475.86658178041,16816.961234145445
Incidence,Global,Both,All ages,Eye cancer,Number,2017,22818.593739389813,30214.477081093075,17243.07535954806
Incidence,Global,Both,All ages,Eye cancer,Number,2018,23098.448075684813,30717.164258516565,17345.573740641932
Incidence,Global,Both,All ages,Eye cancer,Number,2019,23515.37806593057,31152.674959682045,17704.831139877573
Incidence,Global,Both,All ages,Eye cancer,Number,2020,24083.56847907284,31228.91019398884,17898.228802142927
Incidence,Global,Both,All ages,Eye cancer,Number,2021,24275.76030026959,32332.632139304544,18223.23233312996
Incidence,Global,Both,All ages,Eye cancer,Number,2022,21853.66054726947,29932.267032481617,16829.03085095893
Incidence,Global,Both,All ages,Eye cancer,Number,2023,21475.480751294603,28639.242254770623,16403.90597643327
Incidence,Global,Both,All ages,Neuroblastoma and other peripheral nervous cell tumors,Number,1990,12413.592231036924,18469.108805189822,8334.655683011262
Incidence,Global,Both,All ages,Neuroblastoma and other peripheral nervous cell tumors,Number,1991,12564.645293211524,19101.713424249923,8481.57720386526
Incidence,Global,Both,All ages,Neuroblastoma and other peripheral nervous cell tumors,Number,1992,12734.88387151599,18622.13218722769,8639.379483895096
Incidence,Global,Both,All ages,Neuroblastoma and other peripheral nervous cell tumors,Number,1993,12979.36501390534,18526.47697183853,8632.00853336037
Incidence,Global,Both,All ages,Neuroblastoma and other peripheral nervous cell tumors,Number,1994,13221.46222363845,18935.36011113747,8617.74127883563
Incidence,Global,Both,All ages,Neuroblastoma and other peripheral nervous cell tumors,Number,1995,13491.392798281928,19359.833207557906,8831.625701836288
Incidence,Global,Both,All ages,Neuroblastoma and other peripheral nervous cell tumors,Number,1996,13882.812939552126,20417.237811402825,9175.979296001367
Incidence,Global,Both,All ages,Neuroblastoma and other peripheral nervous cell tumors,Number,1997,14278.309330929686,21650.54544815748,9397.842401677211
Incidence,Global,Both,All ages,Neuroblastoma and other peripheral nervous cell tumors,Number,1998,14735.399288779345,22601.89276843033,9687.701249874315
Incidence,Global,Both,All ages,Neuroblastoma and other peripheral nervous cell tumors,Number,1999,15285.016836594108,23204.928536901185,10046.449467591689
Incidence,Global,Both,All ages,Neuroblastoma and other peripheral nervous cell tumors,Number,2000,15649.074999702852,23181.111191093794,10417.753951675542
Incidence,Global,Both,All ages,Neuroblastoma and other peripheral nervous cell tumors,Number,2001,15942.615457929813,23693.53104102237,10629.708941903906
Incidence,Global,Both,All ages,Neuroblastoma and other peripheral nervous cell tumors,Number,2002,16320.311241828284,24784.60294985852,10828.491189985556
Incidence,Global,Both,All ages,Neuroblastoma and other peripheral nervous cell tumors,Number,2003,16663.330218692696,25801.82223018066,10857.901072097557
Incidence,Global,Both,All ages,Neuroblastoma and other peripheral nervous cell tumors,Number,2004,17086.96640143792,25693.90971632912,10998.649982012876
Incidence,Global,Both,All ages,Neuroblastoma and other peripheral nervous cell tumors,Number,2005,17535.883913446418,26445.15983364179,11176.326807389469
Incidence,Global,Both,All ages,Neuroblastoma and other peripheral nervous cell tumors,Number,2006,17971.858284311693,27824.848250225023,11390.017525626645
Incidence,Global,Both,All ages,Neuroblastoma and other peripheral nervous cell tumors,Number,2007,18475.32278661238,28359.885932955905,11664.544564159554
Incidence,Global,Both,All ages,Neuroblastoma and other peripheral nervous cell tumors,Number,2008,18880.850844163288,28656.017586333543,12174.123354152132
Incidence,Global,Both,All ages,Neuroblastoma and other peripheral nervous cell tumors,Number,2009,19128.20047314732,29650.63826000806,12453.319063724968
Incidence,Global,Both,All ages,Neuroblastoma and other peripheral nervous cell tumors,Number,2010,19308.492080379445,29390.20460198141,12629.894183891058
Incidence,Global,Both,All ages,Neuroblastoma and other peripheral nervous cell tumors,Number,2011,19312.45081669529,29088.648766867474,12654.82270619206
Incidence,Global,Both,All ages,Neuroblastoma and other peripheral nervous cell tumors,Number,2012,19341.331587368582,28691.965713374597,13041.02927709296
Incidence,Global,Both,All ages,Neuroblastoma and other peripheral nervous cell tumors,Number,2013,19448.55376423372,29398.98622906077,12958.568452405556
Incidence,Global,Both,All ages,Neuroblastoma and other peripheral nervous cell tumors,Number,2014,19565.333088170188,29062.81922482555,12643.442534178666
Incidence,Global,Both,All ages,Neuroblastoma and other peripheral nervous cell tumors,Number,2015,19653.655717278543,30887.674371234058,12623.304901755582
Incidence,Global,Both,All ages,Neuroblastoma and other peripheral nervous cell tumors,Number,2016,19830.08710233205,30195.541502031974,12718.74560775943
Incidence,Global,Both,All ages,Neuroblastoma and other peripheral nervous cell tumors,Number,2017,20053.711260772667,30247.335335311072,12973.171512038123
Incidence,Global,Both,All ages,Neuroblastoma and other peripheral nervous cell tumors,Number,2018,20189.65577302836,29836.52978555578,13117.903257296177
Incidence,Global,Both,All ages,Neuroblastoma and other peripheral nervous cell tumors,Number,2019,20267.035271129134,29752.717095689462,13459.8406223005
Incidence,Global,Both,All ages,Neuroblastoma and other peripheral nervous cell tumors,Number,2020,21020.88787972725,31234.916222471293,13852.877718116824
Incidence,Global,Both,All ages,Neuroblastoma and other peripheral nervous cell tumors,Number,2021,21521.526466058986,31337.237809375238,14497.790277365762
Incidence,Global,Both,All ages,Neuroblastoma and other peripheral nervous cell tumors,Number,2022,21586.369673993,31748.993478269687,14193.480240313069
Incidence,Global,Both,All ages,Neuroblastoma and other peripheral nervous cell tumors,Number,2023,21498.048962612625,31610.94782675212,14015.393890122685
Incidence,Global,Both,All ages,Liver cancer,Number,1990,270439.1952284395,304376.57410762657,242990.2618327036
Incidence,Global,Both,All ages,Liver cancer,Number,1991,281042.80647918786,315331.47731706774,256265.5164981616
Incidence,Global,Both,All ages,Liver cancer,Number,1992,291599.97042267106,326109.1713451793,267580.641704535
Incidence,Global,Both,All ages,Liver cancer,Number,1993,301797.49663123075,336885.27115650626,277407.97848294594
Incidence,Global,Both,All ages,Liver cancer,Number,1994,311655.4989106753,348199.33689755405,284880.46110154653
Incidence,Global,Both,All ages,Liver cancer,Number,1995,320765.42638085166,358432.5067196388,291367.6155992934
Incidence,Global,Both,All ages,Liver cancer,Number,1996,329658.7594196233,366312.02532000514,301347.1490109045
Incidence,Global,Both,All ages,Liver cancer,Number,1997,338588.90853492066,374329.2914262313,312983.3471395653
Incidence,Global,Both,All ages,Liver cancer,Number,1998,347162.7579860208,383659.75547828095,318861.2686443287
Incidence,Global,Both,All ages,Liver cancer,Number,1999,355323.76594350627,391244.2875492854,325748.8221069976
Incidence,Global,Both,All ages,Liver cancer,Number,2000,362688.7079657323,399596.1478798934,332440.2171366199
Incidence,Global,Both,All ages,Liver cancer,Number,2001,368028.7996794546,401036.391,338330.2338820036
Incidence,Global,Both,All ages,Liver cancer,Number,2002,371227.0189255766,403090.9600170364,343934.96104964154
Incidence,Global,Both,All ages,Liver cancer,Number,2003,373350.440165438,406299.1102910164,344868.7701667316
Incidence,Global,Both,All ages,Liver cancer,Number,2004,376399.4592331935,411912.7441951543,347986.6806162846
Incidence,Global,Both,All ages,Liver cancer,Number,2005,382651.4112069727,424812.38598378014,349580.64958145155
Incidence,Global,Both,All ages,Liver cancer,Number,2006,391831.99507679424,431604.4046442099,360715.9626295825
Incidence,Global,Both,All ages,Liver cancer,Number,2007,402643.6749135669,442708.1212927649,371674.94173797895
Incidence,Global,Both,All ages,Liver cancer,Number,2008,413959.1510762661,454998.5465106522,378964.9971347857
Incidence,Global,Both,All ages,Liver cancer,Number,2009,425256.841114324,464248.6579916972,386227.5605721267
Incidence,Global,Both,All ages,Liver cancer,Number,2010,435773.8987060321,476541.0391281629,392819.06473694346
Incidence,Global,Both,All ages,Liver cancer,Number,2011,445449.7328301469,484420.77224317,404668.6535409978
Incidence,Global,Both,All ages,Liver cancer,Number,2012,455008.3549282545,492314.7965652287,416603.3276295079
Incidence,Global,Both,All ages,Liver cancer,Number,2013,464321.4116552265,502113.2226244388,424282.3836911474
Incidence,Global,Both,All ages,Liver cancer,Number,2014,473739.55848519376,515421.133935057,432032.7488957161
Incidence,Global,Both,All ages,Liver cancer,Number,2015,483000.5015951655,526367.9405168229,437909.514949448
Incidence,Global,Both,All ages,Liver cancer,Number,2016,488746.2583992608,531044.7905435639,444790.1950154219
Incidence,Global,Both,All ages,Liver cancer,Number,2017,490452.711583417,533551.923516853,446037.9697723632
Incidence,Global,Both,All ages,Liver cancer,Number,2018,490425.2223477835,534648.7446558732,444915.6479669757
Incidence,Global,Both,All ages,Liver cancer,Number,2019,492698.4882883964,539286.9603464388,445994.212968859
Incidence,Global,Both,All ages,Liver cancer,Number,2020,500520.30691657495,552933.7255227421,452749.6727975856
Incidence,Global,Both,All ages,Liver cancer,Number,2021,523640.9328682073,578034.3586566603,471252.335493472
Incidence,Global,Both,All ages,Liver cancer,Number,2022,552978.7823337683,613083.8783758295,489304.307798338
Incidence,Global,Both,All ages,Liver cancer,Number,2023,578131.9368593977,643390.4910953054,502241.539184048
Incidence,Global,Both,All ages,Stomach cancer,Number,1990,1050943.2710858874,1186767.4443544843,917024.713637314
Incidence,Global,Both,All ages,Stomach cancer,Number,1991,1063730.3611574278,1207442.1421024334,924333.6684143238
Incidence,Global,Both,All ages,Stomach cancer,Number,1992,1070514.8710663752,1205480.1329842922,936350.1330512522
Incidence,Global,Both,All ages,Stomach cancer,Number,1993,1079327.3260934015,1226000.0737821402,953599.6428800012
Incidence,Global,Both,All ages,Stomach cancer,Number,1994,1082848.7530575602,1233387.3602655835,956172.7048008114
Incidence,Global,Both,All ages,Stomach cancer,Number,1995,1086890.772370022,1227081.8394300058,955153.3731488507
Incidence,Global,Both,All ages,Stomach cancer,Number,1996,1091202.7338374949,1230732.9955701097,967220.5170015604
Incidence,Global,Both,All ages,Stomach cancer,Number,1997,1096989.8751476223,1224559.9105214225,969993.358113694
Incidence,Global,Both,All ages,Stomach cancer,Number,1998,1107250.9827068944,1243740.011884312,965751.9418819168
Incidence,Global,Both,All ages,Stomach cancer,Number,1999,1122407.6003451282,1247726.4758231668,972298.4506703592
Incidence,Global,Both,All ages,Stomach cancer,Number,2000,1126362.5555960406,1239574.476311379,973327.093319844
Incidence,Global,Both,All ages,Stomach cancer,Number,2001,1132271.1368160206,1252088.1255169432,965309.3823432756
Incidence,Global,Both,All ages,Stomach cancer,Number,2002,1136097.1418378328,1250967.051711325,958933.1877304552
Incidence,Global,Both,All ages,Stomach cancer,Number,2003,1141049.4231455035,1255391.481051955,964491.1012030472
Incidence,Global,Both,All ages,Stomach cancer,Number,2004,1138035.5915394786,1242328.2367904414,965727.9528411004
Incidence,Global,Both,All ages,Stomach cancer,Number,2005,1137853.3919811866,1245871.8366724025,964919.2183510852
Incidence,Global,Both,All ages,Stomach cancer,Number,2006,1139529.934063223,1253805.7512502982,965155.4644520858
Incidence,Global,Both,All ages,Stomach cancer,Number,2007,1151879.7277264623,1264804.8208166186,972016.384451884
Incidence,Global,Both,All ages,Stomach cancer,Number,2008,1148818.4701352413,1256716.464396943,966139.2627356994
Incidence,Global,Both,All ages,Stomach cancer,Number,2009,1140580.8395157915,1265428.4104542967,968632.0211595031
Incidence,Global,Both,All ages,Stomach cancer,Number,2010,1135625.70628297,1277582.7094686674,974610.6195015324
Incidence,Global,Both,All ages,Stomach cancer,Number,2011,1120249.8089799515,1266050.153694639,966869.1718313688
Incidence,Global,Both,All ages,Stomach cancer,Number,2012,1118710.480930286,1272363.724792832,970394.2398608896
Incidence,Global,Both,All ages,Stomach cancer,Number,2013,1103899.9995194036,1256545.2177601042,965036.8242396136
Incidence,Global,Both,All ages,Stomach cancer,Number,2014,1106177.008929689,1276210.3203928578,975925.7086884934
Incidence,Global,Both,All ages,Stomach cancer,Number,2015,1126036.459717003,1310976.7458368996,1001527.2326217626
Incidence,Global,Both,All ages,Stomach cancer,Number,2016,1154410.644161574,1345118.1559953964,1025290.4894502704
Incidence,Global,Both,All ages,Stomach cancer,Number,2017,1173476.0569446816,1365530.2190259383,1016442.6530503064
Incidence,Global,Both,All ages,Stomach cancer,Number,2018,1164562.6324522623,1362902.291305211,1000964.4248700528
Incidence,Global,Both,All ages,Stomach cancer,Number,2019,1144545.93630937,1351960.6501460497,980433.8025453826
Incidence,Global,Both,All ages,Stomach cancer,Number,2020,1141795.10062793,1364822.8983995805,972810.1293640988
Incidence,Global,Both,All ages,Stomach cancer,Number,2021,1205772.1341592458,1458457.490183827,1020087.0497187604
Incidence,Global,Both,All ages,Stomach cancer,Number,2022,1268770.8403032203,1534251.598536387,1060161.760643569
Incidence,Global,Both,All ages,Stomach cancer,Number,2023,1277430.6874908633,1536450.6623763768,1069055.0179998253
Incidence,Global,Both,All ages,"Tracheal, bronchus, and lung cancer",Number,1990,1171985.8859532466,1300430.0536029446,1097527.7761133737
Incidence,Global,Both,All ages,"Tracheal, bronchus, and lung cancer",Number,1991,1198566.818593843,1317869.193139325,1119094.5351811752
Incidence,Global,Both,All ages,"Tracheal, bronchus, and lung cancer",Number,1992,1222980.8646392606,1336736.4032296878,1141552.4727021814
Incidence,Global,Both,All ages,"Tracheal, bronchus, and lung cancer",Number,1993,1255703.536150221,1364575.2873766436,1177706.582357871
Incidence,Global,Both,All ages,"Tracheal, bronchus, and lung cancer",Number,1994,1270343.0337721223,1385466.5597220953,1189836.0850717817
Incidence,Global,Both,All ages,"Tracheal, bronchus, and lung cancer",Number,1995,1307728.6025583744,1424147.677160178,1227186.1002246183
Incidence,Global,Both,All ages,"Tracheal, bronchus, and lung cancer",Number,1996,1324498.3643340713,1442464.3251585525,1240890.997169587
Incidence,Global,Both,All ages,"Tracheal, bronchus, and lung cancer",Number,1997,1344515.6409196462,1458153.3002259063,1262129.3036333548
Incidence,Global,Both,All ages,"Tracheal, bronchus, and lung cancer",Number,1998,1373326.7854921008,1485808.5978513611,1290659.3963623005
Incidence,Global,Both,All ages,"Tracheal, bronchus, and lung cancer",Number,1999,1406565.8469070431,1516857.8196467368,1321396.5186332045
Incidence,Global,Both,All ages,"Tracheal, bronchus, and lung cancer",Number,2000,1441670.7715339875,1539306.499640803,1356127.6832205872
Incidence,Global,Both,All ages,"Tracheal, bronchus, and lung cancer",Number,2001,1465779.1796824853,1554753.9650322075,1377321.8373649346
Incidence,Global,Both,All ages,"Tracheal, bronchus, and lung cancer",Number,2002,1494379.8453156245,1584218.9746948348,1400039.6295637062
Incidence,Global,Both,All ages,"Tracheal, bronchus, and lung cancer",Number,2003,1520660.3221560835,1611869.7215544917,1422871.6392105522
Incidence,Global,Both,All ages,"Tracheal, bronchus, and lung cancer",Number,2004,1542416.7782029847,1632572.8956159337,1440206.3473156178
Incidence,Global,Both,All ages,"Tracheal, bronchus, and lung cancer",Number,2005,1574378.650903256,1678375.3786895869,1470457.260513137
Incidence,Global,Both,All ages,"Tracheal, bronchus, and lung cancer",Number,2006,1614089.5254720831,1719024.9425748351,1499772.221819344
Incidence,Global,Both,All ages,"Tracheal, bronchus, and lung cancer",Number,2007,1664356.6031166275,1781838.696800916,1542965.2240677448
Incidence,Global,Both,All ages,"Tracheal, bronchus, and lung cancer",Number,2008,1704123.1706620846,1824841.5867480123,1580775.2703747656
Incidence,Global,Both,All ages,"Tracheal, bronchus, and lung cancer",Number,2009,1730333.3194943552,1863164.6409109817,1598116.067904464
Incidence,Global,Both,All ages,"Tracheal, bronchus, and lung cancer",Number,2010,1744002.3500922455,1872202.6612559515,1614521.238018883
Incidence,Global,Both,All ages,"Tracheal, bronchus, and lung cancer",Number,2011,1779614.1038631625,1915137.6787575907,1639639.7817451465
Incidence,Global,Both,All ages,"Tracheal, bronchus, and lung cancer",Number,2012,1808968.845302596,1934938.2982429797,1667591.1294568994
Incidence,Global,Both,All ages,"Tracheal, bronchus, and lung cancer",Number,2013,1849077.2225168988,1998258.1242583075,1702126.668721206
Incidence,Global,Both,All ages,"Tracheal, bronchus, and lung cancer",Number,2014,1887311.0091225973,2052886.6086206825,1725752.588847517
Incidence,Global,Both,All ages,"Tracheal, bronchus, and lung cancer",Number,2015,1929677.0992686253,2103888.117488367,1760615.086702413
Incidence,Global,Both,All ages,"Tracheal, bronchus, and lung cancer",Number,2016,1988816.318546865,2161040.424802318,1813594.1831781568
Incidence,Global,Both,All ages,"Tracheal, bronchus, and lung cancer",Number,2017,2044569.4842576056,2211626.5696830456,1859495.3944013005
Incidence,Global,Both,All ages,"Tracheal, bronchus, and lung cancer",Number,2018,2053402.128589418,2236023.249237061,1861977.7078906528
Incidence,Global,Both,All ages,"Tracheal, bronchus, and lung cancer",Number,2019,2038724.522700236,2219077.3501858474,1839323.372344784
Incidence,Global,Both,All ages,"Tracheal, bronchus, and lung cancer",Number,2020,2051215.5467442344,2228944.835161948,1858952.785738928
Incidence,Global,Both,All ages,"Tracheal, bronchus, and lung cancer",Number,2021,2179853.595634223,2377445.148455909,1976150.6802390676
Incidence,Global,Both,All ages,"Tracheal, bronchus, and lung cancer",Number,2022,2298534.7792070387,2529403.085612215,2068947.7981651693
Incidence,Global,Both,All ages,"Tracheal, bronchus, and lung cancer",Number,2023,2317166.5229415186,2524319.42046472,2066867.2571724835
Incidence,Global,Both,All ages,Breast cancer,Number,1990,935367.2117824327,1046892.7865709488,844306.7451619365
Incidence,Global,Both,All ages,Breast cancer,Number,1991,965317.9756939638,1073791.5631915913,870790.0125260879
Incidence,Global,Both,All ages,Breast cancer,Number,1992,991280.8082285352,1092258.3135959464,895422.190387363
Incidence,Global,Both,All ages,Breast cancer,Number,1993,1027757.2379051952,1131004.2851434578,927190.9438309636
Incidence,Global,Both,All ages,Breast cancer,Number,1994,1056033.843066274,1168948.6563453234,953141.2946743465
Incidence,Global,Both,All ages,Breast cancer,Number,1995,1091118.6193278867,1212134.8215868794,987317.7983553208
Incidence,Global,Both,All ages,Breast cancer,Number,1996,1123314.41804925,1258429.1258875234,1014284.980567522
Incidence,Global,Both,All ages,Breast cancer,Number,1997,1148393.9415277469,1282706.3862932709,1033950.7332521122
Incidence,Global,Both,All ages,Breast cancer,Number,1998,1179288.1840643738,1309235.370992985,1066598.2445653272
Incidence,Global,Both,All ages,Breast cancer,Number,1999,1215889.6954486254,1343705.5640037558,1105455.5328536432
Incidence,Global,Both,All ages,Breast cancer,Number,2000,1248561.28854243,1389616.3197439052,1134050.7826171606
Incidence,Global,Both,All ages,Breast cancer,Number,2001,1277874.4969126233,1425454.0681818845,1157605.180303078
Incidence,Global,Both,All ages,Breast cancer,Number,2002,1305452.222523498,1451530.5693492647,1179556.324061755
Incidence,Global,Both,All ages,Breast cancer,Number,2003,1336866.283949434,1482501.2965119756,1209722.0283607375
Incidence,Global,Both,All ages,Breast cancer,Number,2004,1360274.0768056111,1508662.157355468,1229888.9621930188
Incidence,Global,Both,All ages,Breast cancer,Number,2005,1398832.036308738,1546397.0498448578,1272734.404122361
Incidence,Global,Both,All ages,Breast cancer,Number,2006,1433891.844673804,1575169.302362789,1294105.2398321978
Incidence,Global,Both,All ages,Breast cancer,Number,2007,1475309.334152854,1635342.1480879595,1322624.764621307
Incidence,Global,Both,All ages,Breast cancer,Number,2008,1524066.3894597287,1693026.5824646966,1361944.764746951
Incidence,Global,Both,All ages,Breast cancer,Number,2009,1555770.2262658293,1723231.464364627,1397926.538313983
Incidence,Global,Both,All ages,Breast cancer,Number,2010,1599025.334801857,1777246.5464905845,1442772.715427433
Incidence,Global,Both,All ages,Breast cancer,Number,2011,1628846.1997459333,1799452.5806554356,1466972.4572240051
Incidence,Global,Both,All ages,Breast cancer,Number,2012,1663275.878251888,1835109.528298384,1493844.5325903385
Incidence,Global,Both,All ages,Breast cancer,Number,2013,1702518.3139397642,1889283.7684955196,1529845.073418809
Incidence,Global,Both,All ages,Breast cancer,Number,2014,1743433.5217358076,1938648.578972488,1559583.148282715
Incidence,Global,Both,All ages,Breast cancer,Number,2015,1803078.0541545916,2002711.9820964104,1612954.379012152
Incidence,Global,Both,All ages,Breast cancer,Number,2016,1851472.583454941,2059123.446531968,1666172.1603083469
Incidence,Global,Both,All ages,Breast cancer,Number,2017,1908010.7693220612,2122657.480874732,1709075.131815794
Incidence,Global,Both,All ages,Breast cancer,Number,2018,1951228.478393838,2177275.8256277456,1732987.1377780084
Incidence,Global,Both,All ages,Breast cancer,Number,2019,1992756.448665392,2218196.736747892,1770149.523974321
Incidence,Global,Both,All ages,Breast cancer,Number,2020,2047887.0751704767,2274400.3073628237,1805477.036385752
Incidence,Global,Both,All ages,Breast cancer,Number,2021,2149516.424859181,2412346.2777222907,1895551.903284709
Incidence,Global,Both,All ages,Breast cancer,Number,2022,2262338.76005703,2563946.064464098,1998105.8567097115
Incidence,Global,Both,All ages,Breast cancer,Number,2023,2340782.636095407,2679205.29711352,2047325.6624096243
Incidence,Global,Both,All ages,Uterine cancer,Number,2020,466738.5912486888,544059.5351800574,388173.5781685441
Incidence,Global,Both,All ages,Uterine cancer,Number,2021,488146.4983680061,571046.2020894159,407752.42528109584
Incidence,Global,Both,All ages,Uterine cancer,Number,2022,509803.05781217566,600221.6328386647,425948.9746487835
Incidence,Global,Both,All ages,Uterine cancer,Number,2023,522661.1622485868,622240.096516087,438596.1781939012
Incidence,Global,Both,All ages,Prostate cancer,Number,1990,522008.09536413616,617299.8744011369,445225.6711268327
Incidence,Global,Both,All ages,Prostate cancer,Number,1991,546418.1437748413,646464.7257942773,465142.7910432954
Incidence,Global,Both,All ages,Prostate cancer,Number,1992,568983.8858520923,671840.3472234445,481245.9836335749
Incidence,Global,Both,All ages,Prostate cancer,Number,1993,595606.1957488522,700412.1489916536,499127.8313086422
Incidence,Global,Both,All ages,Prostate cancer,Number,1994,613436.754946477,722068.9741457072,517006.4903807671
Incidence,Global,Both,All ages,Prostate cancer,Number,1995,636456.5486589471,744425.9984569532,534330.1755888232
Incidence,Global,Both,All ages,Prostate cancer,Number,1996,662748.4111660747,781167.6337666218,556726.7360698015
Incidence,Global,Both,All ages,Prostate cancer,Number,1997,680521.3680356179,802676.6586441968,570362.2657529931
Incidence,Global,Both,All ages,Prostate cancer,Number,1998,707124.3700558399,827267.4902926895,595840.1979311154
Incidence,Global,Both,All ages,Prostate cancer,Number,1999,732751.9840552456,858683.9574201235,625445.0117998064
Incidence,Global,Both,All ages,Prostate cancer,Number,2000,749408.8610376149,868253.7250686917,645310.9132322171
Incidence,Global,Both,All ages,Prostate cancer,Number,2001,769796.5174945295,885385.7168003457,670487.3538297268
Incidence,Global,Both,All ages,Prostate cancer,Number,2002,798422.3471060599,928134.7161407928,694418.9405363778
Incidence,Global,Both,All ages,Prostate cancer,Number,2003,825438.4808747817,966108.2034905874,719947.9759832169
Incidence,Global,Both,All ages,Prostate cancer,Number,2004,841816.388197923,979642.1826478088,736917.0944571588
Incidence,Global,Both,All ages,Prostate cancer,Number,2005,874290.3155521224,1014851.9241318374,766954.9354680297
Incidence,Global,Both,All ages,Prostate cancer,Number,2006,899045.102471344,1042683.5445073834,784415.4017812811
Incidence,Global,Both,All ages,Prostate cancer,Number,2007,929792.712127426,1071266.027973218,802463.0464282773
Incidence,Global,Both,All ages,Prostate cancer,Number,2008,959453.0405222158,1111233.7203102966,827004.83500834
Incidence,Global,Both,All ages,Prostate cancer,Number,2009,974356.8671649842,1116570.248392179,842918.4368818
Incidence,Global,Both,All ages,Prostate cancer,Number,2010,1004645.353293673,1156500.376109928,864950.118715584
Incidence,Global,Both,All ages,Prostate cancer,Number,2011,1015780.7201948497,1166123.0137050566,875539.4113326826
Incidence,Global,Both,All ages,Prostate cancer,Number,2012,1034091.9375099002,1193252.069912096,900290.7770173653
Incidence,Global,Both,All ages,Prostate cancer,Number,2013,1054119.281468388,1211094.530504844,921000.6291706266
Incidence,Global,Both,All ages,Prostate cancer,Number,2014,1073608.070360497,1234651.2062735222,930205.1234868328
Incidence,Global,Both,All ages,Prostate cancer,Number,2015,1110532.1765245216,1267825.7287098097,960129.7910646672
Incidence,Global,Both,All ages,Prostate cancer,Number,2016,1142120.763793065,1307863.239057992,978704.8408335184
Incidence,Global,Both,All ages,Prostate cancer,Number,2017,1174606.3330355498,1348648.7974703573,1000028.87971141
Incidence,Global,Both,All ages,Prostate cancer,Number,2018,1204705.0160460228,1386581.951085459,1011325.7280079564
Incidence,Global,Both,All ages,Prostate cancer,Number,2019,1236372.6663881526,1435726.760973866,1034772.8056744232
Incidence,Global,Both,All ages,Prostate cancer,Number,2020,1283547.160592242,1492899.166659888,1089346.013040475
Incidence,Global,Both,All ages,Prostate cancer,Number,2021,1327410.243752721,1552133.5776693898,1122917.1119309517
Incidence,Global,Both,All ages,Prostate cancer,Number,2022,1376676.014873942,1598936.2310505584,1161345.8813410024
Incidence,Global,Both,All ages,Prostate cancer,Number,2023,1417177.5060719475,1634726.515604686,1196994.361069476
Incidence,Global,Both,All ages,Lip and oral cavity cancer,Number,1990,170843.0897145076,197725.66009494025,150740.65221628684
Incidence,Global,Both,All ages,Lip and oral cavity cancer,Number,1991,175989.74364846968,203290.0969473961,155984.7021777734
Incidence,Global,Both,All ages,Lip and oral cavity cancer,Number,1992,179289.57931381208,205263.64626872036,160021.75068181133
Incidence,Global,Both,All ages,Lip and oral cavity cancer,Number,1993,183487.33192894413,209075.6160073638,163419.8839121816
Incidence,Global,Both,All ages,Lip and oral cavity cancer,Number,1994,186040.6829450641,210129.22365381912,165354.36678902555
Incidence,Global,Both,All ages,Lip and oral cavity cancer,Number,1995,189746.26566258437,213677.23914209256,168905.80679584842
Incidence,Global,Both,All ages,Lip and oral cavity cancer,Number,1996,195141.1934957241,218705.507707249,173599.74679393665
Incidence,Global,Both,All ages,Lip and oral cavity cancer,Number,1997,200050.3801993586,224806.6166575444,177138.19886684953
Incidence,Global,Both,All ages,Lip and oral cavity cancer,Number,1998,205435.24518186483,230532.75154964568,179943.2075914836
Incidence,Global,Both,All ages,Lip and oral cavity cancer,Number,1999,211261.6686139717,235505.50619932223,186502.53935716316
Incidence,Global,Both,All ages,Lip and oral cavity cancer,Number,2000,216132.51829706645,239081.74674537795,191876.74265525184
Incidence,Global,Both,All ages,Lip and oral cavity cancer,Number,2001,222119.3552999099,246982.26382208365,196531.42613844736
Incidence,Global,Both,All ages,Lip and oral cavity cancer,Number,2002,227775.2345839837,252497.7499048315,200464.9422500801
Incidence,Global,Both,All ages,Lip and oral cavity cancer,Number,2003,231580.49004027795,256178.42416595848,205083.46408008816
Incidence,Global,Both,All ages,Lip and oral cavity cancer,Number,2004,233993.95009508007,260800.723904732,207596.40863940443
Incidence,Global,Both,All ages,Lip and oral cavity cancer,Number,2005,240993.16129176776,269392.21193729475,213828.79333004903
Incidence,Global,Both,All ages,Lip and oral cavity cancer,Number,2006,248003.72024033935,277548.6807625631,220706.59536778147
Incidence,Global,Both,All ages,Lip and oral cavity cancer,Number,2007,258003.6377305943,288448.93275194115,232124.9648356525
Incidence,Global,Both,All ages,Lip and oral cavity cancer,Number,2008,266245.59902433126,301757.90420082054,240243.53178164223
Incidence,Global,Both,All ages,Lip and oral cavity cancer,Number,2009,273644.6849031876,311838.322148694,246706.9443834502
Incidence,Global,Both,All ages,Lip and oral cavity cancer,Number,2010,284206.267258036,323653.3255768067,255190.1091930244
Incidence,Global,Both,All ages,Lip and oral cavity cancer,Number,2011,291263.73900609283,332534.20929332613,261612.0527031628
Incidence,Global,Both,All ages,Lip and oral cavity cancer,Number,2012,298400.38092013425,339140.975977691,267339.7778530419
Incidence,Global,Both,All ages,Lip and oral cavity cancer,Number,2013,305953.3902666373,346848.62176916713,274140.8298408076
Incidence,Global,Both,All ages,Lip and oral cavity cancer,Number,2014,313810.50988101505,354161.44034406013,280180.2815318475
Incidence,Global,Both,All ages,Lip and oral cavity cancer,Number,2015,325449.7678414856,369878.4847407496,289998.2083856188
Incidence,Global,Both,All ages,Lip and oral cavity cancer,Number,2016,337671.9771753662,385635.3270945752,298430.0692904664
Incidence,Global,Both,All ages,Lip and oral cavity cancer,Number,2017,348312.2286451548,399568.7033763301,305563.1586237691
Incidence,Global,Both,All ages,Lip and oral cavity cancer,Number,2018,355367.66366758273,408151.28498476587,309737.81423367583
Incidence,Global,Both,All ages,Lip and oral cavity cancer,Number,2019,363140.66158799134,422189.3715119205,314589.9350016279
Incidence,Global,Both,All ages,Lip and oral cavity cancer,Number,2020,377919.7971942906,440462.9517464899,325231.6973344634
Incidence,Global,Both,All ages,Lip and oral cavity cancer,Number,2021,412269.2275364595,483269.7596374741,353447.95595039905
Incidence,Global,Both,All ages,Lip and oral cavity cancer,Number,2022,416476.9759188901,492392.5139116222,356237.93267687445
Incidence,Global,Both,All ages,Lip and oral cavity cancer,Number,2023,429957.3328290265,505306.2268181765,367130.5245150263
Incidence,Global,Both,All ages,Gallbladder and biliary tract cancer,Number,1990,111145.8912224026,123172.46034578812,101244.02258012662
Incidence,Global,Both,All ages,Gallbladder and biliary tract cancer,Number,1991,114342.55093055544,126194.04387448449,103724.38060701
Incidence,Global,Both,All ages,Gallbladder and biliary tract cancer,Number,1992,116586.86944160848,129257.06147221469,105581.98426687176
Incidence,Global,Both,All ages,Gallbladder and biliary tract cancer,Number,1993,119093.35434696294,132806.3045614862,107691.92984319976
Incidence,Global,Both,All ages,Gallbladder and biliary tract cancer,Number,1994,120793.79905984589,134379.556577726,109313.10894860292
Incidence,Global,Both,All ages,Gallbladder and biliary tract cancer,Number,1995,122316.40092868837,136109.03768214988,110470.0416136682
Incidence,Global,Both,All ages,Gallbladder and biliary tract cancer,Number,1996,123904.37783643296,139302.81745228113,111927.67492292762
Incidence,Global,Both,All ages,Gallbladder and biliary tract cancer,Number,1997,126062.23779864184,142306.7560432954,113597.77018807534
Incidence,Global,Both,All ages,Gallbladder and biliary tract cancer,Number,1998,128967.7743347795,146236.77663260268,116066.86937579076
Incidence,Global,Both,All ages,Gallbladder and biliary tract cancer,Number,1999,133757.9920600437,151142.63584377948,120763.09373918296
Incidence,Global,Both,All ages,Gallbladder and biliary tract cancer,Number,2000,134820.1725082327,150873.46203959873,122142.91307980036
Incidence,Global,Both,All ages,Gallbladder and biliary tract cancer,Number,2001,136408.21773387073,151824.1611921988,123730.04075117598
Incidence,Global,Both,All ages,Gallbladder and biliary tract cancer,Number,2002,138737.55828604035,153693.28021136555,125962.59283749334
Incidence,Global,Both,All ages,Gallbladder and biliary tract cancer,Number,2003,141635.47097626972,156185.72650825197,127535.7321398252
Incidence,Global,Both,All ages,Gallbladder and biliary tract cancer,Number,2004,143472.67929125737,158032.38820285822,128526.66581936023
Incidence,Global,Both,All ages,Gallbladder and biliary tract cancer,Number,2005,147691.1756723311,162750.04168352362,132016.4862545507
Incidence,Global,Both,All ages,Gallbladder and biliary tract cancer,Number,2006,150683.56926603068,166870.5142267649,135237.27141818788
Incidence,Global,Both,All ages,Gallbladder and biliary tract cancer,Number,2007,155657.28732307107,173371.7885074945,140264.1904441054
Incidence,Global,Both,All ages,Gallbladder and biliary tract cancer,Number,2008,158576.45216338796,178461.65729026753,142386.5087090426
Incidence,Global,Both,All ages,Gallbladder and biliary tract cancer,Number,2009,160724.33069181914,182096.70635929785,143253.2022614866
Incidence,Global,Both,All ages,Gallbladder and biliary tract cancer,Number,2010,165265.85162178756,188761.38946109207,147324.0950422635
Incidence,Global,Both,All ages,Gallbladder and biliary tract cancer,Number,2011,167840.09798673363,192418.7115407382,149630.96426051843
Incidence,Global,Both,All ages,Gallbladder and biliary tract cancer,Number,2012,171498.03649815082,196614.2127118308,151350.4099984843
Incidence,Global,Both,All ages,Gallbladder and biliary tract cancer,Number,2013,174175.86540532683,200016.55033858656,153743.32585631643
Incidence,Global,Both,All ages,Gallbladder and biliary tract cancer,Number,2014,177820.51245958163,205569.14476068784,158125.2619790058
Incidence,Global,Both,All ages,Gallbladder and biliary tract cancer,Number,2015,183284.2868740083,212236.80457472795,162907.52332502336
Incidence,Global,Both,All ages,Gallbladder and biliary tract cancer,Number,2016,189109.6670377713,218406.7128811555,168503.82313933875
Incidence,Global,Both,All ages,Gallbladder and biliary tract cancer,Number,2017,195117.5282183679,225635.91569532227,173317.45850150377
Incidence,Global,Both,All ages,Gallbladder and biliary tract cancer,Number,2018,197731.2618782579,229583.64407108087,175478.85003118834
Incidence,Global,Both,All ages,Gallbladder and biliary tract cancer,Number,2019,199642.78361405624,231038.0084532512,175059.91008718172
Incidence,Global,Both,All ages,Gallbladder and biliary tract cancer,Number,2020,203294.1137931582,236212.4363328957,178343.2984502276
Incidence,Global,Both,All ages,Gallbladder and biliary tract cancer,Number,2021,213384.94888563125,248786.0104671239,186882.3548010772
Incidence,Global,Both,All ages,Gallbladder and biliary tract cancer,Number,2022,223184.1693605246,263369.800291514,194307.75858027829
Incidence,Global,Both,All ages,Gallbladder and biliary tract cancer,Number,2023,229366.78982843936,269961.186063848,197718.8322913901
Incidence,Global,Both,All ages,Uterine cancer,Number,1990,200986.30362752825,230143.605288462,166538.79188751124
Incidence,Global,Both,All ages,Uterine cancer,Number,1991,205227.45855417463,237479.6169256626,170990.0442250123
Incidence,Global,Both,All ages,Uterine cancer,Number,1992,209266.6070719759,240088.91708912217,174990.01230661204
Incidence,Global,Both,All ages,Uterine cancer,Number,1993,214105.9097099179,246743.92141064967,179099.03621186604
Incidence,Global,Both,All ages,Uterine cancer,Number,1994,217812.12284522032,251840.4464780027,182488.0739974345
Incidence,Global,Both,All ages,Uterine cancer,Number,1995,222434.4473775352,259803.88139985068,188601.01653527285
Incidence,Global,Both,All ages,Uterine cancer,Number,1996,230501.3293896209,269846.030876339,197498.26636491905
Incidence,Global,Both,All ages,Uterine cancer,Number,1997,236862.4036775506,277170.1946739139,202342.8939484529
Incidence,Global,Both,All ages,Uterine cancer,Number,1998,244149.85752090343,281586.6612096087,208863.9010285685
Incidence,Global,Both,All ages,Uterine cancer,Number,1999,252059.41295267316,289496.9202238911,216858.59630753528
Incidence,Global,Both,All ages,Uterine cancer,Number,2000,258615.06870081567,300008.1457275698,224415.0591337272
Incidence,Global,Both,All ages,Uterine cancer,Number,2001,265426.374055778,307801.9294634076,232554.04946503823
Incidence,Global,Both,All ages,Uterine cancer,Number,2002,272684.8602773829,315082.61520525685,237562.19157994416
Incidence,Global,Both,All ages,Uterine cancer,Number,2003,284322.04604812537,328070.28027075005,245769.1704857752
Incidence,Global,Both,All ages,Uterine cancer,Number,2004,292280.10421623406,335515.6376077385,252406.75629027572
Incidence,Global,Both,All ages,Uterine cancer,Number,2005,301715.9471395254,347152.03668465605,260816.70319304985
Incidence,Global,Both,All ages,Uterine cancer,Number,2006,311728.69714937464,357826.39052099833,267093.36686754506
Incidence,Global,Both,All ages,Uterine cancer,Number,2007,323089.6681405901,371589.7008292738,276636.6868116989
Incidence,Global,Both,All ages,Uterine cancer,Number,2008,334751.743823883,383152.4393767629,285663.6570662055
Incidence,Global,Both,All ages,Uterine cancer,Number,2009,342375.6399802595,396852.1568571424,294035.76466843154
Incidence,Global,Both,All ages,Uterine cancer,Number,2010,354537.57905829424,415132.97516385553,308932.0294415047
Incidence,Global,Both,All ages,Uterine cancer,Number,2011,362610.5098089614,420862.3597768115,316378.67632037366
Incidence,Global,Both,All ages,Uterine cancer,Number,2012,371426.9730168052,433886.6290523477,322294.31297169515
Incidence,Global,Both,All ages,Uterine cancer,Number,2013,381869.7712561849,440750.3914374017,330245.11568804533
Incidence,Global,Both,All ages,Uterine cancer,Number,2014,388177.7339974519,452020.50316015386,335201.133071121
Incidence,Global,Both,All ages,Uterine cancer,Number,2015,403988.2169027073,469336.40026832826,347602.873532305
Incidence,Global,Both,All ages,Uterine cancer,Number,2016,417694.2311023365,494508.2838833706,357838.3035972111
Incidence,Global,Both,All ages,Uterine cancer,Number,2017,431683.5645224442,511790.58309953054,368594.3538545269
Incidence,Global,Both,All ages,Uterine cancer,Number,2018,441601.7242244388,522721.0502994432,372201.74321152025
Incidence,Global,Both,All ages,Uterine cancer,Number,2019,452821.7088934831,531584.9995982858,377941.0965801803
Incidence,Global,Both,All ages,Malignant skin melanoma,Number,1990,128723.0504421338,159339.07004832794,103708.1950970791
Incidence,Global,Both,All ages,Malignant skin melanoma,Number,1991,133489.02840975256,164244.62484407678,106308.18657134856
Incidence,Global,Both,All ages,Malignant skin melanoma,Number,1992,139522.75394716914,172463.03454854214,109844.67622635214
Incidence,Global,Both,All ages,Malignant skin melanoma,Number,1993,146871.9583841231,181932.3805996448,115380.05934378428
Incidence,Global,Both,All ages,Malignant skin melanoma,Number,1994,153510.90297760945,188456.17575383623,120593.98341005578
Incidence,Global,Both,All ages,Malignant skin melanoma,Number,1995,162070.57277703978,195721.66994363832,128729.84614494273
Incidence,Global,Both,All ages,Malignant skin melanoma,Number,1996,169405.52731963416,209470.42061486907,134454.04854234407
Incidence,Global,Both,All ages,Malignant skin melanoma,Number,1997,175088.43537337374,214587.8457037882,140404.24933774394
Incidence,Global,Both,All ages,Malignant skin melanoma,Number,1998,182455.78633058036,224905.526547048,147049.25252950145
Incidence,Global,Both,All ages,Malignant skin melanoma,Number,1999,189406.58634598687,237913.99306540692,155086.30140418938
Incidence,Global,Both,All ages,Malignant skin melanoma,Number,2000,197317.6999571391,245735.8041349048,161904.0852016032
Incidence,Global,Both,All ages,Malignant skin melanoma,Number,2001,203734.89925319824,249053.10850898863,169357.15889817645
Incidence,Global,Both,All ages,Malignant skin melanoma,Number,2002,208540.45447127937,252407.3748995795,172293.30853778304
Incidence,Global,Both,All ages,Malignant skin melanoma,Number,2003,217323.41179520515,264644.5548511813,180771.74892231985
Incidence,Global,Both,All ages,Malignant skin melanoma,Number,2004,224050.9579448416,274251.397263064,183307.969444586
Incidence,Global,Both,All ages,Malignant skin melanoma,Number,2005,236603.7249168727,286143.37395375635,195122.64156008352
Incidence,Global,Both,All ages,Malignant skin melanoma,Number,2006,244028.2452404677,292802.3852154687,198630.8024997396
Incidence,Global,Both,All ages,Malignant skin melanoma,Number,2007,253399.0024315664,304878.6458442682,205908.5004081288
Incidence,Global,Both,All ages,Malignant skin melanoma,Number,2008,263702.43005099654,320805.42681510234,215399.0751235854
Incidence,Global,Both,All ages,Malignant skin melanoma,Number,2009,272952.7783775613,331030.07379921625,221930.68543680757
Incidence,Global,Both,All ages,Malignant skin melanoma,Number,2010,280803.2922798026,341078.45633989875,228301.48980375644
Incidence,Global,Both,All ages,Malignant skin melanoma,Number,2011,283987.9268342077,343319.0431810197,230528.4814070579
Incidence,Global,Both,All ages,Malignant skin melanoma,Number,2012,288501.59331605275,352406.7923765672,235500.46329414647
Incidence,Global,Both,All ages,Malignant skin melanoma,Number,2013,294945.1997837005,358320.2400281436,241797.80201831053
Incidence,Global,Both,All ages,Malignant skin melanoma,Number,2014,296614.484302558,359943.6863099071,243641.23737796053
Incidence,Global,Both,All ages,Malignant skin melanoma,Number,2015,296677.0925875245,362905.79308676114,240420.6984472268
Incidence,Global,Both,All ages,Malignant skin melanoma,Number,2016,290137.3689323835,351501.92809465685,232812.93712459315
Incidence,Global,Both,All ages,Malignant skin melanoma,Number,2017,290956.4758270129,357844.3152732011,231890.7598013914
Incidence,Global,Both,All ages,Malignant skin melanoma,Number,2018,292854.1039041005,358333.8027985728,230610.76786291163
Incidence,Global,Both,All ages,Malignant skin melanoma,Number,2019,295905.3798650804,360179.0412036875,235636.0143389365
Incidence,Global,Both,All ages,Malignant skin melanoma,Number,2020,300823.1998342212,366033.5695993142,242059.3021332111
Incidence,Global,Both,All ages,Malignant skin melanoma,Number,2021,305590.39905687363,375114.0411175494,244480.78662895045
Incidence,Global,Both,All ages,Malignant skin melanoma,Number,2022,318450.9993767983,391456.9890772844,254825.2232054701
Incidence,Global,Both,All ages,Malignant skin melanoma,Number,2023,324332.51967661333,401673.1836098573,253904.2250154332
Incidence,Global,Both,All ages,Testicular cancer,Number,1990,43815.96619144816,57418.3963240215,32875.8255964852
Incidence,Global,Both,All ages,Testicular cancer,Number,1991,44530.27208850776,57892.41128662825,33406.70777213773
Incidence,Global,Both,All ages,Testicular cancer,Number,1992,45096.73358535251,57559.2657509244,33501.49361808774
Incidence,Global,Both,All ages,Testicular cancer,Number,1993,45868.87945761846,58805.53482454349,33535.43981344554
Incidence,Global,Both,All ages,Testicular cancer,Number,1994,47035.52567471157,60722.8787535082,35127.03443247038
Incidence,Global,Both,All ages,Testicular cancer,Number,1995,49433.22588554487,64126.905501408735,37444.37972187168
Incidence,Global,Both,All ages,Testicular cancer,Number,1996,52129.990917585645,70368.06169545974,38759.7774372908
Incidence,Global,Both,All ages,Testicular cancer,Number,1997,52832.474391606906,69437.84447890971,39108.15751978196
Incidence,Global,Both,All ages,Testicular cancer,Number,1998,54915.11865026449,73777.81023119384,40907.90949027515
Incidence,Global,Both,All ages,Testicular cancer,Number,1999,57458.36160146129,76386.47273761421,43558.23735073347
Incidence,Global,Both,All ages,Testicular cancer,Number,2000,58899.95642892718,80032.8433046296,44386.06272574105
Incidence,Global,Both,All ages,Testicular cancer,Number,2001,59093.97586866746,80905.68589195513,44228.274526362926
Incidence,Global,Both,All ages,Testicular cancer,Number,2002,61029.45867613121,83500.22239845397,45858.24945137245
Incidence,Global,Both,All ages,Testicular cancer,Number,2003,61772.742216045146,81141.84328353929,46899.00843770967
Incidence,Global,Both,All ages,Testicular cancer,Number,2004,63290.651260562445,82925.39870000363,48409.51738260273
Incidence,Global,Both,All ages,Testicular cancer,Number,2005,64485.14957524784,85794.02918234366,49464.829406003686
Incidence,Global,Both,All ages,Testicular cancer,Number,2006,66221.5092408808,86725.84033820296,50397.58595067296
Incidence,Global,Both,All ages,Testicular cancer,Number,2007,68230.64913971043,88922.87800367965,52544.13076981768
Incidence,Global,Both,All ages,Testicular cancer,Number,2008,69221.83538229641,90445.53654459638,52633.66696334092
Incidence,Global,Both,All ages,Testicular cancer,Number,2009,71480.78098592233,94488.3087637324,54154.38142649287
Incidence,Global,Both,All ages,Testicular cancer,Number,2010,73299.68085014353,97133.44787372569,55273.834060698246
Incidence,Global,Both,All ages,Testicular cancer,Number,2011,73608.60300445883,97224.58457194985,55322.72334324712
Incidence,Global,Both,All ages,Testicular cancer,Number,2012,74804.91085322032,97506.01006024552,56589.12278943034
Incidence,Global,Both,All ages,Testicular cancer,Number,2013,76000.70822184026,98612.11170903328,57539.2157026247
Incidence,Global,Both,All ages,Testicular cancer,Number,2014,77380.43920894136,101088.34126699468,58101.05914466831
Incidence,Global,Both,All ages,Testicular cancer,Number,2015,78699.15201987626,102075.11829846451,58640.64243124219
Incidence,Global,Both,All ages,Testicular cancer,Number,2016,80282.08600943793,105860.2783597202,61047.917360620886
Incidence,Global,Both,All ages,Testicular cancer,Number,2017,82841.24845083764,109581.85037745874,62390.36056021284
Incidence,Global,Both,All ages,Testicular cancer,Number,2018,85261.75062068184,112120.79700846702,64168.26316018335
Incidence,Global,Both,All ages,Testicular cancer,Number,2019,87481.81065352386,112442.12737133814,64120.085237599335
Incidence,Global,Both,All ages,Testicular cancer,Number,2020,90439.34175482258,116923.43728609943,65783.73846292881
Incidence,Global,Both,All ages,Testicular cancer,Number,2021,95911.4806771265,121983.87794646244,70313.55429281146
Incidence,Global,Both,All ages,Testicular cancer,Number,2022,99221.15236689307,128164.66916426492,73109.69376546558
Incidence,Global,Both,All ages,Testicular cancer,Number,2023,100215.09436904968,129563.50825638852,74585.30386218683
Incidence,Global,Both,All ages,Other pharynx cancer,Number,1990,65678.16833951077,76684.42808010791,57564.914690425394
Incidence,Global,Both,All ages,Other pharynx cancer,Number,1991,68191.37963599301,79713.05424280782,59064.332769642046
Incidence,Global,Both,All ages,Other pharynx cancer,Number,1992,69854.44840758496,81630.88980111816,60213.42450858675
Incidence,Global,Both,All ages,Other pharynx cancer,Number,1993,72038.17710688613,83962.20753156912,62609.1249386935
Incidence,Global,Both,All ages,Other pharynx cancer,Number,1994,73459.74346820638,84331.96392092678,63737.501778587626
Incidence,Global,Both,All ages,Other pharynx cancer,Number,1995,74864.29693050074,84727.51064167032,64884.13263047706
Incidence,Global,Both,All ages,Other pharynx cancer,Number,1996,77293.42838237635,88220.83726768101,66606.86442920342
Incidence,Global,Both,All ages,Other pharynx cancer,Number,1997,79651.0604199345,90705.93207604976,68673.65155954109
Incidence,Global,Both,All ages,Other pharynx cancer,Number,1998,82362.41019468155,95199.90986657311,71124.41172866763
Incidence,Global,Both,All ages,Other pharynx cancer,Number,1999,84558.08554755467,98568.46606118893,72827.17782850233
Incidence,Global,Both,All ages,Other pharynx cancer,Number,2000,85672.326136136,100671.4511953556,74045.44385764032
Incidence,Global,Both,All ages,Other pharynx cancer,Number,2001,88391.7590781216,104946.49856363164,76856.64936324209
Incidence,Global,Both,All ages,Other pharynx cancer,Number,2002,91686.53603289972,108691.2215774632,80212.82165436367
Incidence,Global,Both,All ages,Other pharynx cancer,Number,2003,94023.94454295322,110443.63096153196,82101.22037607917
Incidence,Global,Both,All ages,Other pharynx cancer,Number,2004,95480.9129726495,111980.0699785991,83454.32013380888
Incidence,Global,Both,All ages,Other pharynx cancer,Number,2005,99483.46823897988,117426.30168986754,86884.2132218553
Incidence,Global,Both,All ages,Other pharynx cancer,Number,2006,102807.97101957182,122231.60712791116,89168.06236791142
Incidence,Global,Both,All ages,Other pharynx cancer,Number,2007,107942.09777045202,126968.4972858722,92696.85925376098
Incidence,Global,Both,All ages,Other pharynx cancer,Number,2008,112462.99744672516,131510.16005701417,96811.17907430134
Incidence,Global,Both,All ages,Other pharynx cancer,Number,2009,116399.73548553797,134276.9512340912,99865.16846294326
Incidence,Global,Both,All ages,Other pharynx cancer,Number,2010,122405.41991351164,140256.03109611396,105344.59288649436
Incidence,Global,Both,All ages,Other pharynx cancer,Number,2011,125909.92729191882,145175.22727787794,108560.18210748318
Incidence,Global,Both,All ages,Other pharynx cancer,Number,2012,129308.22089488556,148277.00126441283,112700.43347507488
Incidence,Global,Both,All ages,Other pharynx cancer,Number,2013,132611.24834610795,152440.9827012985,114970.13288139673
Incidence,Global,Both,All ages,Other pharynx cancer,Number,2014,135573.7483483819,157948.63257616985,116534.9058940762
Incidence,Global,Both,All ages,Other pharynx cancer,Number,2015,141518.47389403707,165708.9123148163,121129.5138800434
Incidence,Global,Both,All ages,Other pharynx cancer,Number,2016,148324.98873488308,174741.89837388683,126401.709260755
Incidence,Global,Both,All ages,Other pharynx cancer,Number,2017,153793.2742391565,181212.66082461269,130244.1198709158
Incidence,Global,Both,All ages,Other pharynx cancer,Number,2018,157491.27149719067,187924.72810303097,133079.6931792309
Incidence,Global,Both,All ages,Other pharynx cancer,Number,2019,161099.0143919625,191520.4803900791,135634.73651901606
Incidence,Global,Both,All ages,Other pharynx cancer,Number,2020,167940.09731960966,198374.98518418265,139644.28867310757
Incidence,Global,Both,All ages,Other pharynx cancer,Number,2021,184200.42035655136,220615.6187772691,151790.59126806707
Incidence,Global,Both,All ages,Other pharynx cancer,Number,2022,185219.44410757045,222521.34602373152,153093.62287389155
Incidence,Global,Both,All ages,Other pharynx cancer,Number,2023,192868.9553306749,230534.5996118175,159379.67108541427
Incidence,Global,Both,All ages,Ovarian cancer,Number,1990,158402.5531578491,176975.4636739598,143592.2280189596
Incidence,Global,Both,All ages,Ovarian cancer,Number,1991,162890.41595089575,182013.92988424725,147498.7952555598
Incidence,Global,Both,All ages,Ovarian cancer,Number,1992,166193.5854116417,185304.75186670103,150648.38631504562
Incidence,Global,Both,All ages,Ovarian cancer,Number,1993,170713.9181028846,189478.00181511304,154762.93667099596
Incidence,Global,Both,All ages,Ovarian cancer,Number,1994,174330.2601364466,193442.8467836724,158026.91361239486
Incidence,Global,Both,All ages,Ovarian cancer,Number,1995,178390.09774469025,198661.95722405936,161089.86532193818
Incidence,Global,Both,All ages,Ovarian cancer,Number,1996,182502.1590849041,203147.1569121421,164761.61823834345
Incidence,Global,Both,All ages,Ovarian cancer,Number,1997,185964.20255217483,205695.10580709795,167153.6934554077
Incidence,Global,Both,All ages,Ovarian cancer,Number,1998,189100.5944378536,209546.66422650823,170526.23707858325
Incidence,Global,Both,All ages,Ovarian cancer,Number,1999,192748.3755320199,212854.04934839936,173511.4278831341
Incidence,Global,Both,All ages,Ovarian cancer,Number,2000,197532.8391164828,219092.62025129143,178413.11292058916
Incidence,Global,Both,All ages,Ovarian cancer,Number,2001,202016.25971636077,224635.7601206841,182790.4838198845
Incidence,Global,Both,All ages,Ovarian cancer,Number,2002,206661.82483814607,230177.07378250916,186560.9295110285
Incidence,Global,Both,All ages,Ovarian cancer,Number,2003,209341.28438210988,233192.26138388104,189708.689951232
Incidence,Global,Both,All ages,Ovarian cancer,Number,2004,210765.41803267156,236699.2756449877,191185.7950488771
Incidence,Global,Both,All ages,Ovarian cancer,Number,2005,214849.43146118772,241157.71469109863,194969.3597649861
Incidence,Global,Both,All ages,Ovarian cancer,Number,2006,217902.2391610569,243296.4594570085,197977.41345286023
Incidence,Global,Both,All ages,Ovarian cancer,Number,2007,221782.9120010686,246794.1709214876,201598.28859133067
Incidence,Global,Both,All ages,Ovarian cancer,Number,2008,226541.79085831335,253582.5028739,205823.51235115604
Incidence,Global,Both,All ages,Ovarian cancer,Number,2009,229808.04790173756,257567.5573707687,208046.4243798261
Incidence,Global,Both,All ages,Ovarian cancer,Number,2010,234741.63463162843,262478.29381679127,211488.37470286083
Incidence,Global,Both,All ages,Ovarian cancer,Number,2011,237483.9700400873,265831.94801899034,212715.18655546417
Incidence,Global,Both,All ages,Ovarian cancer,Number,2012,241112.3124517469,271385.6839320606,215477.63552690804
Incidence,Global,Both,All ages,Ovarian cancer,Number,2013,245815.41077052036,279679.83582888625,218541.68242420076
Incidence,Global,Both,All ages,Ovarian cancer,Number,2014,252286.6463071984,288772.0451952722,223825.51906140757
Incidence,Global,Both,All ages,Ovarian cancer,Number,2015,260565.03882821847,300974.35084505414,231577.78129634695
Incidence,Global,Both,All ages,Ovarian cancer,Number,2016,268214.64327289694,313996.20029055903,238471.18816572215
Incidence,Global,Both,All ages,Ovarian cancer,Number,2017,276262.267459456,322712.0914397555,244126.43788124635
Incidence,Global,Both,All ages,Ovarian cancer,Number,2018,282173.34871232253,330740.7560432068,249439.9590942429
Incidence,Global,Both,All ages,Ovarian cancer,Number,2019,288539.4070358558,338290.3010393079,253501.458591013
Incidence,Global,Both,All ages,Ovarian cancer,Number,2020,296385.78140340134,346357.6917969514,260550.31699651308
Incidence,Global,Both,All ages,Ovarian cancer,Number,2021,313048.78661983093,367464.8437186953,274712.72572936106
Incidence,Global,Both,All ages,Ovarian cancer,Number,2022,326101.50745970034,381840.3372678504,284046.85148154973
Incidence,Global,Both,All ages,Ovarian cancer,Number,2023,338614.87947600964,403963.27365288255,292972.51633019734
Incidence,Global,Both,All ages,Pancreatic cancer,Number,1990,226655.8637860636,241133.0266791651,213425.4619609584
Incidence,Global,Both,All ages,Pancreatic cancer,Number,1991,233296.7398673301,247361.6007105618,219437.33411773096
Incidence,Global,Both,All ages,Pancreatic cancer,Number,1992,239225.9492887513,253220.7999247873,225628.4788266193
Incidence,Global,Both,All ages,Pancreatic cancer,Number,1993,247397.417465952,261374.2016885529,233617.53457867497
Incidence,Global,Both,All ages,Pancreatic cancer,Number,1994,252397.3246682096,266290.2658987019,237985.501064028
Incidence,Global,Both,All ages,Pancreatic cancer,Number,1995,257870.61498859865,272041.8857055867,241683.7693694966
Incidence,Global,Both,All ages,Pancreatic cancer,Number,1996,263494.5309822641,277473.5158791895,246914.8196812792
Incidence,Global,Both,All ages,Pancreatic cancer,Number,1997,268955.68225373974,283167.1695734311,253186.38190062525
Incidence,Global,Both,All ages,Pancreatic cancer,Number,1998,275389.4804322967,289624.2473014179,259585.4896039385
Incidence,Global,Both,All ages,Pancreatic cancer,Number,1999,283459.0534211667,297844.8060385395,265972.2259074873
Incidence,Global,Both,All ages,Pancreatic cancer,Number,2000,290543.7709894817,305823.59680281044,272183.6221161002
Incidence,Global,Both,All ages,Pancreatic cancer,Number,2001,297804.93819253735,314214.3850343529,279738.96257302695
Incidence,Global,Both,All ages,Pancreatic cancer,Number,2002,306153.9867008563,322214.23091341835,287149.9357710952
Incidence,Global,Both,All ages,Pancreatic cancer,Number,2003,314346.59206702095,330064.303276501,295311.6956619739
Incidence,Global,Both,All ages,Pancreatic cancer,Number,2004,320097.24741292093,336918.620903521,301498.5204945466
Incidence,Global,Both,All ages,Pancreatic cancer,Number,2005,331934.5955214828,349441.08099191607,313343.7997703745
Incidence,Global,Both,All ages,Pancreatic cancer,Number,2006,342022.3503342297,360894.1851069006,321462.5129548382
Incidence,Global,Both,All ages,Pancreatic cancer,Number,2007,355796.91636164807,373960.19082083146,333119.63284545264
Incidence,Global,Both,All ages,Pancreatic cancer,Number,2008,368280.42640685424,386585.2202824351,343032.02596635924
Incidence,Global,Both,All ages,Pancreatic cancer,Number,2009,375467.5273518671,395242.7011052481,350223.56065490376
Incidence,Global,Both,All ages,Pancreatic cancer,Number,2010,387432.9812147895,408541.7439386722,361199.8274827948
Incidence,Global,Both,All ages,Pancreatic cancer,Number,2011,395826.9704861946,417144.9069960421,367532.007603952
Incidence,Global,Both,All ages,Pancreatic cancer,Number,2012,407669.5847292724,428473.6654390463,376694.94298295793
Incidence,Global,Both,All ages,Pancreatic cancer,Number,2013,415601.7463735635,438276.951243981,384305.3502120995
Incidence,Global,Both,All ages,Pancreatic cancer,Number,2014,426684.0638418626,451151.233935515,396202.5949098208
Incidence,Global,Both,All ages,Pancreatic cancer,Number,2015,444885.3791141772,467867.6063378614,413592.41878444015
Incidence,Global,Both,All ages,Pancreatic cancer,Number,2016,462001.8277505803,486303.92417999153,426314.1148855988
Incidence,Global,Both,All ages,Pancreatic cancer,Number,2017,479311.4529529846,504378.3131823287,441339.05218611285
Incidence,Global,Both,All ages,Pancreatic cancer,Number,2018,490762.168339408,517705.7367882972,451934.4537730418
Incidence,Global,Both,All ages,Pancreatic cancer,Number,2019,500475.046048114,529914.8126954586,460696.261038158
Incidence,Global,Both,All ages,Pancreatic cancer,Number,2020,513312.8247067202,542424.3136123817,473581.4926234993
Incidence,Global,Both,All ages,Pancreatic cancer,Number,2021,537200.6797765258,568343.2895271464,494741.8569215887
Incidence,Global,Both,All ages,Pancreatic cancer,Number,2022,564752.3902507032,599023.610833716,510339.1752127704
Incidence,Global,Both,All ages,Pancreatic cancer,Number,2023,578236.4167249934,619256.1841698431,523304.17682836106
Incidence,Global,Both,All ages,Bladder cancer,Number,1990,276550.48241705034,312313.4670745304,243241.7230648802
Incidence,Global,Both,All ages,Bladder cancer,Number,1991,285024.77319488133,321366.22696473787,250114.50757353107
Incidence,Global,Both,All ages,Bladder cancer,Number,1992,292117.3542946858,329845.67559874314,255276.93852184617
Incidence,Global,Both,All ages,Bladder cancer,Number,1993,301382.9920947906,340735.30542688025,265411.04508287745
Incidence,Global,Both,All ages,Bladder cancer,Number,1994,307515.169944502,346821.7850701956,270229.5277454631
Incidence,Global,Both,All ages,Bladder cancer,Number,1995,314499.4572456645,355021.519022862,276310.63667066453
Incidence,Global,Both,All ages,Bladder cancer,Number,1996,321651.48326878814,361795.46494340576,281618.6148772364
Incidence,Global,Both,All ages,Bladder cancer,Number,1997,327770.34915573825,371219.3300647331,286030.37056430645
Incidence,Global,Both,All ages,Bladder cancer,Number,1998,334928.5437797771,378639.2899976757,292251.9912111364
Incidence,Global,Both,All ages,Bladder cancer,Number,1999,344530.26623643463,388492.4595816963,303070.9932457696
Incidence,Global,Both,All ages,Bladder cancer,Number,2000,349272.18209988804,390328.3243203195,310827.897502217
Incidence,Global,Both,All ages,Bladder cancer,Number,2001,354764.08023206587,396128.2289709921,317240.33332885953
Incidence,Global,Both,All ages,Bladder cancer,Number,2002,361691.4922052549,405389.5857083276,324081.29836234386
Incidence,Global,Both,All ages,Bladder cancer,Number,2003,368207.59023224906,413384.9566634831,327920.88345544506
Incidence,Global,Both,All ages,Bladder cancer,Number,2004,369872.1392739824,411748.3039363319,329951.9394365214
Incidence,Global,Both,All ages,Bladder cancer,Number,2005,379754.5138286064,421330.162605443,338997.64935443224
Incidence,Global,Both,All ages,Bladder cancer,Number,2006,386568.886159,426472.58705721697,346794.94774017285
Incidence,Global,Both,All ages,Bladder cancer,Number,2007,397123.6968754903,439581.1116803189,355178.1837112751
Incidence,Global,Both,All ages,Bladder cancer,Number,2008,406447.94817973545,452345.37116827175,363818.4062121763
Incidence,Global,Both,All ages,Bladder cancer,Number,2009,410889.3914488872,458807.98144683015,368247.1516882342
Incidence,Global,Both,All ages,Bladder cancer,Number,2010,421212.8429238258,468764.47695946414,376509.03536681423
Incidence,Global,Both,All ages,Bladder cancer,Number,2011,429063.6611914768,474856.0897101425,384406.1035921642
Incidence,Global,Both,All ages,Bladder cancer,Number,2012,438856.98039799655,490326.1148253639,392824.16484831256
Incidence,Global,Both,All ages,Bladder cancer,Number,2013,444665.9709500154,498664.8894671585,396323.8941551173
Incidence,Global,Both,All ages,Bladder cancer,Number,2014,452243.9790357476,506838.4256407729,398865.73318817065
Incidence,Global,Both,All ages,Bladder cancer,Number,2015,468948.33310204645,528549.4424079965,410242.41276873625
Incidence,Global,Both,All ages,Bladder cancer,Number,2016,481878.94049422274,544662.023756734,422055.8061086203
Incidence,Global,Both,All ages,Bladder cancer,Number,2017,494273.0069094734,557210.3207651769,429328.95747300977
Incidence,Global,Both,All ages,Bladder cancer,Number,2018,498786.3906791346,560062.0001552611,431761.2668937488
Incidence,Global,Both,All ages,Bladder cancer,Number,2019,504240.8002729619,567948.2640185512,436823.9368447581
Incidence,Global,Both,All ages,Bladder cancer,Number,2020,515565.6281996658,577363.3079693837,449495.830223499
Incidence,Global,Both,All ages,Bladder cancer,Number,2021,535357.20133438,602627.7933385944,465884.58833849913
Incidence,Global,Both,All ages,Bladder cancer,Number,2022,562722.4432224449,636262.3646413349,486986.716851936
Incidence,Global,Both,All ages,Bladder cancer,Number,2023,572796.3481772825,649355.5381435439,501271.3103522712
Incidence,Global,Both,All ages,Thyroid cancer,Number,1990,101766.3214390398,127895.69142236044,78946.23764692624
Incidence,Global,Both,All ages,Thyroid cancer,Number,1991,105097.40290137126,134817.8022425361,80769.78521082022
Incidence,Global,Both,All ages,Thyroid cancer,Number,1992,108271.53065493803,138291.0119102658,85563.5532942774
Incidence,Global,Both,All ages,Thyroid cancer,Number,1993,111387.75507787094,141363.65800229798,87772.18697889094
Incidence,Global,Both,All ages,Thyroid cancer,Number,1994,114535.86121105352,147563.7896241711,90475.0260824892
Incidence,Global,Both,All ages,Thyroid cancer,Number,1995,118906.8064332808,151650.1436033456,91408.11677878971
Incidence,Global,Both,All ages,Thyroid cancer,Number,1996,124021.1282446981,159980.8580832918,94317.78790052842
Incidence,Global,Both,All ages,Thyroid cancer,Number,1997,127031.6096839203,164973.6767194289,97491.6946177702
Incidence,Global,Both,All ages,Thyroid cancer,Number,1998,130738.9915189766,172131.40445217202,100011.65423644666
Incidence,Global,Both,All ages,Thyroid cancer,Number,1999,135910.9188485351,176314.55703255942,105197.063466351
Incidence,Global,Both,All ages,Thyroid cancer,Number,2000,142061.99399148644,179872.41165472585,109404.34407074156
Incidence,Global,Both,All ages,Thyroid cancer,Number,2001,147189.01494722444,184772.3194620079,115375.2941458172
Incidence,Global,Both,All ages,Thyroid cancer,Number,2002,151586.1100829917,192518.1398788115,117615.93753384924
Incidence,Global,Both,All ages,Thyroid cancer,Number,2003,155487.45001440195,196153.0867015833,121019.77755919968
Incidence,Global,Both,All ages,Thyroid cancer,Number,2004,159816.24985934264,200900.56929072237,125391.89629056896
Incidence,Global,Both,All ages,Thyroid cancer,Number,2005,167320.36736847294,209689.1403312243,129616.6084609309
Incidence,Global,Both,All ages,Thyroid cancer,Number,2006,175169.18573854267,220694.5274533766,137416.2548776323
Incidence,Global,Both,All ages,Thyroid cancer,Number,2007,181906.4998008914,229139.8528758124,142215.72872821576
Incidence,Global,Both,All ages,Thyroid cancer,Number,2008,188825.17402709016,238633.27438609017,146387.90399066103
Incidence,Global,Both,All ages,Thyroid cancer,Number,2009,194823.0872455857,245277.94838840252,150718.45001428202
Incidence,Global,Both,All ages,Thyroid cancer,Number,2010,200251.27365360796,253396.8377496843,155167.3866860621
Incidence,Global,Both,All ages,Thyroid cancer,Number,2011,203342.81981512345,259665.54599192383,156906.21057364822
Incidence,Global,Both,All ages,Thyroid cancer,Number,2012,209110.11799191215,268064.2278825045,162187.3078338847
Incidence,Global,Both,All ages,Thyroid cancer,Number,2013,215248.36797533729,280917.7553794107,165015.1867140056
Incidence,Global,Both,All ages,Thyroid cancer,Number,2014,221038.4148950921,287436.13852245297,170298.393983325
Incidence,Global,Both,All ages,Thyroid cancer,Number,2015,228050.2894265318,296810.6469644663,180007.84829898475
Incidence,Global,Both,All ages,Thyroid cancer,Number,2016,235597.9235058624,308875.1495995558,184197.67020409345
Incidence,Global,Both,All ages,Thyroid cancer,Number,2017,242380.99650841285,317853.0502273374,187854.7515255136
Incidence,Global,Both,All ages,Thyroid cancer,Number,2018,249376.44996145696,319508.8272039667,193200.30215616632
Incidence,Global,Both,All ages,Thyroid cancer,Number,2019,254431.6116445052,322335.62089619646,197944.47105847072
Incidence,Global,Both,All ages,Thyroid cancer,Number,2020,260077.36896989556,327967.259129247,197185.54748665512
Incidence,Global,Both,All ages,Thyroid cancer,Number,2021,279179.3320967319,357581.8499621411,205647.53261561404
Incidence,Global,Both,All ages,Thyroid cancer,Number,2022,293077.46463994414,371485.851026733,217269.65250739147
Incidence,Global,Both,All ages,Thyroid cancer,Number,2023,303950.614144269,385895.7202182328,220874.71270958116
Incidence,Global,Both,All ages,Non-Hodgkin lymphoma,Number,1990,259351.07127934936,334560.1913798117,211492.33650814745
Incidence,Global,Both,All ages,Non-Hodgkin lymphoma,Number,1991,271646.7361499022,351200.4003332847,217484.12944587984
Incidence,Global,Both,All ages,Non-Hodgkin lymphoma,Number,1992,282911.51191764965,371639.2997401204,227063.7973046283
Incidence,Global,Both,All ages,Non-Hodgkin lymphoma,Number,1993,295516.34792215825,388452.88315004297,233593.55532633152
Incidence,Global,Both,All ages,Non-Hodgkin lymphoma,Number,1994,310357.8317591879,404633.3241744703,243325.1158701069
Incidence,Global,Both,All ages,Non-Hodgkin lymphoma,Number,1995,325937.1069126546,422691.0458992094,253013.736910069
Incidence,Global,Both,All ages,Non-Hodgkin lymphoma,Number,1996,339550.29908042384,446165.5500256333,262489.7508061544
Incidence,Global,Both,All ages,Non-Hodgkin lymphoma,Number,1997,351746.24081502703,461258.6983459477,270555.9427562632
Incidence,Global,Both,All ages,Non-Hodgkin lymphoma,Number,1998,362476.0241204308,478742.9525462919,280590.8908870221
Incidence,Global,Both,All ages,Non-Hodgkin lymphoma,Number,1999,372551.5731051898,498635.7670860717,286070.19477677974
Incidence,Global,Both,All ages,Non-Hodgkin lymphoma,Number,2000,379452.3850665518,503472.46554139495,292719.9818277083
Incidence,Global,Both,All ages,Non-Hodgkin lymphoma,Number,2001,382075.200974083,500380.6425908821,300456.5008194462
Incidence,Global,Both,All ages,Non-Hodgkin lymphoma,Number,2002,385166.7947514084,509359.2900944722,306039.1066977454
Incidence,Global,Both,All ages,Non-Hodgkin lymphoma,Number,2003,390190.84455761255,523541.13030239946,312258.9830598484
Incidence,Global,Both,All ages,Non-Hodgkin lymphoma,Number,2004,393437.10693359736,516895.83104710176,316363.862073904
Incidence,Global,Both,All ages,Non-Hodgkin lymphoma,Number,2005,402650.69503816974,526971.0941172742,317703.83606432576
Incidence,Global,Both,All ages,Non-Hodgkin lymphoma,Number,2006,411887.9347309287,528071.5624559758,318813.19667524763
Incidence,Global,Both,All ages,Non-Hodgkin lymphoma,Number,2007,424043.7543210146,546516.4381881282,328194.3224091101
Incidence,Global,Both,All ages,Non-Hodgkin lymphoma,Number,2008,437390.530202538,571112.3835357599,339175.56790419965
Incidence,Global,Both,All ages,Non-Hodgkin lymphoma,Number,2009,448190.3803702661,599777.8579133763,350175.1737641724
Incidence,Global,Both,All ages,Non-Hodgkin lymphoma,Number,2010,459112.9865754635,600433.4601905739,357975.1379597692
Incidence,Global,Both,All ages,Non-Hodgkin lymphoma,Number,2011,469976.7312107779,636722.2682097212,362098.64022914734
Incidence,Global,Both,All ages,Non-Hodgkin lymphoma,Number,2012,482949.740928624,649289.6668080147,375142.1269804457
Incidence,Global,Both,All ages,Non-Hodgkin lymphoma,Number,2013,493825.5419898805,661272.477712241,375597.3506471973
Incidence,Global,Both,All ages,Non-Hodgkin lymphoma,Number,2014,506159.3516343879,663539.8663370014,379228.9195632215
Incidence,Global,Both,All ages,Non-Hodgkin lymphoma,Number,2015,521234.30992361216,696446.0576183903,390728.3083746191
Incidence,Global,Both,All ages,Non-Hodgkin lymphoma,Number,2016,535160.8953351513,730568.9070131138,404648.41668068944
Incidence,Global,Both,All ages,Non-Hodgkin lymphoma,Number,2017,549840.7586953292,756894.0325916484,411078.2087387303
Incidence,Global,Both,All ages,Non-Hodgkin lymphoma,Number,2018,562364.4223831404,767623.1327299434,416841.8074493506
Incidence,Global,Both,All ages,Non-Hodgkin lymphoma,Number,2019,577057.7209298612,768210.3712235865,428484.68917690025
Incidence,Global,Both,All ages,Non-Hodgkin lymphoma,Number,2020,592784.8223455163,804384.3758900282,440518.9541866212
Incidence,Global,Both,All ages,Non-Hodgkin lymphoma,Number,2021,612612.9391590628,825177.7670573825,449574.0815547961
Incidence,Global,Both,All ages,Non-Hodgkin lymphoma,Number,2022,632133.4248371227,867155.9741745567,460833.3086354463
Incidence,Global,Both,All ages,Non-Hodgkin lymphoma,Number,2023,640673.2100562884,850994.828016991,469554.7071955871
Incidence,Global,Both,All ages,Leukemia,Number,1990,404109.890498256,493724.73210915446,340649.91796132457
Incidence,Global,Both,All ages,Leukemia,Number,1991,412511.9208336804,502378.9414485476,348406.1864800401
Incidence,Global,Both,All ages,Leukemia,Number,1992,419629.900303904,514724.5520802385,353692.65526233707
Incidence,Global,Both,All ages,Leukemia,Number,1993,427319.9726656697,529945.0249641818,355748.1020814679
Incidence,Global,Both,All ages,Leukemia,Number,1994,435554.1754722368,541813.8019624292,361579.3414796217
Incidence,Global,Both,All ages,Leukemia,Number,1995,445351.12633421714,560191.8745428395,366804.55658308027
Incidence,Global,Both,All ages,Leukemia,Number,1996,453918.8522777097,577450.1377440979,370672.49785594
Incidence,Global,Both,All ages,Leukemia,Number,1997,460005.3788691799,579736.6235495786,374608.7390710595
Incidence,Global,Both,All ages,Leukemia,Number,1998,466760.7868362894,593722.3989956096,381277.0146775677
Incidence,Global,Both,All ages,Leukemia,Number,1999,474469.3922622919,590826.1681562386,385639.1198356626
Incidence,Global,Both,All ages,Leukemia,Number,2000,478813.7467707326,601836.2453753616,390575.1516331557
Incidence,Global,Both,All ages,Leukemia,Number,2001,480994.6908354102,618119.4672651847,394955.7253713547
Incidence,Global,Both,All ages,Leukemia,Number,2002,483323.3399539426,609278.5181694494,403545.950673908
Incidence,Global,Both,All ages,Leukemia,Number,2003,486186.2865921162,608943.680960601,406776.3885707421
Incidence,Global,Both,All ages,Leukemia,Number,2004,488155.2712730181,610136.2017631879,406561.8644737484
Incidence,Global,Both,All ages,Leukemia,Number,2005,493860.9844082443,625782.4401208097,410943.8298868134
Incidence,Global,Both,All ages,Leukemia,Number,2006,496419.5774034336,642950.5159085792,410815.5348984164
Incidence,Global,Both,All ages,Leukemia,Number,2007,500390.6395984161,642206.9263871578,413489.4096702729
Incidence,Global,Both,All ages,Leukemia,Number,2008,506913.0002636315,651308.162146935,417859.56759317743
Incidence,Global,Both,All ages,Leukemia,Number,2009,509260.4010825454,659181.4581633451,421218.1293479292
Incidence,Global,Both,All ages,Leukemia,Number,2010,511010.2348492472,670308.0818492238,425962.65506761207
Incidence,Global,Both,All ages,Leukemia,Number,2011,512686.4797254641,667400.1249778669,427873.88830176194
Incidence,Global,Both,All ages,Leukemia,Number,2012,515600.6128193716,658933.8759324556,432400.53851894126
Incidence,Global,Both,All ages,Leukemia,Number,2013,517966.1482563803,658879.1957833368,431387.6672581316
Incidence,Global,Both,All ages,Leukemia,Number,2014,519512.433180291,664693.4460347048,432068.77716794016
Incidence,Global,Both,All ages,Leukemia,Number,2015,524769.980946798,672643.6043555425,432285.35123555135
Incidence,Global,Both,All ages,Leukemia,Number,2016,531695.1801217045,684694.7097961783,432724.4625106679
Incidence,Global,Both,All ages,Leukemia,Number,2017,538735.1678165924,690451.1812584444,437228.0810756783
Incidence,Global,Both,All ages,Leukemia,Number,2018,545927.1656103388,696051.1359631455,439022.0206619672
Incidence,Global,Both,All ages,Leukemia,Number,2019,552949.7126416472,704013.6584971694,440702.48012180114
Incidence,Global,Both,All ages,Leukemia,Number,2020,562975.1561399808,710406.1717294839,452167.5044071839
Incidence,Global,Both,All ages,Leukemia,Number,2021,573242.8022324553,718179.7552821008,454520.3543291168
Incidence,Global,Both,All ages,Leukemia,Number,2022,582746.5007133223,754195.8169302059,453753.1791226349
Incidence,Global,Both,All ages,Leukemia,Number,2023,581536.2753613063,744720.534385591,450289.7734134821
Incidence,Global,Both,All ages,Other neoplasms,Number,1990,63864202.13130281,76565077.1031881,50483452.9888007
Incidence,Global,Both,All ages,Other neoplasms,Number,1991,65131355.7923509,78155751.9792966,51592055.59468994
Incidence,Global,Both,All ages,Other neoplasms,Number,1992,66314520.71365845,79651735.63196462,52678408.33577686
Incidence,Global,Both,All ages,Other neoplasms,Number,1993,67423795.49709667,81059319.08739668,53699781.81717303
Incidence,Global,Both,All ages,Other neoplasms,Number,1994,68422365.82208972,82390231.92127521,54667377.01608504
Incidence,Global,Both,All ages,Other neoplasms,Number,1995,69327534.72880657,83585933.24268462,55520678.548037305
Incidence,Global,Both,All ages,Other neoplasms,Number,1996,70121017.10567194,84642705.1237475,56169694.34762339
Incidence,Global,Both,All ages,Other neoplasms,Number,1997,70833546.37556559,85542223.59467728,56715768.751642935
Incidence,Global,Both,All ages,Other neoplasms,Number,1998,71529878.4687343,86428893.31516351,57206853.79744412
Incidence,Global,Both,All ages,Other neoplasms,Number,1999,72249998.08211172,87331457.12681258,57718141.73632613
Incidence,Global,Both,All ages,Other neoplasms,Number,2000,73053949.34493117,88305679.15309322,58291393.62988347
Incidence,Global,Both,All ages,Other neoplasms,Number,2001,73917999.66180716,89260133.84828557,58973354.93938757
Incidence,Global,Both,All ages,Other neoplasms,Number,2002,74813105.28587203,90186554.26593529,59699331.96042257
Incidence,Global,Both,All ages,Other neoplasms,Number,2003,75743636.51913066,91151825.53487304,60649100.80569124
Incidence,Global,Both,All ages,Other neoplasms,Number,2004,76706576.0901851,92164136.06346552,61616679.83464599
Incidence,Global,Both,All ages,Other neoplasms,Number,2005,77726892.02845246,93330440.00471732,62592257.977690086
Incidence,Global,Both,All ages,Other neoplasms,Number,2006,78818918.82943986,94715647.76533528,63852119.05204715
Incidence,Global,Both,All ages,Other neoplasms,Number,2007,80025138.71750906,96201088.15598066,64880147.46136381
Incidence,Global,Both,All ages,Other neoplasms,Number,2008,81290141.9083797,97732384.3730552,65928261.81292841
Incidence,Global,Both,All ages,Other neoplasms,Number,2009,82533913.04126447,99226883.391438,66943564.143018976
Incidence,Global,Both,All ages,Other neoplasms,Number,2010,83677400.74373908,100481114.9475074,67754820.8056557
Incidence,Global,Both,All ages,Other neoplasms,Number,2011,84680358.07198523,101613488.65615818,68677804.44518161
Incidence,Global,Both,All ages,Other neoplasms,Number,2012,85650410.12151065,102675807.77313416,69617560.14311756
Incidence,Global,Both,All ages,Other neoplasms,Number,2013,86611244.28681105,103713329.20513996,70565317.91701972
Incidence,Global,Both,All ages,Other neoplasms,Number,2014,87525495.06776728,104681584.19285811,71483314.58639862
Incidence,Global,Both,All ages,Other neoplasms,Number,2015,88427207.09183379,105674543.2777094,72407304.29571864
Incidence,Global,Both,All ages,Other neoplasms,Number,2016,89261638.79740849,106576010.62861755,73164694.91191703
Incidence,Global,Both,All ages,Other neoplasms,Number,2017,90073243.55465442,107485178.33167094,73906423.6593053
Incidence,Global,Both,All ages,Other neoplasms,Number,2018,90839194.34488772,108367799.26106772,74575937.99907705
Incidence,Global,Both,All ages,Other neoplasms,Number,2019,91553145.1581131,109186832.89595927,75108451.13301796
Incidence,Global,Both,All ages,Other neoplasms,Number,2020,92214843.8795178,109801690.47678705,75577777.9862121
Incidence,Global,Both,All ages,Other neoplasms,Number,2021,92538523.2412022,110014611.04916634,75816668.32981429
Incidence,Global,Both,All ages,Other neoplasms,Number,2022,92771294.58582371,110345913.82378404,75956924.38022107
Incidence,Global,Both,All ages,Other neoplasms,Number,2023,93396300.30036896,111342715.37609804,75434283.32893755
Incidence,Global,Both,All ages,Soft tissue and other extraosseous sarcomas,Number,1990,64254.59768468046,82861.28550419034,51520.86168895273
Incidence,Global,Both,All ages,Soft tissue and other extraosseous sarcomas,Number,1991,66721.39732733279,85142.39299567511,53718.8159238203
Incidence,Global,Both,All ages,Soft tissue and other extraosseous sarcomas,Number,1992,68742.45416890943,87876.24333117614,55250.765582785
Incidence,Global,Both,All ages,Soft tissue and other extraosseous sarcomas,Number,1993,71715.78905338123,93124.22841796988,56865.6332388836
Incidence,Global,Both,All ages,Soft tissue and other extraosseous sarcomas,Number,1994,74092.47072124762,96305.699216718,59833.61337613321
Incidence,Global,Both,All ages,Soft tissue and other extraosseous sarcomas,Number,1995,76400.54239115132,98092.67253845496,62150.91615488184
Incidence,Global,Both,All ages,Soft tissue and other extraosseous sarcomas,Number,1996,78305.23590707831,100614.90933610416,64218.46489767565
Incidence,Global,Both,All ages,Soft tissue and other extraosseous sarcomas,Number,1997,79441.01653875105,100101.64355962892,64400.89031902414
Incidence,Global,Both,All ages,Soft tissue and other extraosseous sarcomas,Number,1998,80080.15548323338,101729.04148828106,64584.58191610266
Incidence,Global,Both,All ages,Soft tissue and other extraosseous sarcomas,Number,1999,80288.40660806689,100958.07755228729,65372.09779335883
Incidence,Global,Both,All ages,Soft tissue and other extraosseous sarcomas,Number,2000,81338.56438496249,100959.83699664014,66432.32592562893
Incidence,Global,Both,All ages,Soft tissue and other extraosseous sarcomas,Number,2001,81940.2651881266,102405.21986537642,66946.55869196272
Incidence,Global,Both,All ages,Soft tissue and other extraosseous sarcomas,Number,2002,83002.48038779432,102390.24375697107,67552.67114749987
Incidence,Global,Both,All ages,Soft tissue and other extraosseous sarcomas,Number,2003,84705.20532846123,104820.68897297369,70141.61156354031
Incidence,Global,Both,All ages,Soft tissue and other extraosseous sarcomas,Number,2004,86304.99330900202,105737.81297865666,72133.7042905885
Incidence,Global,Both,All ages,Soft tissue and other extraosseous sarcomas,Number,2005,88603.01374887335,107952.4510274182,73610.68519952414
Incidence,Global,Both,All ages,Soft tissue and other extraosseous sarcomas,Number,2006,90567.6904649451,112413.94793353592,74592.43702393484
Incidence,Global,Both,All ages,Soft tissue and other extraosseous sarcomas,Number,2007,93167.85368690922,115649.5654164588,76669.32035262513
Incidence,Global,Both,All ages,Soft tissue and other extraosseous sarcomas,Number,2008,95605.2005688516,119082.14005318956,78897.72768140958
Incidence,Global,Both,All ages,Soft tissue and other extraosseous sarcomas,Number,2009,97546.34753018396,121274.95831392852,81169.40828081079
Incidence,Global,Both,All ages,Soft tissue and other extraosseous sarcomas,Number,2010,99890.6936196547,124540.9704785216,82079.44605310062
Incidence,Global,Both,All ages,Soft tissue and other extraosseous sarcomas,Number,2011,101786.9734586317,128884.17777662816,83397.5143063275
Incidence,Global,Both,All ages,Soft tissue and other extraosseous sarcomas,Number,2012,104473.66624254551,128865.78608009056,86354.73624332293
Incidence,Global,Both,All ages,Soft tissue and other extraosseous sarcomas,Number,2013,106772.72550118322,135839.6031832596,87646.5720345897
Incidence,Global,Both,All ages,Soft tissue and other extraosseous sarcomas,Number,2014,109711.8608438271,140855.94511174847,90155.95043118378
Incidence,Global,Both,All ages,Soft tissue and other extraosseous sarcomas,Number,2015,113679.73031646929,146724.80989953782,94396.41958508788
Incidence,Global,Both,All ages,Soft tissue and other extraosseous sarcomas,Number,2016,117306.73962365958,150825.57779361494,95922.3146068437
Incidence,Global,Both,All ages,Soft tissue and other extraosseous sarcomas,Number,2017,121127.86022351283,156881.05668555092,99129.80371804938
Incidence,Global,Both,All ages,Soft tissue and other extraosseous sarcomas,Number,2018,124252.43395697192,159466.03299431514,101445.97242228947
Incidence,Global,Both,All ages,Soft tissue and other extraosseous sarcomas,Number,2019,126776.2381144148,158957.50916812013,102369.87467966424
Incidence,Global,Both,All ages,Soft tissue and other extraosseous sarcomas,Number,2020,130503.64375669658,163457.2997067761,103883.86984753348
Incidence,Global,Both,All ages,Soft tissue and other extraosseous sarcomas,Number,2021,135548.60190685815,170693.401539164,105647.59297320271
Incidence,Global,Both,All ages,Soft tissue and other extraosseous sarcomas,Number,2022,138497.18944764402,177099.3374165769,105685.6394997106
Incidence,Global,Both,All ages,Soft tissue and other extraosseous sarcomas,Number,2023,139546.10650208412,178026.41109962287,107561.94811825968
Incidence,Global,Both,All ages,Esophageal cancer,Number,1990,395048.5791153316,435204.45087770285,330522.6174706942
Incidence,Global,Both,All ages,Esophageal cancer,Number,1991,404607.7370433668,448850.0120299429,341532.7720265475
Incidence,Global,Both,All ages,Esophageal cancer,Number,1992,410690.62759721617,453809.6702705879,353880.9530755922
Incidence,Global,Both,All ages,Esophageal cancer,Number,1993,416613.3407592568,461864.9237271614,365409.36236472905
Incidence,Global,Both,All ages,Esophageal cancer,Number,1994,421067.2563118096,466107.82863087615,370805.5386411074
Incidence,Global,Both,All ages,Esophageal cancer,Number,1995,425142.4332754256,470777.6846999885,370080.13848769176
Incidence,Global,Both,All ages,Esophageal cancer,Number,1996,430581.95095911546,476084.49049992935,378841.886695664
Incidence,Global,Both,All ages,Esophageal cancer,Number,1997,436831.6207070092,481177.4942069936,382614.0614532215
Incidence,Global,Both,All ages,Esophageal cancer,Number,1998,444961.0544059901,487100.206140205,385286.42271090887
Incidence,Global,Both,All ages,Esophageal cancer,Number,1999,455547.4011643578,500627.3591686414,394241.38114562735
Incidence,Global,Both,All ages,Esophageal cancer,Number,2000,464371.163990221,506823.5544101392,400166.121995344
Incidence,Global,Both,All ages,Esophageal cancer,Number,2001,473252.510349084,511227.1959495649,404091.4606048062
Incidence,Global,Both,All ages,Esophageal cancer,Number,2002,478364.732494781,517690.3944547105,413867.91881664615
Incidence,Global,Both,All ages,Esophageal cancer,Number,2003,481341.5147284836,519709.15226103377,418158.3896233968
Incidence,Global,Both,All ages,Esophageal cancer,Number,2004,480690.560084004,515862.5335851943,422914.2165762994
Incidence,Global,Both,All ages,Esophageal cancer,Number,2005,481110.7923116613,514004.8043002581,426054.0637117808
Incidence,Global,Both,All ages,Esophageal cancer,Number,2006,482168.83580538,515337.9360810506,431277.8904695596
Incidence,Global,Both,All ages,Esophageal cancer,Number,2007,485639.4525037168,521801.7471760452,435051.4561300584
Incidence,Global,Both,All ages,Esophageal cancer,Number,2008,480723.8410261813,515663.4086270637,435117.7118797996
Incidence,Global,Both,All ages,Esophageal cancer,Number,2009,476046.8801811266,512729.930261432,433113.64411046
Incidence,Global,Both,All ages,Esophageal cancer,Number,2010,470639.33450458775,506183.34873825056,429361.6662473317
Incidence,Global,Both,All ages,Esophageal cancer,Number,2011,461588.24132184114,495939.3949552313,422089.7615209578
Incidence,Global,Both,All ages,Esophageal cancer,Number,2012,458638.07670882414,492001.9879022039,418831.00607243605
Incidence,Global,Both,All ages,Esophageal cancer,Number,2013,453952.4399922045,485834.8060581855,414523.91860003816
Incidence,Global,Both,All ages,Esophageal cancer,Number,2014,460519.0975837514,490917.4349875969,421675.00149322633
Incidence,Global,Both,All ages,Esophageal cancer,Number,2015,475680.3162519341,507095.5340092981,434096.4818304767
Incidence,Global,Both,All ages,Esophageal cancer,Number,2016,496100.63417796936,530956.4946381651,451530.2918165971
Incidence,Global,Both,All ages,Esophageal cancer,Number,2017,512903.315690584,549902.8608599606,461496.7638444491
Incidence,Global,Both,All ages,Esophageal cancer,Number,2018,518660.8495078377,556670.7614737423,471925.00584789296
Incidence,Global,Both,All ages,Esophageal cancer,Number,2019,518797.8185480735,562139.6950867681,466037.67132740375
Incidence,Global,Both,All ages,Esophageal cancer,Number,2020,525656.6119207884,568057.8202258562,474818.2575742169
Incidence,Global,Both,All ages,Esophageal cancer,Number,2021,570495.5927078875,621585.0476487952,512136.5913731165
Incidence,Global,Both,All ages,Esophageal cancer,Number,2022,602543.5692111593,666740.2795487808,540708.7515487921
Incidence,Global,Both,All ages,Esophageal cancer,Number,2023,616358.7701058044,688595.3964372016,551347.0730514379
Incidence,Global,Both,All ages,Malignant neoplasm of bone and articular cartilage,Number,1990,58545.9518897986,81931.11183900837,44415.20896001098
Incidence,Global,Both,All ages,Malignant neoplasm of bone and articular cartilage,Number,1991,59047.73289521965,82007.02875983133,45085.453329739
Incidence,Global,Both,All ages,Malignant neoplasm of bone and articular cartilage,Number,1992,60070.24803543223,83368.95501878872,45630.650177257325
Incidence,Global,Both,All ages,Malignant neoplasm of bone and articular cartilage,Number,1993,61458.481323239685,85522.37731333391,46865.55617200264
Incidence,Global,Both,All ages,Malignant neoplasm of bone and articular cartilage,Number,1994,62838.12644337525,86428.59532761191,48014.549258262734
Incidence,Global,Both,All ages,Malignant neoplasm of bone and articular cartilage,Number,1995,63755.12904455898,86690.2457173412,47898.01584057108
Incidence,Global,Both,All ages,Malignant neoplasm of bone and articular cartilage,Number,1996,65069.87176845473,87805.373790622,48637.66521844659
Incidence,Global,Both,All ages,Malignant neoplasm of bone and articular cartilage,Number,1997,66154.29279673309,90881.3975495188,49763.55431158956
Incidence,Global,Both,All ages,Malignant neoplasm of bone and articular cartilage,Number,1998,67587.16845914454,95480.40200432834,50536.991994488766
Incidence,Global,Both,All ages,Malignant neoplasm of bone and articular cartilage,Number,1999,69221.65433234624,97406.40451207224,51385.24983394919
Incidence,Global,Both,All ages,Malignant neoplasm of bone and articular cartilage,Number,2000,70458.83988670583,96862.83176345016,52543.21621004582
Incidence,Global,Both,All ages,Malignant neoplasm of bone and articular cartilage,Number,2001,72066.58158270908,97941.84841479988,53812.72784537281
Incidence,Global,Both,All ages,Malignant neoplasm of bone and articular cartilage,Number,2002,74216.22839059829,97433.98723233376,56416.63456538852
Incidence,Global,Both,All ages,Malignant neoplasm of bone and articular cartilage,Number,2003,77262.86449048592,103290.73746181832,59078.90748796178
Incidence,Global,Both,All ages,Malignant neoplasm of bone and articular cartilage,Number,2004,80641.37057253552,107472.44568249388,60756.245864315206
Incidence,Global,Both,All ages,Malignant neoplasm of bone and articular cartilage,Number,2005,82917.09343322487,110020.07857249495,63126.91239682686
Incidence,Global,Both,All ages,Malignant neoplasm of bone and articular cartilage,Number,2006,84132.78099692598,114561.73389379676,64636.592448667325
Incidence,Global,Both,All ages,Malignant neoplasm of bone and articular cartilage,Number,2007,85931.7352021222,116032.90719455924,66864.72485492229
Incidence,Global,Both,All ages,Malignant neoplasm of bone and articular cartilage,Number,2008,87053.74161660612,118376.09769233596,67991.64876497029
Incidence,Global,Both,All ages,Malignant neoplasm of bone and articular cartilage,Number,2009,87506.6105245782,118361.21185812104,67729.66893532492
Incidence,Global,Both,All ages,Malignant neoplasm of bone and articular cartilage,Number,2010,88205.60860361013,118877.44254240504,68692.60952461392
Incidence,Global,Both,All ages,Malignant neoplasm of bone and articular cartilage,Number,2011,88064.69935217872,119476.23455325204,68027.36371997274
Incidence,Global,Both,All ages,Malignant neoplasm of bone and articular cartilage,Number,2012,88400.06382010403,117742.14032084124,68618.38026574315
Incidence,Global,Both,All ages,Malignant neoplasm of bone and articular cartilage,Number,2013,88879.31682530379,121017.94458438808,69759.14816953929
Incidence,Global,Both,All ages,Malignant neoplasm of bone and articular cartilage,Number,2014,90631.93952164007,123098.4995899403,70500.77898145924
Incidence,Global,Both,All ages,Malignant neoplasm of bone and articular cartilage,Number,2015,92475.72238960637,125484.08455252137,70707.95719922731
Incidence,Global,Both,All ages,Malignant neoplasm of bone and articular cartilage,Number,2016,94948.75402194052,130834.44926442264,72120.97217199483
Incidence,Global,Both,All ages,Malignant neoplasm of bone and articular cartilage,Number,2017,96961.77970002008,133466.05248948236,72977.88441944291
Incidence,Global,Both,All ages,Malignant neoplasm of bone and articular cartilage,Number,2018,98908.20173139202,132352.44010491244,74938.80587141973
Incidence,Global,Both,All ages,Malignant neoplasm of bone and articular cartilage,Number,2019,100845.00348975552,136427.17168796997,76055.82179296069
Incidence,Global,Both,All ages,Malignant neoplasm of bone and articular cartilage,Number,2020,104524.20755535548,139453.91577918612,79446.53520597058
Incidence,Global,Both,All ages,Malignant neoplasm of bone and articular cartilage,Number,2021,109360.71865704052,151301.32279656053,83069.4514754029
Incidence,Global,Both,All ages,Malignant neoplasm of bone and articular cartilage,Number,2022,111902.04107373962,155013.80602310578,84380.88251806871
Incidence,Global,Both,All ages,Malignant neoplasm of bone and articular cartilage,Number,2023,111453.02982446233,164492.06274921645,81317.7827019705
Incidence,Global,Both,All ages,Brain and central nervous system cancer,Number,1990,202028.62259169377,236440.54512537923,170217.72111732594
Incidence,Global,Both,All ages,Brain and central nervous system cancer,Number,1991,206783.23853105135,245800.68606580712,173770.59736639264
Incidence,Global,Both,All ages,Brain and central nervous system cancer,Number,1992,210881.00694947425,250567.72595745072,175963.44044280838
Incidence,Global,Both,All ages,Brain and central nervous system cancer,Number,1993,215091.27376223516,257011.9412052676,177782.6007607948
Incidence,Global,Both,All ages,Brain and central nervous system cancer,Number,1994,220298.68590081524,261583.17952810685,180830.48344485555
Incidence,Global,Both,All ages,Brain and central nervous system cancer,Number,1995,225222.69248716783,268610.77709703724,183649.97905237004
Incidence,Global,Both,All ages,Brain and central nervous system cancer,Number,1996,229917.85088700656,271029.87053954654,187700.35826485528
Incidence,Global,Both,All ages,Brain and central nervous system cancer,Number,1997,233767.63202649503,281496.12156458007,191693.8487192149
Incidence,Global,Both,All ages,Brain and central nervous system cancer,Number,1998,237558.5385381596,290013.5756255211,194800.1268699066
Incidence,Global,Both,All ages,Brain and central nervous system cancer,Number,1999,242061.82666285196,284114.30202733097,197789.0437562068
Incidence,Global,Both,All ages,Brain and central nervous system cancer,Number,2000,247705.3932205932,294529.0522489672,203705.5855993289
Incidence,Global,Both,All ages,Brain and central nervous system cancer,Number,2001,251665.66678688905,301486.5130432429,210925.9372512101
Incidence,Global,Both,All ages,Brain and central nervous system cancer,Number,2002,256352.43989318731,309222.70614200085,217085.94144982693
Incidence,Global,Both,All ages,Brain and central nervous system cancer,Number,2003,260737.96779359365,312312.4324879929,225946.08018319024
Incidence,Global,Both,All ages,Brain and central nervous system cancer,Number,2004,265160.3518318837,317350.3237034482,229977.6140052481
Incidence,Global,Both,All ages,Brain and central nervous system cancer,Number,2005,270778.11971511075,321088.0750389198,235265.24773771863
Incidence,Global,Both,All ages,Brain and central nervous system cancer,Number,2006,274247.938414214,326656.1940188236,235344.82407528663
Incidence,Global,Both,All ages,Brain and central nervous system cancer,Number,2007,279051.2265673049,333695.72978586453,238924.1714310005
Incidence,Global,Both,All ages,Brain and central nervous system cancer,Number,2008,285907.9957310622,344893.11154887185,245366.58752001292
Incidence,Global,Both,All ages,Brain and central nervous system cancer,Number,2009,291155.9772528163,352719.2578241925,250202.4849755124
Incidence,Global,Both,All ages,Brain and central nervous system cancer,Number,2010,296709.4095043064,363828.7885961933,255673.4982380197
Incidence,Global,Both,All ages,Brain and central nervous system cancer,Number,2011,300941.62199031643,368603.8288693001,259214.84405037397
Incidence,Global,Both,All ages,Brain and central nervous system cancer,Number,2012,307039.3278783912,368808.5467291076,264705.71834842855
Incidence,Global,Both,All ages,Brain and central nervous system cancer,Number,2013,310833.5118793383,378337.9611578317,266305.0996850561
Incidence,Global,Both,All ages,Brain and central nervous system cancer,Number,2014,317979.28146473016,388359.19583787146,274099.682099577
Incidence,Global,Both,All ages,Brain and central nervous system cancer,Number,2015,326117.43081457936,394455.8537508036,279909.2940416632
Incidence,Global,Both,All ages,Brain and central nervous system cancer,Number,2016,334634.5666539852,406933.0880197965,285370.890918058
Incidence,Global,Both,All ages,Brain and central nervous system cancer,Number,2017,341949.8447431862,419440.21580597846,289006.23819822463
Incidence,Global,Both,All ages,Brain and central nervous system cancer,Number,2018,348447.106436219,432268.22950169415,289100.350038596
Incidence,Global,Both,All ages,Brain and central nervous system cancer,Number,2019,354785.041496269,444199.30720651406,295555.46767800266
Incidence,Global,Both,All ages,Brain and central nervous system cancer,Number,2020,364034.53173994215,453696.28572323767,303363.05125491344
Incidence,Global,Both,All ages,Brain and central nervous system cancer,Number,2021,375050.7718937114,463738.5261554776,314674.1789903803
Incidence,Global,Both,All ages,Brain and central nervous system cancer,Number,2022,383591.473946379,470347.7361458808,319557.8322267075
Incidence,Global,Both,All ages,Brain and central nervous system cancer,Number,2023,382402.5529660492,469367.2825672344,319029.5300311954
Incidence,Global,Both,All ages,Mesothelioma,Number,1990,14623.828661806432,16517.38972049773,13063.254048554569
Incidence,Global,Both,All ages,Mesothelioma,Number,1991,14998.76755989413,16942.38385080802,13437.107225651944
Incidence,Global,Both,All ages,Mesothelioma,Number,1992,15241.999808309778,17187.80748437581,13694.978804969158
Incidence,Global,Both,All ages,Mesothelioma,Number,1993,15989.63511681828,17994.453063569967,14293.47172281507
Incidence,Global,Both,All ages,Mesothelioma,Number,1994,16157.846136190508,18136.86027896876,14450.756227784224
Incidence,Global,Both,All ages,Mesothelioma,Number,1995,16793.94302032646,18720.807350266303,15029.521490431203
Incidence,Global,Both,All ages,Mesothelioma,Number,1996,17005.671817356815,18790.94544616561,15290.587345571672
Incidence,Global,Both,All ages,Mesothelioma,Number,1997,17263.146291359342,19126.622611212973,15543.925988910163
Incidence,Global,Both,All ages,Mesothelioma,Number,1998,17679.14736220608,19648.912644918822,15828.751720575716
Incidence,Global,Both,All ages,Mesothelioma,Number,1999,18252.350934905997,20292.32452553619,16453.61505703312
Incidence,Global,Both,All ages,Mesothelioma,Number,2000,18478.45524588555,20532.743616334945,16691.5624395709
Incidence,Global,Both,All ages,Mesothelioma,Number,2001,18798.14760532767,20885.67432364602,17076.71232460537
Incidence,Global,Both,All ages,Mesothelioma,Number,2002,19306.35782335948,21412.674533332567,17639.16427718952
Incidence,Global,Both,All ages,Mesothelioma,Number,2003,19931.38092607105,22172.919691863102,18182.356534947023
Incidence,Global,Both,All ages,Mesothelioma,Number,2004,19982.433474358368,22158.859210962288,18083.047613815404
Incidence,Global,Both,All ages,Mesothelioma,Number,2005,20704.225823220957,23082.1744597768,18709.571924233296
Incidence,Global,Both,All ages,Mesothelioma,Number,2006,21455.11970720834,23689.48888565033,19538.40496316364
Incidence,Global,Both,All ages,Mesothelioma,Number,2007,22140.52002469692,24345.54647502838,20217.098105225035
Incidence,Global,Both,All ages,Mesothelioma,Number,2008,23197.65099256015,25392.030579958388,21189.33331800945
Incidence,Global,Both,All ages,Mesothelioma,Number,2009,23848.792936647216,26130.01996332007,21835.126799564547
Incidence,Global,Both,All ages,Mesothelioma,Number,2010,24476.9099445562,26801.765700021955,22349.38134458791
Incidence,Global,Both,All ages,Mesothelioma,Number,2011,25468.43105471272,27871.969952361505,23201.834850101368
Incidence,Global,Both,All ages,Mesothelioma,Number,2012,26314.029016011245,28852.734419545173,23901.66415639597
Incidence,Global,Both,All ages,Mesothelioma,Number,2013,26694.87618206496,29108.08002469125,24256.74358986028
Incidence,Global,Both,All ages,Mesothelioma,Number,2014,26938.20592521687,29602.2087997752,24518.956240063548
Incidence,Global,Both,All ages,Mesothelioma,Number,2015,27409.663211112194,30079.63290975556,24924.4694392018
Incidence,Global,Both,All ages,Mesothelioma,Number,2016,27675.346340901346,30450.365312462847,25089.052111793662
Incidence,Global,Both,All ages,Mesothelioma,Number,2017,27990.525296092783,30946.15291405692,25384.08783534857
Incidence,Global,Both,All ages,Mesothelioma,Number,2018,27879.54942260325,30893.6671140322,25021.800378935248
Incidence,Global,Both,All ages,Mesothelioma,Number,2019,27688.90384173467,30637.15957083737,24552.65962399104
Incidence,Global,Both,All ages,Mesothelioma,Number,2020,27901.137787820404,30521.0855946508,24694.62701316719
Incidence,Global,Both,All ages,Mesothelioma,Number,2021,27938.11233834817,30633.888623956736,24859.347534985813
Incidence,Global,Both,All ages,Mesothelioma,Number,2022,28784.13079368651,31801.246432151624,25297.310668344035
Incidence,Global,Both,All ages,Mesothelioma,Number,2023,29402.65425217719,32420.946322286138,25685.20509658481
Incidence,Global,Both,All ages,Other malignant neoplasms,Number,1990,254133.3509777544,294786.05804810487,226240.4687743775
Incidence,Global,Both,All ages,Other malignant neoplasms,Number,1991,260154.9664690269,305911.0110963556,232545.3638865832
Incidence,Global,Both,All ages,Other malignant neoplasms,Number,1992,264497.8395522048,311794.4735615189,233721.8711207528
Incidence,Global,Both,All ages,Other malignant neoplasms,Number,1993,268178.0828647435,311977.9248141645,238279.9115752466
Incidence,Global,Both,All ages,Other malignant neoplasms,Number,1994,271554.62100171536,312976.3749637823,242299.75697436364
Incidence,Global,Both,All ages,Other malignant neoplasms,Number,1995,277175.0541369936,319140.1941645901,248113.52741570832
Incidence,Global,Both,All ages,Other malignant neoplasms,Number,1996,280404.42219279165,319045.9086866116,250836.7630928459
Incidence,Global,Both,All ages,Other malignant neoplasms,Number,1997,281782.1429990931,317822.77915296576,251961.6158209846
Incidence,Global,Both,All ages,Other malignant neoplasms,Number,1998,282291.1992637897,320558.0018401085,250988.49442578197
Incidence,Global,Both,All ages,Other malignant neoplasms,Number,1999,283663.3469224084,322021.9766640599,254207.1377293015
Incidence,Global,Both,All ages,Other malignant neoplasms,Number,2000,279676.72541096155,316815.2033741524,246980.8543275097
Incidence,Global,Both,All ages,Other malignant neoplasms,Number,2001,278568.78140893945,316330.72815768584,245898.4764349644
Incidence,Global,Both,All ages,Other malignant neoplasms,Number,2002,277082.1869179016,315946.85862360545,243842.29893304085
Incidence,Global,Both,All ages,Other malignant neoplasms,Number,2003,274575.83103854075,313799.40032737784,241083.0790035273
Incidence,Global,Both,All ages,Other malignant neoplasms,Number,2004,275564.5916933516,314943.99056460016,242971.3118852944
Incidence,Global,Both,All ages,Other malignant neoplasms,Number,2005,282049.40863742743,321385.2598145448,247987.8494756025
Incidence,Global,Both,All ages,Other malignant neoplasms,Number,2006,288275.7899027085,329097.8428673488,254638.3978515408
Incidence,Global,Both,All ages,Other malignant neoplasms,Number,2007,298499.30353087565,341914.59071611887,264653.01930691313
Incidence,Global,Both,All ages,Other malignant neoplasms,Number,2008,310132.7567997683,355541.39757525246,273097.01693390857
Incidence,Global,Both,All ages,Other malignant neoplasms,Number,2009,320194.66309926216,365811.46733394,281588.9266637286
Incidence,Global,Both,All ages,Other malignant neoplasms,Number,2010,330874.13144091703,381776.5564071002,289978.9021138765
Incidence,Global,Both,All ages,Other malignant neoplasms,Number,2011,340300.0944225249,391407.7625265003,297882.5748914782
Incidence,Global,Both,All ages,Other malignant neoplasms,Number,2012,351030.9208285127,406865.1769796621,307463.6921737417
Incidence,Global,Both,All ages,Other malignant neoplasms,Number,2013,358427.6309937501,414606.1838881648,312241.63720907085
Incidence,Global,Both,All ages,Other malignant neoplasms,Number,2014,368742.7636856436,426799.2691292719,320104.11020532536
Incidence,Global,Both,All ages,Other malignant neoplasms,Number,2015,379443.416772664,438109.2574829663,330236.40684821096
Incidence,Global,Both,All ages,Other malignant neoplasms,Number,2016,390121.9448648392,452565.6277169771,340740.61270126817
Incidence,Global,Both,All ages,Other malignant neoplasms,Number,2017,401091.4684549847,467713.7923839564,345328.24296232354
Incidence,Global,Both,All ages,Other malignant neoplasms,Number,2018,410420.1686676189,479975.6916436488,353646.07945373096
Incidence,Global,Both,All ages,Other malignant neoplasms,Number,2019,420709.87284367805,490971.03791166015,362300.2955685874
Incidence,Global,Both,All ages,Other malignant neoplasms,Number,2020,433319.94684251817,501538.7304495952,371822.79805119534
Incidence,Global,Both,All ages,Other malignant neoplasms,Number,2021,447593.7596774339,519153.3438887748,382487.3702396431
Incidence,Global,Both,All ages,Other malignant neoplasms,Number,2022,460014.0268276739,541183.314870534,392776.702377004
Incidence,Global,Both,All ages,Other malignant neoplasms,Number,2023,460467.717402759,538744.5505530623,394003.26779441175
Incidence,Global,Both,All ages,Larynx cancer,Number,1990,127427.96016907442,147361.379849334,111972.2039106676
Incidence,Global,Both,All ages,Larynx cancer,Number,1991,130789.19533807042,150903.62480707068,113710.81455024214
Incidence,Global,Both,All ages,Larynx cancer,Number,1992,133126.47824989655,152723.25253865554,116432.19494376297
Incidence,Global,Both,All ages,Larynx cancer,Number,1993,136263.41757125637,156415.50408013302,120008.93523867035
Incidence,Global,Both,All ages,Larynx cancer,Number,1994,137338.09771005553,156749.08762778624,121358.37512138952
Incidence,Global,Both,All ages,Larynx cancer,Number,1995,139389.40499626886,159128.4476574237,123362.35605917255
Incidence,Global,Both,All ages,Larynx cancer,Number,1996,140971.32751087748,160940.1692305876,124897.88984102914
Incidence,Global,Both,All ages,Larynx cancer,Number,1997,142143.15610526004,162721.3753485989,125197.96901426752
Incidence,Global,Both,All ages,Larynx cancer,Number,1998,143285.3319093603,164180.89241390172,125734.11939172936
Incidence,Global,Both,All ages,Larynx cancer,Number,1999,144168.72722101686,163635.19324683116,126432.93320619065
Incidence,Global,Both,All ages,Larynx cancer,Number,2000,144900.4674094505,164707.37771607414,127727.4058390493
Incidence,Global,Both,All ages,Larynx cancer,Number,2001,145684.90434175712,165805.20546806822,127496.77736812296
Incidence,Global,Both,All ages,Larynx cancer,Number,2002,147449.11776485282,167191.28100028593,129415.8774181736
Incidence,Global,Both,All ages,Larynx cancer,Number,2003,148853.64562707927,168269.0983415172,130976.90628186584
Incidence,Global,Both,All ages,Larynx cancer,Number,2004,149211.8990861431,168909.15609014558,131649.80539927658
Incidence,Global,Both,All ages,Larynx cancer,Number,2005,152047.68961847812,172766.8297071776,134643.1763956495
Incidence,Global,Both,All ages,Larynx cancer,Number,2006,154851.82428393204,177006.3252087013,136356.78935710323
Incidence,Global,Both,All ages,Larynx cancer,Number,2007,158509.14427515012,182666.49871895567,140312.1448193795
Incidence,Global,Both,All ages,Larynx cancer,Number,2008,162011.68725707306,186858.74628200347,143918.64809896855
Incidence,Global,Both,All ages,Larynx cancer,Number,2009,164138.60027476304,190363.56293295044,145518.76865050383
Incidence,Global,Both,All ages,Larynx cancer,Number,2010,167200.8425304724,196173.0322000688,148193.35470074718
Incidence,Global,Both,All ages,Larynx cancer,Number,2011,170623.62584957157,200023.476697824,149850.10565137156
Incidence,Global,Both,All ages,Larynx cancer,Number,2012,174016.6192784222,204268.68027710635,151525.9202147443
Incidence,Global,Both,All ages,Larynx cancer,Number,2013,175961.70491772017,207279.0580339656,151874.04474605617
Incidence,Global,Both,All ages,Larynx cancer,Number,2014,178667.87493616383,209667.1456215715,152459.8026212936
Incidence,Global,Both,All ages,Larynx cancer,Number,2015,183423.75508194344,214846.5866373512,155603.083336633
Incidence,Global,Both,All ages,Larynx cancer,Number,2016,190199.2368939736,223039.77025296373,159278.5700200453
Incidence,Global,Both,All ages,Larynx cancer,Number,2017,195846.61475218416,232387.4980077202,165295.8180201372
Incidence,Global,Both,All ages,Larynx cancer,Number,2018,198907.05738389332,236819.9111673642,168820.94021228165
Incidence,Global,Both,All ages,Larynx cancer,Number,2019,202023.5279416049,242664.04631677383,171964.01009623683
Incidence,Global,Both,All ages,Larynx cancer,Number,2020,208439.9265862554,253665.44099748624,176178.75847159867
Incidence,Global,Both,All ages,Larynx cancer,Number,2021,224331.21921868704,272014.0583839867,188035.29975395004
Incidence,Global,Both,All ages,Larynx cancer,Number,2022,230687.2782883272,279014.19813699106,192639.37850263872
Incidence,Global,Both,All ages,Larynx cancer,Number,2023,236543.18805942597,286600.6697555438,198473.88110696705
Incidence,Global,Both,All ages,Cervical cancer,Number,1990,462623.1123898619,584984.4618451464,364494.9890684388
Incidence,Global,Both,All ages,Cervical cancer,Number,1991,469745.3275025537,594215.4956442487,370493.5412148403
Incidence,Global,Both,All ages,Cervical cancer,Number,1992,473620.1326518383,589745.8171587219,380810.03129395685
Incidence,Global,Both,All ages,Cervical cancer,Number,1993,477137.9311826101,588956.0708036858,381741.159296806
Incidence,Global,Both,All ages,Cervical cancer,Number,1994,479424.7460622175,591361.6175819163,386489.8619286725
Incidence,Global,Both,All ages,Cervical cancer,Number,1995,483711.214778264,592446.374633224,390194.5596308319
Incidence,Global,Both,All ages,Cervical cancer,Number,1996,490939.2580805428,600949.1996812748,395361.3193449931
Incidence,Global,Both,All ages,Cervical cancer,Number,1997,497192.5174864605,608455.7922839421,398560.636151319
Incidence,Global,Both,All ages,Cervical cancer,Number,1998,504676.00000855,618433.1945485813,403850.3090384038
Incidence,Global,Both,All ages,Cervical cancer,Number,1999,513213.7487528524,634201.3838238465,413344.8609293512
Incidence,Global,Both,All ages,Cervical cancer,Number,2000,518582.84580347646,655938.3291798056,416126.7428818527
Incidence,Global,Both,All ages,Cervical cancer,Number,2001,525320.7473667818,676666.3475995106,424453.9618565855
Incidence,Global,Both,All ages,Cervical cancer,Number,2002,530341.3216308506,689783.5377638806,424342.3371301275
Incidence,Global,Both,All ages,Cervical cancer,Number,2003,536853.4757695138,698970.375777168,431025.1927776601
Incidence,Global,Both,All ages,Cervical cancer,Number,2004,542057.2764457386,708443.7362211806,431082.8234148981
Incidence,Global,Both,All ages,Cervical cancer,Number,2005,548226.395370271,709881.4063126171,437105.7614517681
Incidence,Global,Both,All ages,Cervical cancer,Number,2006,557312.2662167065,721388.942671307,443819.5330451469
Incidence,Global,Both,All ages,Cervical cancer,Number,2007,571139.9617850678,729760.4829678703,456435.4585636991
Incidence,Global,Both,All ages,Cervical cancer,Number,2008,581986.0276381315,743278.5225086188,459986.2751535213
Incidence,Global,Both,All ages,Cervical cancer,Number,2009,591940.0818950317,767359.9560067263,473434.11886756687
Incidence,Global,Both,All ages,Cervical cancer,Number,2010,604864.3819348891,783244.235776822,488546.3983338067
Incidence,Global,Both,All ages,Cervical cancer,Number,2011,615038.4134303251,787775.1300704252,501706.8530383012
Incidence,Global,Both,All ages,Cervical cancer,Number,2012,627987.3392037282,798382.5999637548,503862.73516878224
Incidence,Global,Both,All ages,Cervical cancer,Number,2013,643312.3189738991,842898.9478498732,517751.6079947987
Incidence,Global,Both,All ages,Cervical cancer,Number,2014,665023.2648369533,865055.3830795336,536628.4966774234
Incidence,Global,Both,All ages,Cervical cancer,Number,2015,688150.7052708113,908470.656452762,554915.5241374867
Incidence,Global,Both,All ages,Cervical cancer,Number,2016,708407.1931809664,940670.3461956724,570616.1878702531
Incidence,Global,Both,All ages,Cervical cancer,Number,2017,724933.0643289951,966084.06147095,580288.7967129516
Incidence,Global,Both,All ages,Cervical cancer,Number,2018,735111.3087856334,973939.0843528071,587730.1488225529
Incidence,Global,Both,All ages,Cervical cancer,Number,2019,747403.5802414593,987613.3420070868,594335.5904155659
Incidence,Global,Both,All ages,Cervical cancer,Number,2020,758705.8360902809,991726.4179438596,592468.4332653725
Incidence,Global,Both,All ages,Cervical cancer,Number,2021,808395.2001459755,1067082.9036863192,627453.9794003577
Incidence,Global,Both,All ages,Cervical cancer,Number,2022,852339.205638094,1133546.6623909613,659177.4746407247
Incidence,Global,Both,All ages,Cervical cancer,Number,2023,886537.9508383273,1173087.601373749,682464.8046846208
Incidence,Global,Both,All ages,Colon and rectum cancer,Number,1990,943372.1954258702,1032901.1670153172,865253.2793538383
Incidence,Global,Both,All ages,Colon and rectum cancer,Number,1991,975706.9542052737,1059427.337636054,896330.0809611032
Incidence,Global,Both,All ages,Colon and rectum cancer,Number,1992,1005717.253445187,1092379.042471813,927300.1009111844
Incidence,Global,Both,All ages,Colon and rectum cancer,Number,1993,1042317.2525325835,1140169.0265219994,954999.4983227412
Incidence,Global,Both,All ages,Colon and rectum cancer,Number,1994,1067048.6571744035,1165957.3672635823,971239.564371208
Incidence,Global,Both,All ages,Colon and rectum cancer,Number,1995,1100152.9395539728,1195945.7190783434,1010038.006863188
Incidence,Global,Both,All ages,Colon and rectum cancer,Number,1996,1131181.5377042713,1226764.10070541,1043716.129314279
Incidence,Global,Both,All ages,Colon and rectum cancer,Number,1997,1158740.911175436,1258540.5927359057,1077232.7007297687
Incidence,Global,Both,All ages,Colon and rectum cancer,Number,1998,1193682.5545207155,1296255.8377077444,1111129.9922065465
Incidence,Global,Both,All ages,Colon and rectum cancer,Number,1999,1233187.9379126213,1346216.079455886,1151908.0277809268
Incidence,Global,Both,All ages,Colon and rectum cancer,Number,2000,1258355.2816716337,1378024.173498141,1168922.426707734
Incidence,Global,Both,All ages,Colon and rectum cancer,Number,2001,1284641.64782244,1398891.1934495743,1189471.2417558
Incidence,Global,Both,All ages,Colon and rectum cancer,Number,2002,1315303.0702681134,1430155.1160884104,1222463.1362030758
Incidence,Global,Both,All ages,Colon and rectum cancer,Number,2003,1348263.2933015423,1458377.970151497,1255897.9628843383
Incidence,Global,Both,All ages,Colon and rectum cancer,Number,2004,1367594.8543140064,1478804.166691688,1273499.1118690711
Incidence,Global,Both,All ages,Colon and rectum cancer,Number,2005,1414131.165008531,1538506.1315901715,1310940.5292505492
Incidence,Global,Both,All ages,Colon and rectum cancer,Number,2006,1454248.599223541,1577615.0816691243,1349018.2839844243
Incidence,Global,Both,All ages,Colon and rectum cancer,Number,2007,1506873.901692264,1643438.7882273465,1393773.602998662
Incidence,Global,Both,All ages,Colon and rectum cancer,Number,2008,1553906.8446294614,1683628.4545861976,1435273.3040994748
Incidence,Global,Both,All ages,Colon and rectum cancer,Number,2009,1577260.588096976,1723085.2800324578,1452492.6274192273
Incidence,Global,Both,All ages,Colon and rectum cancer,Number,2010,1620582.4662541926,1765028.151186127,1489577.3472329671
Incidence,Global,Both,All ages,Colon and rectum cancer,Number,2011,1651026.540605637,1796838.7489584428,1512922.1500796203
Incidence,Global,Both,All ages,Colon and rectum cancer,Number,2012,1693790.6278126135,1857515.9733292807,1546438.4572274983
Incidence,Global,Both,All ages,Colon and rectum cancer,Number,2013,1721209.733402948,1883495.7203920907,1562278.4824568313
Incidence,Global,Both,All ages,Colon and rectum cancer,Number,2014,1754944.399902406,1926202.033189016,1585176.0697795784
Incidence,Global,Both,All ages,Colon and rectum cancer,Number,2015,1817844.4795077248,2014586.9042777675,1636695.407796942
Incidence,Global,Both,All ages,Colon and rectum cancer,Number,2016,1871934.7900196773,2075105.126510508,1686385.7590231737
Incidence,Global,Both,All ages,Colon and rectum cancer,Number,2017,1928772.347071872,2124935.559134651,1721507.2698618085
Incidence,Global,Both,All ages,Colon and rectum cancer,Number,2018,1960579.5126772504,2150911.452769396,1758068.3223667622
Incidence,Global,Both,All ages,Colon and rectum cancer,Number,2019,1985582.711381589,2185092.254391774,1764228.3826153236
Incidence,Global,Both,All ages,Colon and rectum cancer,Number,2020,2029224.2025088165,2233115.725800038,1819679.5118804208
Incidence,Global,Both,All ages,Colon and rectum cancer,Number,2021,2137312.480646652,2377073.3730215617,1900926.203596132
Incidence,Global,Both,All ages,Colon and rectum cancer,Number,2022,2260025.754337932,2518400.926590776,1966425.477478824
Incidence,Global,Both,All ages,Colon and rectum cancer,Number,2023,2311352.5563574075,2575374.64322674,2028121.2592457817
Incidence,Global,Both,All ages,Nasopharynx cancer,Number,1990,89352.83595653067,108098.6092514626,73917.75415228929
Incidence,Global,Both,All ages,Nasopharynx cancer,Number,1991,92760.58340089352,113111.445708339,76562.66332613296
Incidence,Global,Both,All ages,Nasopharynx cancer,Number,1992,94366.5319232144,115306.20260569088,78250.10186577997
Incidence,Global,Both,All ages,Nasopharynx cancer,Number,1993,96006.34094509344,116622.53721451266,78763.63148309225
Incidence,Global,Both,All ages,Nasopharynx cancer,Number,1994,97060.16875418602,119265.97502237106,79744.25123425499
Incidence,Global,Both,All ages,Nasopharynx cancer,Number,1995,98457.43650452537,121621.60180762789,81561.3089140273
Incidence,Global,Both,All ages,Nasopharynx cancer,Number,1996,100021.64967041538,125682.1320723428,83215.94414878954
Incidence,Global,Both,All ages,Nasopharynx cancer,Number,1997,101402.51185694696,127769.50642332298,84156.20419891129
Incidence,Global,Both,All ages,Nasopharynx cancer,Number,1998,102798.08282139964,131051.6748857482,85493.08319841143
Incidence,Global,Both,All ages,Nasopharynx cancer,Number,1999,103237.53022444184,127863.98055689388,85384.33241404686
Incidence,Global,Both,All ages,Nasopharynx cancer,Number,2000,102659.2776715194,125227.53131703468,84815.98506655078
Incidence,Global,Both,All ages,Nasopharynx cancer,Number,2001,101649.02013551768,122768.15686019574,84224.24991074191
Incidence,Global,Both,All ages,Nasopharynx cancer,Number,2002,100288.0099105567,120162.17509787914,83884.32053024095
Incidence,Global,Both,All ages,Nasopharynx cancer,Number,2003,98402.56781436584,118541.7281189799,81749.96333566752
Incidence,Global,Both,All ages,Nasopharynx cancer,Number,2004,97316.3366840356,118581.74789180428,81684.04819437297
Incidence,Global,Both,All ages,Nasopharynx cancer,Number,2005,98971.13521604124,120681.66885083375,83327.42595587675
Incidence,Global,Both,All ages,Nasopharynx cancer,Number,2006,101618.31621787406,123660.93528986925,85498.83417566458
Incidence,Global,Both,All ages,Nasopharynx cancer,Number,2007,105338.62329869012,126966.48089316484,88029.85975917905
Incidence,Global,Both,All ages,Nasopharynx cancer,Number,2008,107026.94914115829,129410.82450251067,89137.2516811108
Incidence,Global,Both,All ages,Nasopharynx cancer,Number,2009,108048.91858937468,130790.45791927274,89430.10488109365
Incidence,Global,Both,All ages,Nasopharynx cancer,Number,2010,109916.78110256752,134429.4942711467,91473.36145378627
Incidence,Global,Both,All ages,Nasopharynx cancer,Number,2011,111355.21898188978,138422.5520806127,90888.72380105584
Incidence,Global,Both,All ages,Nasopharynx cancer,Number,2012,113702.63981125076,141284.249598846,93758.05034682708
Incidence,Global,Both,All ages,Nasopharynx cancer,Number,2013,116132.81900411668,143381.15254772877,96447.4223721152
Incidence,Global,Both,All ages,Nasopharynx cancer,Number,2014,119346.42826307724,145855.84020201946,98844.62679224645
Incidence,Global,Both,All ages,Nasopharynx cancer,Number,2015,124104.47470611767,149868.11323729128,103317.16411649338
Incidence,Global,Both,All ages,Nasopharynx cancer,Number,2016,129773.3903056847,157671.09724134597,107975.2076621171
Incidence,Global,Both,All ages,Nasopharynx cancer,Number,2017,135339.06722391237,163827.2825962159,111076.7378756746
Incidence,Global,Both,All ages,Nasopharynx cancer,Number,2018,138121.3308710547,165879.8966942552,113846.79586003706
Incidence,Global,Both,All ages,Nasopharynx cancer,Number,2019,139730.84820409917,171296.30497394034,114593.66233769136
Incidence,Global,Both,All ages,Nasopharynx cancer,Number,2020,143055.13991266373,177007.75237226917,115604.04070511852
Incidence,Global,Both,All ages,Nasopharynx cancer,Number,2021,155881.1138596966,196232.6037761971,122184.91146156058
Incidence,Global,Both,All ages,Nasopharynx cancer,Number,2022,166604.1273921172,214801.14890808295,129001.68501555784
Incidence,Global,Both,All ages,Nasopharynx cancer,Number,2023,169209.4757118068,221493.71816121836,130837.7665455224
Incidence,Global,Both,All ages,Non-melanoma skin cancer,Number,1990,2572689.5014860523,2952303.2569564083,2166290.2888185657
Incidence,Global,Both,All ages,Non-melanoma skin cancer,Number,1991,2320789.422179317,2655762.181579631,1977130.3557394927
Incidence,Global,Both,All ages,Non-melanoma skin cancer,Number,1992,2086666.680862461,2384622.2578432816,1787690.1720915523
Incidence,Global,Both,All ages,Non-melanoma skin cancer,Number,1993,1896756.5995049316,2150893.9092340088,1629107.2614268083
Incidence,Global,Both,All ages,Non-melanoma skin cancer,Number,1994,1770277.916098406,2002040.308100176,1527106.136631878
Incidence,Global,Both,All ages,Non-melanoma skin cancer,Number,1995,1741809.3568976226,1967132.934915208,1507835.589437527
Incidence,Global,Both,All ages,Non-melanoma skin cancer,Number,1996,1779317.160637946,2004264.06092326,1546997.0084480566
Incidence,Global,Both,All ages,Non-melanoma skin cancer,Number,1997,1832103.4473433984,2058315.0600908005,1601099.3017736918
Incidence,Global,Both,All ages,Non-melanoma skin cancer,Number,1998,1891222.5849969988,2119199.746391779,1661169.70103063
Incidence,Global,Both,All ages,Non-melanoma skin cancer,Number,1999,1948080.397422436,2178937.727604298,1719182.7648949455
Incidence,Global,Both,All ages,Non-melanoma skin cancer,Number,2000,1992401.063415228,2229696.6251920657,1764828.5424531042
Incidence,Global,Both,All ages,Non-melanoma skin cancer,Number,2001,1977845.617459441,2207366.901578781,1753436.575077373
Incidence,Global,Both,All ages,Non-melanoma skin cancer,Number,2002,1897506.665836296,2110604.033589408,1686322.3701274456
Incidence,Global,Both,All ages,Non-melanoma skin cancer,Number,2003,1789688.971143037,1985321.988075343,1594033.750315689
Incidence,Global,Both,All ages,Non-melanoma skin cancer,Number,2004,1701503.933074696,1886286.3388955663,1516813.738287691
Incidence,Global,Both,All ages,Non-melanoma skin cancer,Number,2005,1693442.7553118842,1876323.597056504,1508999.4762467742
Incidence,Global,Both,All ages,Non-melanoma skin cancer,Number,2006,1996802.051628773,2216007.9529837207,1775066.7896891346
Incidence,Global,Both,All ages,Non-melanoma skin cancer,Number,2007,2686678.307789196,2977591.6389989746,2390798.378257036
Incidence,Global,Both,All ages,Non-melanoma skin cancer,Number,2008,3555711.4895125614,3921480.4429684086,3169370.255223469
Incidence,Global,Both,All ages,Non-melanoma skin cancer,Number,2009,4360317.741632086,4783007.041002372,3895287.12020461
Incidence,Global,Both,All ages,Non-melanoma skin cancer,Number,2010,4874222.398964459,5307835.950598377,4362235.710189054
Incidence,Global,Both,All ages,Non-melanoma skin cancer,Number,2011,5148003.891928299,5576944.374422615,4634811.786356929
Incidence,Global,Both,All ages,Non-melanoma skin cancer,Number,2012,5439800.279312374,5873939.212206038,4912899.661802249
Incidence,Global,Both,All ages,Non-melanoma skin cancer,Number,2013,5732113.77295829,6179105.591304093,5192765.02809303
Incidence,Global,Both,All ages,Non-melanoma skin cancer,Number,2014,6006665.120845226,6470574.564981575,5455832.849578317
Incidence,Global,Both,All ages,Non-melanoma skin cancer,Number,2015,6264264.585522532,6746619.557887217,5704909.180750761
Incidence,Global,Both,All ages,Non-melanoma skin cancer,Number,2016,6449533.42517943,6937943.717513711,5868080.157218281
Incidence,Global,Both,All ages,Non-melanoma skin cancer,Number,2017,6600348.494090248,7092789.321222143,6004345.418920886
Incidence,Global,Both,All ages,Non-melanoma skin cancer,Number,2018,6711128.9703304805,7210892.460434394,6098956.964283698
Incidence,Global,Both,All ages,Non-melanoma skin cancer,Number,2019,6817832.705993792,7340042.481299519,6190398.209740486
Incidence,Global,Both,All ages,Non-melanoma skin cancer,Number,2020,6952894.01837015,7511137.867681593,6298779.101385187
Incidence,Global,Both,All ages,Non-melanoma skin cancer,Number,2021,6962141.426243235,7637381.467819473,6206943.398551023
Incidence,Global,Both,All ages,Non-melanoma skin cancer,Number,2022,6965922.456084081,7761944.388249619,6143376.112645787
Incidence,Global,Both,All ages,Non-melanoma skin cancer,Number,2023,7166304.9784187,8048147.819395071,6234412.066974236
Incidence,Global,Both,All ages,Kidney cancer,Number,1990,170280.36706462354,191017.79088894784,151273.29107624956
Incidence,Global,Both,All ages,Kidney cancer,Number,1991,176181.6751527539,196966.43644078023,157017.0843278742
Incidence,Global,Both,All ages,Kidney cancer,Number,1992,181930.6815421147,201866.4485056048,160169.2777830359
Incidence,Global,Both,All ages,Kidney cancer,Number,1993,188646.31290421655,210257.3516612753,164867.55530298967
Incidence,Global,Both,All ages,Kidney cancer,Number,1994,195117.4345412613,218242.53122185316,170743.5419495749
Incidence,Global,Both,All ages,Kidney cancer,Number,1995,201570.3052307747,226890.89590208055,177038.5631327083
Incidence,Global,Both,All ages,Kidney cancer,Number,1996,206717.41461059108,231923.79243910895,180769.85782635424
Incidence,Global,Both,All ages,Kidney cancer,Number,1997,211870.86491431543,237691.7409955692,185609.6809108177
Incidence,Global,Both,All ages,Kidney cancer,Number,1998,218299.96483225483,244069.68395955837,192905.9699617144
Incidence,Global,Both,All ages,Kidney cancer,Number,1999,224208.2982453072,251815.40366620428,197649.53165430904
Incidence,Global,Both,All ages,Kidney cancer,Number,2000,231887.49748709612,258804.1632950469,203094.40907739813
Incidence,Global,Both,All ages,Kidney cancer,Number,2001,239781.77669941584,267709.3601894115,210459.30177084063
Incidence,Global,Both,All ages,Kidney cancer,Number,2002,247923.59397241668,279381.00395370595,219874.94430899207
Incidence,Global,Both,All ages,Kidney cancer,Number,2003,257286.0372831716,290366.4619057411,228662.56046716997
Incidence,Global,Both,All ages,Kidney cancer,Number,2004,264466.84218571265,299060.2022629051,235526.0252257156
Incidence,Global,Both,All ages,Kidney cancer,Number,2005,275338.1044304536,312184.2212149824,244935.9155400081
Incidence,Global,Both,All ages,Kidney cancer,Number,2006,281481.2136838337,318428.3896402807,250698.67494009997
Incidence,Global,Both,All ages,Kidney cancer,Number,2007,289686.90278480784,326794.1114030328,258925.5695891908
Incidence,Global,Both,All ages,Kidney cancer,Number,2008,300045.9079245064,336451.44069658074,268101.7716303507
Incidence,Global,Both,All ages,Kidney cancer,Number,2009,307863.67717785225,348863.95258459,275335.6777488973
Incidence,Global,Both,All ages,Kidney cancer,Number,2010,317202.89320264023,360213.83807963866,282961.5141490176
Incidence,Global,Both,All ages,Kidney cancer,Number,2011,324148.58092108136,366332.0007257444,287852.43494458275
Incidence,Global,Both,All ages,Kidney cancer,Number,2012,331004.6164020835,374469.1831288844,291988.25923461607
Incidence,Global,Both,All ages,Kidney cancer,Number,2013,337277.05751707044,382667.12947997375,297847.8445666068
Incidence,Global,Both,All ages,Kidney cancer,Number,2014,342889.56313641125,389244.0774086876,301438.07241254905
Incidence,Global,Both,All ages,Kidney cancer,Number,2015,351226.3319606376,397677.2372819151,306729.748459114
Incidence,Global,Both,All ages,Kidney cancer,Number,2016,357350.6363758555,406580.8149119516,311766.435876379
Incidence,Global,Both,All ages,Kidney cancer,Number,2017,361530.7885094398,412776.1044700338,314863.7424903095
Incidence,Global,Both,All ages,Kidney cancer,Number,2018,366580.1851255241,419579.4963148461,320736.9280383676
Incidence,Global,Both,All ages,Kidney cancer,Number,2019,372370.7368473961,427549.32532569,325145.2621390181
Incidence,Global,Both,All ages,Kidney cancer,Number,2020,378837.7791590552,436855.413719879,330945.8733865282
Incidence,Global,Both,All ages,Kidney cancer,Number,2021,386440.3399382363,450324.242632373,337044.8001578028
Incidence,Global,Both,All ages,Kidney cancer,Number,2022,396784.8658042764,460080.0737140699,343125.0464778956
Incidence,Global,Both,All ages,Kidney cancer,Number,2023,400948.3962295718,465511.4243045284,347289.8147788431
Incidence,Global,Both,All ages,Hodgkin lymphoma,Number,1990,59478.42842950887,68553.32895536673,49085.66190610587
Incidence,Global,Both,All ages,Hodgkin lymphoma,Number,1991,60412.38925332981,69656.01912863593,49870.27371572169
Incidence,Global,Both,All ages,Hodgkin lymphoma,Number,1992,61094.77186745913,71005.32382526208,50392.6610829752
Incidence,Global,Both,All ages,Hodgkin lymphoma,Number,1993,61068.491788282,70457.81986042163,50403.73416148809
Incidence,Global,Both,All ages,Hodgkin lymphoma,Number,1994,60592.611553283605,70884.73751248949,49976.38620465972
Incidence,Global,Both,All ages,Hodgkin lymphoma,Number,1995,61599.12899200927,71855.93586698403,50763.90616610284
Incidence,Global,Both,All ages,Hodgkin lymphoma,Number,1996,62409.87282897866,72949.77421169184,51647.116838923794
Incidence,Global,Both,All ages,Hodgkin lymphoma,Number,1997,62708.448403867296,74268.44072295545,51997.40972577334
Incidence,Global,Both,All ages,Hodgkin lymphoma,Number,1998,62453.058898981806,73697.74602764455,51526.87913079596
Incidence,Global,Both,All ages,Hodgkin lymphoma,Number,1999,63270.30994342428,75365.35807968516,52718.8329337123
Incidence,Global,Both,All ages,Hodgkin lymphoma,Number,2000,63353.706006114975,75435.0119638837,53183.15174268728
Incidence,Global,Both,All ages,Hodgkin lymphoma,Number,2001,63468.833660382006,75360.85437582133,53525.248953829614
Incidence,Global,Both,All ages,Hodgkin lymphoma,Number,2002,63992.40243947328,75510.90887967897,53641.71929785082
Incidence,Global,Both,All ages,Hodgkin lymphoma,Number,2003,64512.76742628992,75750.3163553322,54652.90416967895
Incidence,Global,Both,All ages,Hodgkin lymphoma,Number,2004,64929.70742489376,77076.25316219118,55723.96114140063
Incidence,Global,Both,All ages,Hodgkin lymphoma,Number,2005,65428.69581758795,76885.20879494313,55769.86994051155
Incidence,Global,Both,All ages,Hodgkin lymphoma,Number,2006,66333.23993161989,77879.39177342376,57194.44800409445
Incidence,Global,Both,All ages,Hodgkin lymphoma,Number,2007,66864.29421640893,78530.09135450309,57393.79374942349
Incidence,Global,Both,All ages,Hodgkin lymphoma,Number,2008,67513.53561671397,79693.95277091907,57846.816993165165
Incidence,Global,Both,All ages,Hodgkin lymphoma,Number,2009,67985.879686876,80441.38488018206,58286.70177004992
Incidence,Global,Both,All ages,Hodgkin lymphoma,Number,2010,68197.70106120268,80783.9185183695,58000.09520238431
Incidence,Global,Both,All ages,Hodgkin lymphoma,Number,2011,68034.45590750796,80804.20770215793,58155.94516414696
Incidence,Global,Both,All ages,Hodgkin lymphoma,Number,2012,68302.94001173036,80686.21206506705,58018.507560695216
Incidence,Global,Both,All ages,Hodgkin lymphoma,Number,2013,67716.66016342596,80326.67703827014,57167.34653002035
Incidence,Global,Both,All ages,Hodgkin lymphoma,Number,2014,67894.77177177594,79941.98974602348,56939.28529990056
Incidence,Global,Both,All ages,Hodgkin lymphoma,Number,2015,67416.70526946551,79800.29383490678,56538.65301746959
Incidence,Global,Both,All ages,Hodgkin lymphoma,Number,2016,66740.68585685911,79334.63419244096,56000.36575972511
Incidence,Global,Both,All ages,Hodgkin lymphoma,Number,2017,66702.04304750997,80006.69370097065,55975.04211612044
Incidence,Global,Both,All ages,Hodgkin lymphoma,Number,2018,66630.83001160872,79915.41421355895,55561.98063131644
Incidence,Global,Both,All ages,Hodgkin lymphoma,Number,2019,66451.92759285927,80038.50329971513,55318.30689926327
Incidence,Global,Both,All ages,Hodgkin lymphoma,Number,2020,67554.82063529089,81634.60932079607,55939.476573193824
Incidence,Global,Both,All ages,Hodgkin lymphoma,Number,2021,69282.91669900881,84695.13788090622,56669.78971225077
Incidence,Global,Both,All ages,Hodgkin lymphoma,Number,2022,69767.94401725689,86034.24599223114,56725.69552523247
Incidence,Global,Both,All ages,Hodgkin lymphoma,Number,2023,69837.9370417019,86946.908856493,56655.49660900053
Incidence,Global,Both,All ages,Multiple myeloma,Number,1990,60974.74254998337,76071.06413560273,51278.28174127276
Incidence,Global,Both,All ages,Multiple myeloma,Number,1991,63044.187760798326,79405.53628561563,52971.46094315219
Incidence,Global,Both,All ages,Multiple myeloma,Number,1992,64940.78659398018,81471.08071267602,54334.5772497371
Incidence,Global,Both,All ages,Multiple myeloma,Number,1993,68496.02950227958,85296.44643392474,57285.253576595
Incidence,Global,Both,All ages,Multiple myeloma,Number,1994,71383.82100333789,89661.51218215202,59522.9458440781
Incidence,Global,Both,All ages,Multiple myeloma,Number,1995,74979.5441589016,93529.5568223183,63162.40688501343
Incidence,Global,Both,All ages,Multiple myeloma,Number,1996,77867.1688711791,99326.60516555066,65711.77017423208
Incidence,Global,Both,All ages,Multiple myeloma,Number,1997,80815.18803133206,102659.14966083349,67633.56612146273
Incidence,Global,Both,All ages,Multiple myeloma,Number,1998,84792.29938703393,107418.37599447808,71463.61077644012
Incidence,Global,Both,All ages,Multiple myeloma,Number,1999,88365.63233287072,109748.99222830722,74901.27205419402
Incidence,Global,Both,All ages,Multiple myeloma,Number,2000,90894.7520165312,112832.36315813565,76922.84782690095
Incidence,Global,Both,All ages,Multiple myeloma,Number,2001,93262.08919951894,115715.422100641,78783.75275706183
Incidence,Global,Both,All ages,Multiple myeloma,Number,2002,96538.8388880332,121811.28364183936,82106.45805777267
Incidence,Global,Both,All ages,Multiple myeloma,Number,2003,99580.07483382696,126678.02470990283,83972.8050249235
Incidence,Global,Both,All ages,Multiple myeloma,Number,2004,100596.51254280092,127124.96387031816,85533.92222182307
Incidence,Global,Both,All ages,Multiple myeloma,Number,2005,104133.68133145214,129975.98194391308,88692.24927745177
Incidence,Global,Both,All ages,Multiple myeloma,Number,2006,106663.4968420605,133166.7250772641,90647.82808336182
Incidence,Global,Both,All ages,Multiple myeloma,Number,2007,110688.5019171566,137323.53764087404,93592.29203499018
Incidence,Global,Both,All ages,Multiple myeloma,Number,2008,114408.25526387471,140538.3397850623,97316.52764910331
Incidence,Global,Both,All ages,Multiple myeloma,Number,2009,116501.95462197048,142238.4126893319,98013.36308980628
Incidence,Global,Both,All ages,Multiple myeloma,Number,2010,120861.83589946876,149146.14806896966,102532.51534710378
Incidence,Global,Both,All ages,Multiple myeloma,Number,2011,124288.25531480472,155174.18650335277,105473.9692937966
Incidence,Global,Both,All ages,Multiple myeloma,Number,2012,128371.13347674564,159466.62113504595,108737.82081777453
Incidence,Global,Both,All ages,Multiple myeloma,Number,2013,131831.3442398177,164168.6128329768,112247.35706835672
Incidence,Global,Both,All ages,Multiple myeloma,Number,2014,135700.05477521045,167267.68127521433,114859.68702245066
Incidence,Global,Both,All ages,Multiple myeloma,Number,2015,141962.69937040165,173983.61282799582,121533.98312658352
Incidence,Global,Both,All ages,Multiple myeloma,Number,2016,146061.97595820436,181712.38721474772,124389.1479846168
Incidence,Global,Both,All ages,Multiple myeloma,Number,2017,150778.55524654017,187548.68611270352,127404.75894717644
Incidence,Global,Both,All ages,Multiple myeloma,Number,2018,153865.35017224596,190353.60738274545,130039.18916074876
Incidence,Global,Both,All ages,Multiple myeloma,Number,2019,156769.95954732015,191343.8720603301,131343.52405842114
Incidence,Global,Both,All ages,Multiple myeloma,Number,2020,159984.005633795,194378.9809416847,135076.7496802353
Incidence,Global,Both,All ages,Multiple myeloma,Number,2021,165077.13415676448,201699.2851122668,138838.21849996896
Incidence,Global,Both,All ages,Multiple myeloma,Number,2022,172141.36632045155,213902.8724006311,140247.0118227458
Incidence,Global,Both,All ages,Multiple myeloma,Number,2023,177776.28241906565,223397.0350098655,141788.6369160264
